sourceRow,A,A_state,B,B_state,C,C_state,D,D_state,E,E_state,F,F_state,G,G_state,H,H_state,I,I_state,J,J_state,K,K_state,L,L_state,M,M_state,N,N_state,O,O_state,P,P_state,Q,Q_state,R,R_state,S,S_state,T,T_state,U,U_state,V,V_state,W,W_state,X,X_state,Y,Y_state,Z,Z_state,AA,AA_state,AB,AB_state,AC,AC_state,AD,AD_state,AE,AE_state,AF,AF_state,AG,AG_state,AH,AH_state,AI,AI_state,AJ,AJ_state,AK,AK_state,AL,AL_state,AM,AM_state,AN,AN_state,AO,AO_state,AP,AP_state,AQ,AQ_state,AR,AR_state,AS,AS_state,AT,AT_state,AU,AU_state,AV,AV_state,AW,AW_state,AX,AX_state,AY,AY_state,AZ,AZ_state,BA,BA_state,BB,BB_state,BC,BC_state,BD,BD_state,BE,BE_state,BF,BF_state,BG,BG_state,BH,BH_state,BI,BI_state,BJ,BJ_state,BK,BK_state,BL,BL_state,BM,BM_state,BN,BN_state,BO,BO_state,BP,BP_state,BQ,BQ_state,BR,BR_state,BS,BS_state,BT,BT_state,BU,BU_state,BV,BV_state,BW,BW_state,BX,BX_state,BY,BY_state,BZ,BZ_state,CA,CA_state,CB,CB_state,CC,CC_state,CD,CD_state,CE,CE_state,CF,CF_state,CG,CG_state,CH,CH_state,CI,CI_state,CJ,CJ_state,CK,CK_state,CL,CL_state,CM,CM_state,CN,CN_state,CO,CO_state,CP,CP_state,CQ,CQ_state,CR,CR_state,CS,CS_state,CT,CT_state,CU,CU_state,CV,CV_state,CW,CW_state,CX,CX_state,CY,CY_state,CZ,CZ_state,DA,DA_state,DB,DB_state,DC,DC_state,DD,DD_state,DE,DE_state,DF,DF_state,DG,DG_state,DH,DH_state,DI,DI_state,DJ,DJ_state,DK,DK_state,DL,DL_state,DM,DM_state,DN,DN_state,DO,DO_state,DP,DP_state,DQ,DQ_state,DR,DR_state,DS,DS_state,DT,DT_state,DU,DU_state,DV,DV_state,DW,DW_state,DX,DX_state,DY,DY_state,DZ,DZ_state,EA,EA_state,EB,EB_state,EC,EC_state,ED,ED_state,EE,EE_state,EF,EF_state,EG,EG_state,EH,EH_state,EI,EI_state,EJ,EJ_state,EK,EK_state,EL,EL_state,EM,EM_state,EN,EN_state,EO,EO_state,EP,EP_state,EQ,EQ_state,ER,ER_state,ES,ES_state,ET,ET_state,EU,EU_state,EV,EV_state,EW,EW_state,EX,EX_state,EY,EY_state,EZ,EZ_state,FA,FA_state,FB,FB_state,FC,FC_state
1,,"BELGIUM, Value Added at Market Prices in Current Prices",,blank,,blank,,blank,,blank,,blank,,blank,,blank,,blank,,blank,,blank,,blank,,blank,,blank,,blank,,blank,,blank,,blank,,blank,,blank,,blank,,blank,,blank,,blank,,blank,,blank,,blank,,blank,,blank,,blank,,blank,,blank,,blank,,blank,,blank,,blank,,blank,,blank,,blank,,blank,,blank,,blank,,blank,,blank,,blank,,blank,,blank,,blank,,blank,,blank,,blank,,blank,,blank,,blank,,blank,,blank,,blank,,blank,,blank,,blank,,blank,,blank,,blank,,blank,,blank,,blank,,blank,,blank,,blank,,blank,,blank,,blank,,blank,,blank,,blank,,blank,,blank,,blank,,blank,,blank,,blank,,blank,,blank,,blank,,blank,,blank,,blank,,blank,,blank,,blank,,blank,,blank,,blank,,blank,,blank,,blank,,blank,,blank,,blank,,blank,,blank,,blank,,blank,,blank,,blank,,blank,,blank,,blank,,blank,,blank,,blank,,blank,,blank,,blank,,blank,,blank,,blank,,blank,,blank,,blank,,blank,,blank,,blank,,blank,,blank,,blank,,blank,,blank,,blank,,blank,,blank,,blank,,blank,,blank,,blank,,blank,,blank,,blank,,blank,,blank,,blank,,blank,,blank,,blank,,blank,,blank,,blank,,blank,,blank,,blank,,blank,,blank,,blank,,blank,,blank,,blank,,blank,,blank,,blank
2,,Millions BF,,blank,,blank,,blank,,blank,,blank,,blank,,blank,,blank,,blank,,blank,,blank,,blank,,blank,,blank,,blank,,blank,,blank,,blank,,blank,,blank,,blank,,blank,,blank,,blank,,blank,,blank,,blank,,blank,,blank,,blank,,blank,,blank,,blank,,blank,,blank,,blank,,blank,,blank,,blank,,blank,,blank,,blank,,blank,,blank,,blank,,blank,,blank,,blank,,blank,,blank,,blank,,blank,,blank,,blank,,blank,,blank,,blank,,blank,,blank,,blank,,blank,,blank,,blank,,blank,,blank,,blank,,blank,,blank,,blank,,blank,,blank,,blank,,blank,,blank,,blank,,blank,,blank,,blank,,blank,,blank,,blank,,blank,,blank,,blank,,blank,,blank,,blank,,blank,,blank,,blank,,blank,,blank,,blank,,blank,,blank,,blank,,blank,,blank,,blank,,blank,,blank,,blank,,blank,,blank,,blank,,blank,,blank,,blank,,blank,,blank,,blank,,blank,,blank,,blank,,blank,,blank,,blank,,blank,,blank,,blank,,blank,,blank,,blank,,blank,,blank,,blank,,blank,,blank,,blank,,blank,,blank,,blank,,blank,,blank,,blank,,blank,,blank,,blank,,blank,,blank,,blank,,blank,,blank,,blank,,blank,,blank,,blank,,blank,,blank,,blank,,blank,,blank,,blank,,blank,,blank,,blank,,blank,,blank
3,,blank,,blank,,blank,,blank,,blank,,blank,,blank,,blank,,blank,,blank,,blank,,blank,,blank,,blank,,blank,,blank,,blank,,blank,,blank,,blank,,blank,,blank,,blank,,blank,,blank,,blank,,blank,,blank,,blank,,blank,,blank,,blank,,blank,,blank,,blank,,blank,,blank,,blank,,blank,,blank,,blank,,blank,,blank,,blank,,blank,,blank,,blank,,blank,,blank,,blank,,blank,,blank,,blank,,blank,,blank,,blank,,blank,,blank,,blank,,blank,,blank,,blank,,blank,,blank,,blank,,blank,,blank,,blank,,blank,,blank,,blank,,blank,,blank,,blank,,blank,,blank,,blank,,blank,,blank,,blank,,blank,,blank,,blank,,blank,,blank,,blank,,blank,,blank,,blank,,blank,,blank,,blank,,blank,,blank,,blank,,blank,,blank,,blank,,blank,,blank,,blank,,blank,,blank,,blank,,blank,,blank,,blank,,blank,,blank,,blank,,blank,,blank,,blank,,blank,,blank,,blank,,blank,,blank,,blank,,blank,,blank,,blank,,blank,,blank,,blank,,blank,,blank,,blank,,blank,,blank,,blank,,blank,,blank,,blank,,blank,,blank,,blank,,blank,,blank,,blank,,blank,,blank,,blank,,blank,,blank,,blank,,blank,,blank,,blank,,blank,,blank,,blank,,blank,,blank,,blank,,blank,,blank,,blank,,blank
4,,blank,,ID,,blank,1835,,1836,,1837,,1838,,1839,,1840,,1841,,1842,,1843,,1844,,1845,,1846,,1847,,1848,,1849,,1850,,1851,,1852,,1853,,1854,,1855,,1856,,1857,,1858,,1859,,1860,,1861,,1862,,1863,,1864,,1865,,1866,,1867,,1868,,1869,,1870,,1871,,1872,,1873,,1874,,1875,,1876,,1877,,1878,,1879,,1880,,1881,,1882,,1883,,1884,,1885,,1886,,1887,,1888,,1889,,1890,,1891,,1892,,1893,,1894,,1895,,1896,,1897,,1898,,1899,,1900,,1901,,1902,,1903,,1904,,1905,,1906,,1907,,1908,,1909,,1910,,1911,,1912,,1913,,1914,,1915,,1916,,1917,,1918,,1919,,1920,,1921,,1922,,1923,,1924,,1925,,1926,,1927,,1928,,1929,,1930,,1931,,1932,,1933,,1934,,1935,,1936,,1937,,1938,,1939,,1940,,1941,,1942,,1943,,1944,,1945,,1946,,1947,,1948,,1949,,1950,,1951,,1952,,1953,,1954,,1955,,1956,,1957,,1958,,1959,,1960,,1961,,1962,,1963,,1964,,1965,,1966,,1967,,1968,,1969,,1970,,1971,,1972,,1973,,1974,,1975,,1976,,1977,,1978,,1979,,1980,,1981,,1982,,1983,,1984,,1985,,1986,,1987,,1988,,1989,,1990,
5,,"AGRICULTURE, HUNTING, FORESTRY AND FISHING",,A; B,,blank,,blank,,blank,,blank,,blank,,blank,,blank,,blank,,blank,,blank,,blank,,blank,,blank,,blank,,blank,,blank,,blank,,blank,,blank,,blank,,blank,,blank,,blank,,blank,,blank,,blank,,blank,,blank,,blank,,blank,,blank,,blank,,blank,,blank,,blank,,blank,,blank,,blank,,blank,,blank,,blank,,blank,,blank,,blank,,blank,,blank,,blank,,blank,,blank,,blank,,blank,,blank,,blank,,blank,,blank,,blank,,blank,,blank,,blank,,blank,,blank,,blank,,blank,,blank,,blank,,blank,,blank,,blank,,blank,,blank,,blank,,blank,,blank,,blank,,blank,,blank,,blank,,blank,,blank,,blank,,blank,,blank,,blank,,blank,,blank,,blank,,blank,,blank,,blank,,blank,,blank,,blank,,blank,,blank,,blank,,blank,,blank,,blank,,blank,,blank,,blank,,blank,,blank,,blank,,blank,,blank,,blank,,blank,,blank,,blank,,blank,,blank,,blank,,blank,,blank,,blank,,blank,,blank,,blank,,blank,,blank,,blank,,blank,,blank,,blank,,blank,,blank,,blank,,blank,,blank,,blank,,blank,,blank,,blank,,blank,,blank,,blank,,blank,,blank,,blank,,blank,,blank,,blank,,blank,,blank,,blank,,blank,,blank,,blank,,blank,,blank,,blank,,blank,,blank,,blank,,blank,,blank
6,,"   AGRICULTURE, HUNTING AND FORESTRY",,A,,blank,307.92403006378186,,321.96118305341633,,326.9289883026494,,347.6892296112905,,384.832961652326,,398.2225610793728,,399.9777472068702,,401.398100818835,,402.5154347675363,,382.9366688273579,,393.0964820411331,,465.63138893117207,,682.6101903856927,,410.3991508828041,,422.4238586839323,,377.5474266058263,,393.329657450087,,433.7111087405454,,501.0337422713247,,696.1815062621117,,629.016021480814,,686.2683890222421,,610.507137181673,,522.811808964165,,459.9456357435112,,580.6285621885596,,595.2230814332669,,627.1162214776625,,620.1271945224113,,582.9432325938996,,546.4923963477057,,594.8573656077846,,666.8391126367057,,782.0826649302112,,617.5527678434378,,665.6841388774487,,658.480378372696,,732.5896144436916,,668.1351629354856,,820.5567681090292,,629.677666218165,,725.7941755747443,,739.7218116927287,,635.8084847095278,,636.7506331676695,,685.5894147247883,,708.1971489720387,,704.3117967040716,,681.3587226899167,,600.2856442153562,,584.890007559111,,585.0457791237478,,575.7359372409467,,571.8024529514503,,614.1293678356019,,612.4556424723497,,647.1212398920944,,628.8847954107067,,633.5227077196037,,590.1921211663554,,580.7788903049436,,547.2327071367587,,635.0194957357998,,619.664912175979,,582.4045315156676,,635.3244546619936,,649.4999675372643,,676.4318120863867,,668.8207804521827,,701.3795142104127,,730.2763154053989,,747.027851205562,,772.5694985516095,,775.4679497924315,,763.682717900102,,824.9950610812621,,822.2685205534311,,792.3981575399775,,786.7541478226963,,,blank,,blank,,blank,,blank,,blank,3908.291,,5229.79,,4481.172,,3425.773,,5122.781,,5693.543,,5636.241,,7050.822,,7646.451,,8630.007,,9044.307,,7965.761,,6549.718,,5937.427,,6018.956,,5075.808,,2520.063,,2209.102,,6344.281,,6636.141,,6691.263,,,blank,,blank,,blank,,blank,,blank,17000,,22392,,21486,,25057,,27251,,25042,,28753,,27752,,31918,,31560,,32858,,32032,,35810,,34335,,35502,,36516,,40103,,38347,,40941,,42985,,45381,,43495,,44719,,48146,,52759,,45997,,48808,,63025,,68585,,58082,,68208,,76131,,68355,,76032,,77007,,79390,,88171,,97799,,109688,,112316,,112176,,114203,,108314,,113323,,139294,,124326,
7,,   FISHING,,B,,blank,,blank,,blank,,blank,,blank,,blank,,blank,,blank,,blank,,blank,,blank,,blank,,blank,,blank,,blank,,blank,,blank,,blank,,blank,,blank,,blank,,blank,,blank,,blank,,blank,,blank,,blank,,blank,,blank,,blank,,blank,,blank,,blank,,blank,,blank,,blank,,blank,,blank,,blank,,blank,,blank,,blank,,blank,,blank,,blank,,blank,,blank,,blank,,blank,,blank,,blank,,blank,,blank,,blank,,blank,,blank,,blank,,blank,,blank,,blank,,blank,,blank,,blank,,blank,,blank,,blank,,blank,,blank,,blank,,blank,,blank,,blank,,blank,,blank,,blank,,blank,,blank,,blank,,blank,,blank,,blank,,blank,,blank,,blank,,blank,,blank,,blank,,blank,,blank,,blank,,blank,,blank,,blank,,blank,,blank,,blank,,blank,,blank,,blank,,blank,,blank,,blank,,blank,,blank,,blank,,blank,,blank,,blank,,blank,,blank,,blank,,blank,,blank,,blank,,blank,,blank,,blank,,blank,,blank,,blank,,blank,,blank,,blank,,blank,,blank,,blank,,blank,,blank,,blank,,blank,,blank,,blank,,blank,,blank,,blank,,blank,,blank,,blank,,blank,,blank,,blank,,blank,,blank,,blank,,blank,,blank,,blank,,blank,,blank,,blank,,blank,,blank,,blank,,blank,,blank,,blank,,blank
8,,TOTAL INDUSTRY,,C; D; E; F,,blank,517.055369374768,,610.1529191235712,,632.4103514307662,,616.463546304404,,651.1103859415616,,657.668854201549,,671.298490447088,,669.2734197988656,,652.6114866549791,,631.3410853479605,,648.2488502237939,,686.5533199642744,,687.2832667383091,,697.6921036814337,,678.4786275744698,,728.5557636703185,,735.4096290149761,,790.0137349005638,,949.1629404846327,,1095.7281859512427,,1225.0949502967123,,1324.0899590658792,,1302.7267747733415,,1262.366624159479,,1310.2836170806004,,1418.4791767153056,,1434.3051224488047,,1462.043977883808,,1472.0104468865593,,1650.3494356813294,,1681.408287764835,,1860.5756524870662,,1786.3823839553136,,1790.7157883151406,,2065.1968865898493,,2200.019244907413,,2270.941031673426,,2916.716481632521,,3263.539426214095,,2931.332141252772,,2508.1649883423293,,2303.5473923269083,,2305.8032429101604,,2311.894343312651,,2196.310309955637,,2545.57533216355,,2577.402306615029,,2580.3702750152597,,2499.242754153492,,2231.522342820002,,2091.7157286847405,,1958.55641903524,,2166.3680422490647,,2198.462698854477,,2341.468425645974,,2455.632302508905,,2349.686299292556,,2257.414153308793,,2215.599970654086,,2138.8371872497933,,2210.43246331828,,2285.8637743251334,,2406.8877566212627,,2428.509133234681,,2663.9319704424247,,2786.520160105343,,2575.1411019843254,,2599.855884080694,,2680.888401608239,,2777.564521425754,,2829.6587086379327,,3068.066422195579,,3254.8587683145734,,2988.8956738275897,,2901.8543250428943,,3048.7774873144494,,3151.639678051747,,3383.725526743262,,3497.4995376321144,,,blank,,blank,,blank,,blank,,blank,,blank,9209.403601203534,,9948.491607604472,,10635.943555770396,,12790.83833500491,,16314.158172892894,,17260.819240534725,,22127.01026657646,,30049.850174470554,,34262.345943082655,,38799.20068816831,,38065.534884974615,,33284.47244928639,,26116.041747624946,,25283.56671829332,,24470.987003806695,,25216.901425014687,,29034.563478544394,,34644.06904887168,,32194.651313888535,,31116.049968204097,,20988.347593058086,,22431.279285012963,,22313.28380137254,,27072.865970509047,,27730.982409015338,,46210.53219042854,,83222.03248117301,,108549.44953001916,,138079.88044340734,,137907.84366780156,,144800.85425270596,,170105.3590172303,,168349.51058787765,,172702,,178129,,188310,,203134,,218670,,210590,,211495,,230899,,245262,,264015,,285447,,328129,,347763,,374544,,393920,,413795,,460479,,541536,,567923,,629172,,722093,,860354,,892004,,1011253,,1081591,,1140682,,1206040,,1266525,,1211282,,1325527,,1384270,,1456082,,1573269,,1625212,,1638169,,1757877,,1929303,,2053833,
9,,   MINING AND QUARRYING,,C,,blank,,blank,,blank,,blank,,blank,,blank,,blank,,blank,,blank,,blank,,blank,,blank,,blank,,blank,,blank,,blank,,blank,,blank,,blank,,blank,,blank,,blank,,blank,,blank,,blank,,blank,,blank,,blank,,blank,,blank,,blank,,blank,,blank,,blank,,blank,,blank,,blank,,blank,,blank,,blank,,blank,,blank,,blank,,blank,,blank,,blank,,blank,,blank,,blank,,blank,,blank,,blank,,blank,,blank,,blank,,blank,,blank,,blank,,blank,,blank,,blank,,blank,,blank,,blank,,blank,,blank,,blank,,blank,,blank,,blank,,blank,,blank,,blank,,blank,,blank,,blank,,blank,,blank,,blank,,blank,,blank,,blank,,blank,,blank,,blank,,blank,,blank,,blank,,blank,,blank,,blank,,blank,,blank,,blank,,blank,,blank,,blank,,blank,,blank,,blank,,blank,,blank,,blank,,blank,,blank,,blank,,blank,,blank,,blank,,blank,,blank,,blank,,blank,,blank,,blank,,blank,,blank,,blank,,blank,,blank,,blank,,blank,,blank,,blank,,blank,,blank,,blank,,blank,,blank,,blank,,blank,,blank,,blank,,blank,,blank,,blank,,blank,,blank,,blank,,blank,,blank,,blank,,blank,,blank,,blank,,blank,,blank,,blank,,blank,,blank,,blank,,blank,,blank,,blank,,blank,,blank,,blank
10,,   MANUFACTURING,,D,,blank,,blank,,blank,,blank,,blank,,blank,,blank,,blank,,blank,,blank,,blank,,blank,,blank,,blank,,blank,,blank,,blank,,blank,,blank,,blank,,blank,,blank,,blank,,blank,,blank,,blank,,blank,,blank,,blank,,blank,,blank,,blank,,blank,,blank,,blank,,blank,,blank,,blank,,blank,,blank,,blank,,blank,,blank,,blank,,blank,,blank,,blank,,blank,,blank,,blank,,blank,,blank,,blank,,blank,,blank,,blank,,blank,,blank,,blank,,blank,,blank,,blank,,blank,,blank,,blank,,blank,,blank,,blank,,blank,,blank,,blank,,blank,,blank,,blank,,blank,,blank,,blank,,blank,,blank,,blank,,blank,,blank,,blank,,blank,,blank,,blank,,blank,,blank,,blank,,blank,,blank,,blank,,blank,,blank,,blank,,blank,,blank,,blank,,blank,,blank,,blank,,blank,,blank,,blank,,blank,,blank,,blank,,blank,,blank,,blank,,blank,,blank,,blank,,blank,,blank,,blank,,blank,,blank,,blank,,blank,,blank,,blank,,blank,,blank,,blank,,blank,,blank,,blank,,blank,,blank,,blank,,blank,,blank,,blank,,blank,,blank,,blank,,blank,,blank,,blank,,blank,,blank,,blank,,blank,,blank,,blank,,blank,,blank,,blank,,blank,,blank,,blank,,blank,,blank,,blank,,blank,,blank
11,,"   ELECTRICITY, GAS AND WATER SUPPLY",,E,,blank,,blank,,blank,,blank,,blank,,blank,,blank,,blank,,blank,,blank,,blank,,blank,,blank,,blank,,blank,,blank,,blank,,blank,,blank,,blank,,blank,,blank,,blank,,blank,,blank,,blank,,blank,,blank,,blank,,blank,,blank,,blank,,blank,,blank,,blank,,blank,,blank,,blank,,blank,,blank,,blank,,blank,,blank,,blank,,blank,,blank,,blank,,blank,,blank,,blank,,blank,,blank,,blank,,blank,,blank,,blank,,blank,,blank,,blank,,blank,,blank,,blank,,blank,,blank,,blank,,blank,,blank,,blank,,blank,,blank,,blank,,blank,,blank,,blank,,blank,,blank,,blank,,blank,,blank,,blank,,blank,,blank,,blank,,blank,,blank,,blank,,blank,,blank,,blank,,blank,,blank,,blank,,blank,,blank,,blank,,blank,,blank,,blank,,blank,,blank,,blank,,blank,,blank,,blank,,blank,,blank,,blank,,blank,,blank,,blank,,blank,,blank,,blank,,blank,,blank,,blank,,blank,,blank,,blank,,blank,,blank,,blank,,blank,,blank,,blank,,blank,,blank,,blank,,blank,,blank,,blank,,blank,,blank,,blank,,blank,,blank,,blank,,blank,,blank,,blank,,blank,,blank,,blank,,blank,,blank,,blank,,blank,,blank,,blank,,blank,,blank,,blank,,blank,,blank,,blank,,blank,,blank
12,,   CONSTRUCTION,,F,,blank,89.99883006663279,,90.45253008656255,,89.20078208737674,,92.17653172041658,,96.18122199696921,,97.96779037823197,,102.58321660087528,,104.83246892645577,,107.04176300233284,,108.94501436837834,,107.55052392838576,,108.6433383633635,,107.34780622763195,,109.431390776785,,108.76506838968518,,108.48892797731833,,110.11641265563348,,109.77144654985652,,108.87352675220487,,108.40294648518001,,106.2561101000028,,108.08032248461046,,107.5614474295917,,108.84712629541046,,108.74939549050423,,111.68313392772022,,115.36447221302392,,119.48294014599993,,127.19289943267917,,129.92159644662593,,132.22896963711707,,131.991435827309,,134.4543945943724,,138.3307006671975,,142.07643070356943,,142.67116699966257,,146.78550683868087,,136.34145874023073,,130.27024927665985,,141.1473949538553,,157.30906108874217,,161.96916771622,,160.7641116297749,,168.4152802210783,,171.43002661861448,,166.81163739295314,,172.317807439351,,179.7525285783529,,183.67025085465218,,191.46248863391915,,193.72573570392353,,195.919391588061,,196.06492904866386,,197.20217740697262,,199.0016066518791,,209.1711567598444,,206.1840268861432,,205.94991525490806,,203.63669709646945,,202.8397855093297,,200.83310924654631,,201.389299157655,,203.65952683575654,,205.86997735017704,,205.22958929152338,,200.75674181128332,,207.22973946682376,,216.72906618100197,,225.3837486878215,,234.65903892968427,,249.7646478620102,,253.65789405769107,,266.62973418285014,,277.25539423193095,,289.9163094880319,,301.55686372119095,,314.86742774746807,,327.7402076336561,,335.63690206833803,,,blank,,blank,,blank,,blank,,blank,,blank,,blank,,blank,,blank,,blank,,blank,,blank,,blank,,blank,,blank,,blank,,blank,,blank,,blank,,blank,,blank,,blank,,blank,,blank,,blank,,blank,,blank,,blank,,blank,,blank,,blank,,blank,,blank,,blank,,blank,,blank,,blank,,blank,,blank,,blank,,blank,,blank,,blank,,blank,,blank,,blank,,blank,,blank,,blank,,blank,,blank,,blank,,blank,,blank,,blank,,blank,,blank,,blank,,blank,,blank,,blank,,blank,,blank,,blank,,blank,,blank,,blank,,blank,,blank,,blank,,blank,,blank,,blank,,blank,,blank,,blank,,blank
13,,WHOLESALE AND RETAIL TRADE; HOTELS AND RESTAURANTS,,G; H,,blank,243.45074695807008,,263.8440373746083,,266.79251940367755,,273.04054621814964,,273.10083471357797,,280.3249716791275,,281.2026251554895,,280.88894714528345,,271.1402099495494,,273.2485386994374,,284.4384908673633,,298.5294573796453,,323.1921586655356,,284.40565872526435,,293.8767360884649,,303.03594435765035,,309.6123293242101,,333.63126777971524,,367.07869846604456,,422.1019706439854,,441.7759901325388,,485.1162499191615,,491.2173364630982,,489.54876536714306,,498.2313052977984,,524.1976590279319,,524.1459823486942,,535.6769656818427,,549.343490784718,,592.7844681554187,,610.2325828321285,,652.5281954540372,,646.4921566769001,,677.7659268126063,,723.3830871180669,,772.1254256377473,,821.0158964842346,,965.7178245205147,,1022.8900763568321,,976.8367377371012,,943.9409601334022,,887.4523506621016,,874.1184636632838,,866.0140037801312,,848.6470487620461,,943.98320214,,940.1856469896622,,939.0875711560395,,929.3638658107137,,852.7037500492738,,821.8283975892487,,787.6445247990896,,848.3033804915281,,880.1013965118585,,906.8606789589642,,948.9953351263671,,967.1824663104543,,919.6797160602795,,927.6635794165851,,913.330212697887,,963.3229008531118,,1009.2149016649232,,1052.3326608302934,,1058.689064092612,,1136.3538496107442,,1183.214015636655,,1152.136508736811,,1172.4038922912143,,1221.8535032856023,,1261.5152114090215,,1340.0710443909807,,1419.9297832093152,,1492.3307130941096,,1372.4671111998136,,1390.9365441829552,,1486.04418117772,,1538.0074189397253,,1636.3297376115354,,1687.3490835707712,,,blank,,blank,,blank,,blank,,blank,,blank,5421.566320936487,,5110.133743886998,,5671.859108060963,,7097.147245658915,,9023.010700869163,,9304.33401704709,,11810.879262463306,,15184.883008315412,,16848.226150870352,,18876.370546806284,,18153.808487716702,,15510.964305493166,,12101.881351686796,,11473.217543389377,,10943.660954138551,,11655.956565187422,,13252.65202691568,,15682.096227755086,,14505.102026270493,,13412.687144333391,,,blank,,blank,,blank,,blank,,blank,20182.967539348458,,42060.80423957546,,55159.66618180014,,63746.976142420055,,62636.50878441858,,67401.54961222605,,80788.65486218923,,81912.64730390256,,86350.26473,,89914,,95342,,100532,,107545,,110699,,117036,,123567,,133954,,145045,,158110,,172637,,190717,,209447,,228937,,241231,,263820,,296459,,349076,,382261,,431408,,497296,,562147,,664926,,722400,,769511,,794709,,884346,,937835,,1043043,,1143469,,1199157,,1304165,,1419245,,1525992,,1616142,,1735850,,1896974,
14,,   TRADE,,G,,blank,144.57441390916009,,164.56587573535808,,167.49513682384014,,168.53696859630566,,174.3012687654318,,183.02819770380373,,184.5309793224152,,184.94086612107034,,180.19619283846862,,169.33184322404458,,182.9378629820952,,196.40269720346942,,228.72877252493691,,182.8192698820144,,186.42824258030882,,190.97689017288016,,196.09810460563395,,222.35762945613857,,254.84295559906843,,313.48361924522374,,328.4696224626781,,360.04400455518044,,351.4813705692015,,335.12056241098327,,337.69181640804845,,374.68760130207704,,386.9456336265453,,394.3545253042445,,400.45407335402837,,437.79832685904586,,447.54863962893165,,485.44634514031696,,479.3089973499707,,507.53183769169704,,541.7595770926425,,578.832053814433,,654.5777095552378,,778.3375180428909,,813.4257861812273,,761.8302460022177,,708.4685238412324,,657.4685841877101,,658.8945169172337,,652.877019940739,,633.8741467249265,,723.2869643881108,,714.724340188863,,713.7283125770847,,701.3032488779437,,615.1719743679139,,574.7941879206915,,554.1531699760906,,599.8234694733978,,624.5380146724559,,650.5984296158318,,684.4271229665376,,686.3495343539266,,635.3093054430128,,637.0181422369635,,618.796055599484,,645.0900203281308,,671.9039609412099,,699.9172489159479,,716.3178847660342,,776.618965995362,,806.5704456668933,,770.2439916924461,,804.5310415518625,,858.7706427689251,,888.6220696324511,,930.8794313675733,,1011.0253047677943,,1085.8901161481072,,971.397063088347,,995.0285761362236,,1064.8381354942971,,1114.251905767007,,1197.672623868117,,1226.6534591868922,,,blank,,blank,,blank,,blank,,blank,1403.3097445697647,,4348.0513911471735,,3989.3952158776774,,4320.008888129993,,5517.099448253415,,7145.050741908015,,7325.874470101907,,9370.943540507418,,12153.905099776837,,13432.435693545327,,15100.799036586737,,14034.81979803647,,11526.84681009634,,8797.425010418432,,8362.437731529652,,7957.291412905901,,8744.00902368124,,10225.858487839638,,12484.341307781295,,11217.980929918334,,10364.000386462314,,,blank,,blank,,blank,,blank,,blank,13034.098574830832,,29324.7277060545,,39598.793151214566,,46117.07736757521,,45251.708009994414,,49454.183598291325,,60323.9333555375,,59240.29811553041,,62060,,63214,,67590,,71624,,76192,,77002,,83067,,88429,,97547,,107099,,118255,,128299,,142850,,158372,,172118,,181279,,199227,,222923,,265171,,288282,,324266,,375814,,417722,,497393,,532481,,565583,,577927,,653999,,684979,,762697,,838543,,870918,,956456,,1050890,,1127235,,1180208,,1250189,,1366730,
15,,   HOTELS AND RESTAURANTS,,H,,blank,98.87633304891,,99.27816163925021,,99.29738257983742,,104.50357762184397,,98.7995659481462,,97.29677397532375,,96.67164583307428,,95.9480810242131,,90.94401711108077,,103.9166954753928,,101.50062788526813,,102.12676017617586,,94.46338614059867,,101.58638884324996,,107.44849350815608,,112.05905418477022,,113.51422471857614,,111.2736383235767,,112.23574286697614,,108.61835139876169,,113.30636766986072,,125.07224536398105,,139.73596589389672,,154.4282029561598,,160.5394888897499,,149.5100577258548,,137.2003487221489,,141.3224403775982,,148.8894174306897,,154.98614129637286,,162.68394320319683,,167.0818503137203,,167.18315932692934,,170.23408912090923,,181.6235100254243,,193.2933718233143,,166.43818692899688,,187.38030647762375,,209.4642901756048,,215.00649173488347,,235.47243629216987,,229.98376647439144,,215.22394674605016,,213.1369838393922,,214.77290203711965,,220.69623775188919,,225.46130680079926,,225.35925857895484,,228.06061693277,,237.5317756813599,,247.03420966855714,,233.491354822999,,248.4799110181302,,255.56338183940258,,256.2622493431323,,264.5682121598295,,280.83293195652766,,284.37041061726666,,290.6454371796216,,294.5341570984029,,318.232880524981,,337.3109407237133,,352.41541191434555,,342.37117932657765,,359.7348836153821,,376.6435699697617,,381.8925170443649,,367.8728507393518,,363.08286051667716,,372.89314177657036,,409.1916130234075,,408.90447844152106,,406.4405969460024,,401.0700481114667,,395.90796804673164,,421.2060456834228,,423.75551317271834,,438.6571137434184,,460.6956243838791,,,blank,,blank,,blank,,blank,,blank,,blank,1073.514929789313,,1120.7385280093208,,1351.8502199309708,,1580.0477974055,,1877.959958961148,,1978.4595469451826,,2439.9357219558874,,3030.9779085385744,,3415.790457325027,,3775.5715102195454,,4118.988689680232,,3984.117495396825,,3304.456341268364,,3110.779811859726,,2986.36954123265,,2911.947541506183,,3026.7935390760426,,3197.754919973791,,3287.121096352159,,3048.6867578710776,,2465.378944376474,,2195.2104617744017,,2345.0166356626933,,2901.717387473087,,3461.7924094614405,,7148.8689645176255,,12736.076533520965,,15560.873030585572,,17629.89877484484,,17384.800774424166,,17947.36601393473,,20464.721506651727,,22672.34918837215,,24290.26473,,26700,,27752,,28908,,31353,,33697,,33969,,35138,,36407,,37946,,39855,,44338,,47867,,51075,,56819,,59952,,64593,,73536,,83905,,93979,,107142,,121482,,144425,,167533,,189919,,203928,,216782,,230347,,252856,,280346,,304926,,328239,,347709,,368355,,398757,,435934,,485661,,530244,
16,,"TRANSPORT, STORAGE AND COMMUNICATIONS",,I,,blank,120.91023657863485,,136.49961706885648,,150.389194021722,,157.8264436369469,,165.0939432228709,,150.2941081973938,,148.3874102506343,,72.24073774220278,,72.50599123049504,,76.95165565110025,,87.52273171335051,,89.21316838690569,,98.43983405524942,,72.79621698360351,,78.70475480599832,,82.93367296947673,,84.05024841446357,,85.95542517027575,,92.09933529490063,,106.3413403292406,,103.13060453144232,,104.34323408462721,,104.3318130752425,,107.1699528864962,,106.93772299864088,,116.06796607928833,,125.19546375815122,,134.05806218471034,,130.19375838308318,,126.79954865149423,,138.44528113673152,,133.56251961682506,,132.79800963915986,,140.47849833716805,,149.7320879047952,,156.4469189185935,,172.53264024093403,,180.74822311053958,,166.3014590920351,,170.50449263168107,,171.81192381140656,,186.86580771552346,,187.97619286060808,,190.2508898987614,,198.2429702954117,,215.97799732299404,,213.79312659201184,,223.35394361025826,,216.47705704709125,,214.43611972693515,,211.6359766854513,,206.5923965494456,,230.35456963547992,,251.52631397178263,,250.2998288095338,,254.33622221357814,,259.31395749798185,,241.02045136099647,,266.83478129297583,,268.1437594038384,,273.56860363834915,,284.03663684475634,,278.92483222689384,,305.85073057655165,,325.1304052462702,,320.67031184761123,,308.5041158073369,,332.77946682620586,,355.87263974303033,,386.0133933273522,,404.5729733708632,,446.4650086570756,,437.76240775366233,,436.2617915455417,,456.2798701084031,,512.1095939170423,,561.9027942642438,,600.4237896047349,,631.8822688030589,,,blank,,blank,,blank,,blank,,blank,,blank,1341.8166179377035,,1284.9737580411538,,1448.7077432733313,,1560.9252676680626,,2050.2205208147443,,2256.9255495398725,,2964.9334864084894,,3751.216797485278,,4301.739424043734,,4886.248184290725,,4984.8265728244205,,4744.8956226930095,,4224.630214498166,,4133.585657307015,,4073.3364886897907,,3971.7846845717686,,4149.971320501077,,4642.557325236947,,4569.752812185515,,4597.607533867985,,,blank,,blank,,blank,,blank,,blank,,blank,14287.638468853884,,16710.072904268978,,18636.884341038152,,19658.187636042647,,21525.707855739864,,28279.30760269126,,26379.552781424376,,27164,,27958,,31162,,35696,,35326,,35659,,36925,,39932,,39888,,43120,,47053,,53206,,57807,,63559,,67574,,76087,,83065,,92632,,104853,,119162,,137208,,172728,,183179,,205033,,221667,,241710,,265300,,279627,,287953,,307304,,321803,,359412,,390529,,385592,,411446,,457108,,490573,,529006,
17,,"FINANCIAL INTERMEDIATION; REAL ESTATE, RENTING AND BUSINESS ACTIVITIES",,J; K,,blank,112.5509652760757,,119.73447344385895,,132.47765846696404,,128.51371813824403,,134.50092016998093,,140.02608952786397,,140.66628971407854,,150.91649784143908,,124.45067796360838,,141.0111503319969,,142.01994408663995,,143.90925557780278,,151.73792614888677,,139.48992337872642,,146.2262418255143,,150.8898852054963,,154.29916695379708,,151.84530759100505,,159.44715358981512,,166.8839478455696,,169.23509327640522,,176.50046354049852,,188.67328815149324,,189.59490082555226,,193.08807766270309,,199.68752473644972,,208.8857875926118,,210.21087985557332,,233.99758930722277,,237.88431269891248,,262.5852827871308,,267.0820219992618,,263.5159394829233,,255.91261620567641,,291.7229907236198,,301.0406094539717,,310.0834539238157,,324.9088676383735,,336.8399848489806,,375.55517250385674,,417.55084474705654,,420.00832184817347,,411.1357342042329,,434.09155574628437,,447.6084365057718,,455.5235919146758,,457.2807500994761,,488.43420425186923,,505.0534492950901,,503.1558039314671,,535.8667959635835,,538.5438322965583,,518.7294290086893,,528.1354859349879,,534.3042695511073,,552.8311523585178,,543.6810550461078,,539.6947194305379,,539.5276569045294,,520.4828484535985,,512.3549725152828,,512.5878250650236,,521.0538368100603,,534.3586916354618,,537.5606713102613,,529.7347142204648,,555.0090375951806,,567.5290704196074,,590.9021581033805,,602.4503664366343,,644.6122583056712,,662.0533825125513,,694.2184214978262,,721.5567531400197,,759.7644845007275,,803.27259334547,,840.1795475798284,,890.0672146802851,,933.1769344083435,,902.8722970673973,,869.1384673643636,,811.6500911719684,,789.0830129434275,,886.6079451726577,,990.3864682631037,,1127.8081516243644,,1340.2139483090584,,1515.9841178244385,,2020.6906300972842,,2423.053737016583,,2828.9450542051904,,3375.8205611775425,,4269.118923915934,,5444.939034591341,,6773.220959899634,,9401.96997887021,,10062.42222864821,,10462.923020246017,,10374.567981882155,,10219.425220497273,,9887.849661163174,,9899.677104635717,,10244.617151362114,,10315.437023828365,,10531.406453353022,,9610.457760294232,,9100.89322193675,,9038.323962838105,,9115.984965347921,,9433.212853713436,,12987.421143247357,,15024.002516524186,,17350.589216065575,,22473.084897098393,,23426.67070793671,,24906.402612879312,,31127.575236274886,,34059.50016787044,,36450,,40700,,44305,,45727,,48029,,49426,,52286,,54044,,55961,,58104,,61174,,64586,,69794,,76819,,81709,,86934,,94066,,98568,,108158,,118766,,135095,,156320,,187259,,216808,,242298,,269427,,294451,,329140,,389121,,436392,,452307,,513979,,557407,,619897,,669826,,694193,,725106,,758915,
18,,   FINANCIAL INTERMEDIATION,,J,,blank,56.62049379200867,,62.28254317120955,,74.91326870942689,,67.9445925504104,,70.99338836998012,,75.34881096936539,,70.99338836998012,,79.26869130881215,,49.651817632992234,,63.589169951025134,,64.46025447090219,,64.46025447090219,,72.30001514979571,,57.05603605194722,,63.15362769108661,,67.07350803053336,,67.50905029047189,,64.02471221096366,,71.42893062991864,,78.3976067889351,,81.4464026085048,,85.80182520789009,,94.51267040666065,,90.59279006721388,,90.15724780727537,,89.72170554733685,,91.02833232715241,,84.05965616813597,,94.94821266659918,,90.15724780727537,,106.70785368493945,,105.40122690512385,,91.89941684702949,,72.80292973383754,,96.84082014299811,,97.70239327594294,,93.73915686439673,,112.34913653600492,,121.13718249204213,,136.64549888504894,,146.295117974031,,131.30374546079105,,113.12455235565527,,112.77992310247734,,109.76441713717047,,111.40140608976562,,97.27160670947053,,111.05677683658769,,114.67538399495594,,94.25610074416365,,116.31237294755111,,108.5582147510477,,81.3325037499913,,81.84944762975819,,78.14468315809546,,89.1728192597892,,87.79430224707748,,86.58809986095471,,93.65299955110227,,78.74778435115684,,76.59385151879478,,78.14468315809546,,85.03348377465184,,96.99545806541485,,103.29489133208548,,105.46287123863665,,117.8860732798347,,112.09893142866405,,118.78859922977347,,112.42565590960243,,124.98919910628537,,134.15497326382183,,140.5127993539363,,146.66319741453555,,159.13420600065353,,178.8890802916751,,186.4605562229456,,207.75403166798614,,232.6243202015554,,201.02272036354628,,177.11605847890138,,146.8947930962434,,147.92880667746243,,278.10626363172105,,359.0252836045079,,527.0016580411352,,560.0279759365726,,600.1929082716522,,750.3057658705275,,890.8973028558894,,936.1511361074249,,1289.8859166328498,,1720.4216327226914,,2181.496774775653,,2823.591548546099,,2867.1362761742203,,2157.3012720679044,,1882.6635305403104,,1763.5935218940022,,1643.5733069220669,,1617.2829035940576,,1618.9891831223558,,1902.6895318978125,,1845.026288517549,,1921.641926098534,,1674.8034985982454,,1911.341162718131,,2011.259265444975,,2007.5003266735598,,2007.4889213914728,,2417.7310884109797,,3105.1533074351,,4372.203148210669,,5391.73656042476,,5564.787613928918,,6318.50121413827,,7495.744218418152,,8658.888686043701,,8890,,9408,,11496,,12009,,13031,,13417,,15040,,15683,,16419,,17863,,19754,,21765,,24053,,27074,,30108,,33380,,38296,,41068,,43895,,49995,,61001,,73557,,85986,,107987,,119471,,135029,,148691,,160692,,195826,,223930,,218112,,256122,,279585,,325205,,354970,,358565,,367960,,381718,
19,,"   REAL ESTATE, RENTING AND BUSINESS ACTIVITIES",,K,,blank,55.93047148406703,,57.45193027264939,,57.564389757537164,,60.56912558783361,,63.50753180000079,,64.67727855849857,,69.67290134409842,,71.64780653262693,,74.79886033061615,,77.42198038097177,,77.55968961573777,,79.4490011069006,,79.43791099909106,,82.4338873267792,,83.0726141344277,,83.81637717496295,,86.7901166633252,,87.8205953800414,,88.01822295989646,,88.4863410566345,,87.78869066790041,,90.69863833260843,,94.16061774483259,,99.00211075833838,,102.9308298554277,,109.96581918911286,,117.85745526545938,,126.15122368743735,,139.0493766406236,,147.7270648916371,,155.87742910219134,,161.68079509413798,,171.61652263589377,,183.10968647183887,,194.88217058062165,,203.33821617802874,,216.34429705941892,,212.5597311023686,,215.70280235693843,,238.90967361880783,,271.2557267730256,,288.7045763873824,,298.0111818485776,,321.311632643807,,337.8440193686013,,344.1221858249102,,360.0091433900056,,377.37742741528155,,390.37806530013415,,408.8997031873035,,419.55442301603244,,429.9856175455106,,437.396925258698,,446.2860383052296,,456.1595863930118,,463.6583330987286,,455.8867527990303,,453.10661956958324,,445.8746573534271,,441.73506410244175,,435.7611209964881,,434.44314190692813,,436.02035303540845,,437.36323357004693,,434.2657799781759,,424.2718429818281,,437.122964315346,,455.43013899094336,,472.1135588736071,,490.0247105270319,,519.6230591993858,,527.8984092487294,,553.7056221438899,,574.8935557254842,,600.6302785000739,,624.3835130537949,,653.7189913568828,,682.313183012299,,700.5526142067881,,701.8495767038511,,692.0224088854621,,664.7552980757249,,641.1542062659651,,608.5016815409366,,631.3611846585958,,600.8064935832292,,780.1859723724858,,915.7912095527863,,1270.3848642267567,,1532.1564341606936,,1892.7939180977655,,2085.9346445446927,,2548.6972911932426,,3263.4422598156875,,3949.6294113535355,,6534.833702695989,,7905.1209565803065,,8580.259489705706,,8610.974459988154,,8575.851913575205,,8270.566757569117,,8280.687921513361,,8341.9276194643,,8470.410735310816,,8609.764527254487,,7935.654261695986,,7189.55205921862,,7027.06469739313,,7108.484638674361,,7425.723932321964,,10569.690054836377,,11918.849209089085,,12978.386067854906,,17081.348336673633,,17861.883094007793,,18587.90139874104,,23631.831017856734,,25400.611481826738,,27560,,31292,,32809,,33718,,34998,,36009,,37246,,38361,,39542,,40241,,41420,,42821,,45741,,49745,,51601,,53554,,55770,,57500,,64263,,68771,,74094,,82763,,101273,,108821,,122827,,134398,,145760,,168448,,193295,,212462,,234195,,257857,,277822,,294692,,314856,,335628,,357146,,377197,
20,,"COMMUNITY, SOCIAL AND PERSONAL SERVICES",,L; M; N; O; P; MISCs,,blank,194.63942616340069,,212.9604006337782,,235.69010949743273,,246.85934801006766,,243.35447712635624,,216.43677310520127,,221.6515753439444,,216.39115876984283,,221.0601113891014,,221.12335220895721,,240.3465622986542,,238.45414444163427,,238.9208174727858,,237.9719337291846,,235.17221048328463,,234.34544401032943,,248.33416168567481,,263.1957643184152,,269.8079497656927,,271.1852790111418,,283.0885146984668,,281.4682304713997,,288.9718803089705,,291.7004394118872,,304.72965051375456,,315.48475152838324,,324.4977172793632,,305.8493094066941,,321.3100184559117,,362.51496658261607,,372.2516941472679,,388.13306575989304,,398.8125041157381,,405.52358904258824,,407.4899959318593,,423.66417497840837,,431.07248570892784,,465.01023291587614,,517.082077165918,,516.3659354409479,,533.8346515418732,,550.1491933952196,,564.6615061334403,,560.6416540908708,,568.5653274267947,,605.0210702869547,,615.8897700033529,,632.4693322274774,,668.5790355015351,,647.3286487187484,,679.8193012111112,,689.7976441476237,,702.2471297719819,,716.1084498383918,,741.3551778362348,,762.8000118658942,,773.4183040233958,,779.4252029393027,,766.5128328324828,,779.0735875498087,,793.8543341419012,,796.0992277729517,,836.5022271960456,,831.1932406257495,,846.0551853882307,,873.5066506877663,,886.9613666972054,,909.8081481452709,,924.1383862281702,,927.9097967326192,,934.4923214026226,,985.881030351572,,1003.2607593649868,,995.5284620806253,,1040.0037440139938,,1059.9092587026835,,1070.9972676108737,,1099.7103754768646,,1110.7840949462634,,,blank,,blank,,blank,,blank,,blank,,blank,6188.474521075337,,6315.647362675856,,6428.433087309566,,6629.48968199301,,7053.858142856111,,7429.291345441481,,7905.749325274116,,9208.732766178624,,10234.199233434605,,11105.306142099449,,12073.336482549628,,12184.31062195166,,11881.108487045858,,11651.61969717207,,11892.249931638977,,12109.493327184002,,12950.506698651901,,14080.382060042019,,14797.010475694216,,15608.531640966303,,20276.809045575315,,16164.521513347941,,16687.06553595333,,17296.20325796399,,19846.667185710812,,31635.419572831164,,38212.22304040867,,42498.687049166074,,63226.97150732872,,51658.96983379338,,53851.03170847828,,55693.137799036056,,63636.53536974077,,57772.735270000005,,47755.07649042002,,50545.33585152887,,52829.15708830797,,56111.44939669815,,61074.04043564855,,64184.99938440491,,68443.99783375177,,73222,,79015,,87289,,95167,,112289,,124958,,136032,,146935,,161330,,176438,,198672,,229782,,265172,,316982,,383637,,435573,,487513,,542155,,590504,,643163,,695782,,740066,,764770,,805832,,861368,,899183,,912498,,934035,,983822,,1040541,
21,,   PUBLIC ADMINISTRATION AND DEFENCE; COMPULSORY SOCIAL SECURITY,,L,,blank,56.571,,54.977,,58.114000000000004,,58.533,,60.988,,52.244,,52.10940000000001,,52.474000000000004,,52.9404,,53.206,,55.3724,,56.236000000000004,,57.2024,,60.56700000000001,,55.82640000000001,,56.15,,56.339000000000006,,59.321,,60.584,,62.408,,62.672,,63.425,,64.783,,64.40700000000001,,65.991,,66.313,,67.4654,,68.011,,71.3854,,74.443,,74.3284,,73.995,,75.4624,,76.93,,77.69839999999999,,87.565,,86.619,,87.973,,89.72600000000003,,90.902,,96.009,,105.05300000000003,,107.768,,104.77,,105.598,,105.658,,105.51400000000001,,109.986,,113.16,,114.219,,114.90599999999999,,117.404,,116.05100000000002,,117.767,,116.80200000000002,,120.29899999999999,,121.4114,,120.775,,121.6314,,124.262,,126.4204,,131.25300000000001,,140.3704,,140.762,,145.8364,,147.23,,150.9724,,154.784,,159.1804,,163.437,,165.41840000000002,,170.02200000000002,,174.1494,,175.888,,180.2534,,187.018,,193.471,,207.823,,213.91039136908097,,,blank,,blank,,blank,,blank,,blank,,blank,976.508,,1000.2320000000002,,1133.6670000000001,,1173.9920000000002,,1182.142,,1347.459,,1441.2730000000001,,1846.6940000000004,,2353.56,,2505.105,,2888.839,,2952.1890000000003,,2746.8790000000004,,2596.911,,2622.299,,2537.457,,2771.64,,3179.9449999999997,,3454.7650000000003,,3990.678,,8329.966573689298,,3870.8762468086074,,4136.177754273757,,4616.017832000402,,6901.274781208415,,13119.385545938752,,14848.643161533344,,16505.156263341836,,34375.12921966965,,20353.859473981945,,20625.388766057593,,21222.34930072844,,26071.432633441866,,23966,,25117,,27065,,27872,,29273,,32139,,34391,,35747,,35587,,38269,,41622,,44535,,51106,,55648,,60587,,64743,,71051,,78547,,88547,,102236,,119231,,140275,,170065,,192761,,216795,,242949,,269427,,296781,,318608,,336999,,346664,,367143,,392821,,413131,,418952,,430442,,450921,,475251,
22,,   EDUCATION,,M,,blank,5.379875017002379,,6.500682312211208,,7.769108129228029,,8.337712805821775,,8.846176603160416,,9.365575105818165,,9.343705695179946,,10.431708874431441,,11.503309995704274,,12.219533194106013,,14.625168364310328,,14.411941610587675,,14.82199306005432,,15.182838335584966,,14.767319533458766,,15.964669765901368,,16.19976593026224,,16.92145648132354,,16.78477266483466,,16.981597360578647,,18.610868453126116,,19.56765516854829,,19.86289221216427,,21.300805961627304,,21.289871256308192,,22.94647911215344,,26.24876011852482,,26.560399220119468,,30.048570216915728,,37.60991894508065,,38.12931744773841,,38.75806300358726,,41.792443729640425,,40.53495261794273,,41.43159845410979,,42.57974251261639,,42.20249517910708,,44.990845035480255,,47.035634930153925,,50.72609797535374,,63.66185436786149,,63.84227700562682,,72.36587980187348,,74.83712320399245,,77.98085098323672,,94.49225601509362,,94.85310129062427,,105.50350427143792,,106.4712256921792,,89.89421242840764,,99.14497312837514,,90.5229579842565,,93.44799165711855,,98.19365376561254,,99.60423075177779,,101.73103093634478,,107.69591268791957,,109.26504290121193,,113.95056413045079,,114.18019294215212,,110.05234168418791,,114.27313793736455,,118.42832595862657,,119.31950444213406,,121.5884557958495,,127.69548871657274,,132.4411508250667,,135.5684765463323,,141.18344772769558,,143.88431994151586,,148.61904734469073,,154.95570907711527,,161.3689137467736,,166.76519082175466,,169.85424507440337,,174.0641066222609,,181.6090532924472,,187.88557414561663,,194.03046585373818,,,blank,,blank,,blank,,blank,,blank,,blank,304.43859814201573,,363.4368006912766,,358.4833791817195,,399.34637295923557,,504.51636871844056,,619.5494686754834,,677.0113451274092,,1084.1760323898088,,1328.9931497793743,,1429.1933219710438,,1604.5750605842575,,1646.9361089904914,,1595.8819698555646,,1531.5093596419606,,1536.0691317600301,,1509.0986810904437,,1641.5781033841272,,1734.080243031143,,1926.487317826212,,1926.339699304404,,1940.9519418526736,,2001.6225316043992,,2302.839307710483,,2451.1537749766385,,2807.7360382123406,,3530.249606458092,,4977.392375480479,,5809.715077325408,,6997.938110366956,,8193.754415583433,,9644.148275062022,,9608.221959070555,,10751.724217631088,,11208,,11961,,12457,,13271,,14685,,15930,,16222,,18545,,20490,,21957,,25759,,28867,,32785,,37644,,41627,,45082,,50156,,57513,,66199,,79296,,89669,,112382,,136349,,156673,,172337,,188706,,201599,,220319,,242390,,257061,,261013,,271096,,287918,,295717,,293791,,295359,,313230,,331304,
23,,   HEALTH AND SOCIAL WORK,,N,,blank,3.01392829961016,,3.4766317064585834,,3.9384094596523345,,4.219746460428804,,4.110198435910622,,3.706830855400325,,3.8398641110475755,,3.6823001819735013,,3.7609571115246254,,3.743083062585953,,4.09886118393218,,3.9322113792150626,,3.9666654642223174,,3.9134164376817266,,4.026420279395038,,4.027158581216621,,4.4468375190938705,,4.81814577956347,,5.052842402169918,,5.131560856872838,,5.500205673674251,,5.514638283476829,,5.8770908914520525,,6.134305719616811,,6.704348159125376,,7.219909084375062,,7.633888014640511,,7.241343653388792,,7.813170322299516,,9.224350897600115,,9.91600077666222,,10.900802126586457,,11.056823957500933,,11.22169548686284,,11.144118224491663,,11.094532921506566,,11.248266413710597,,12.479682403549383,,14.330745982704979,,13.760715451290308,,13.635243835267348,,13.935399250022945,,13.760560646069651,,13.687369531617032,,13.87563054207401,,14.651712776227056,,14.836516470089405,,14.664914882993655,,16.08488164690756,,15.569364384668829,,16.045757604410557,,16.831644169205067,,17.029733326491304,,17.140962862214035,,17.80610929362713,,18.352436764140784,,18.731209414801185,,19.160125064177496,,18.67019432635774,,19.134326178750694,,19.89193102054098,,19.89203025465678,,21.387871423514657,,21.340792774294783,,21.82811167018656,,22.472081541287015,,23.585329546026028,,24.82882232775819,,25.728413327123594,,26.510542888293745,,27.126369964152104,,29.554837169526632,,30.75829692426102,,29.993634552154738,,32.21764772405533,,33.33075481634991,,33.872942239552216,,34.70018561444933,,35.41145606288825,,,blank,,blank,,blank,,blank,,blank,,blank,135.5331346520734,,145.74722411835765,,191.66141832826466,,224.98408070063937,,267.14244771381266,,292.0809886623716,,395.9620743026093,,535.644201256798,,694.8098986675391,,854.9690210291421,,959.8243674891552,,982.6168643380018,,976.5252090387385,,958.1881475985558,,981.0815565537152,,1000.8447839770987,,1055.1802457717713,,1137.8629871114783,,1136.1695077250458,,1161.463741757352,,1106.4946286780755,,1288.3356441343392,,1394.7456402283274,,1540.4403184792407,,1636.2824601229313,,2571.915272033233,,3362.0543801283848,,4035.1225022965923,,4609.695007832273,,5154.796673473729,,5063.4832440034925,,5330.408378394045,,6011.460890887855,,5304,,5681,,6018,,6343,,6577,,7548,,8151,,8713,,9035,,9615,,10057,,10703,,15868,,17911,,18855,,20711,,22393,,23862,,26617,,30147,,34566,,38468,,51553,,58217,,66461,,75056,,81335,,85233,,92593,,102292,,111592,,120289,,131133,,139668,,149191,,157650,,169010,,182353,
24,,"   OTHER COMMUNITY, SOCIAL AND PERSONAL SERVICE ACTIVITIES",,O,,blank,70.31759374592357,,79.92936172005581,,89.21042453912182,,94.14263295330528,,90.36208197551846,,80.27395297532996,,82.70882134496345,,78.91172686807218,,80.18147361478363,,79.37221674415713,,86.46976968734828,,84.87419933506631,,84.0271774044881,,81.29324530753462,,82.09259824388448,,80.54378642535161,,86.85953763357014,,91.92886976316906,,94.1672952383591,,93.39709666070644,,97.79262737065305,,95.70482234721354,,98.27631218294863,,98.82570484170623,,104.05419145129737,,107.9690962995434,,109.85685517639803,,100.30388594896415,,104.09803838208148,,118.25360814668136,,122.31969874267176,,129.29478465132723,,132.2965606198961,,135.45029413646014,,135.6986970782733,,138.31373810199563,,142.5885924924968,,156.66792621582817,,179.5215113269416,,177.16784140001437,,177.04473186129582,,180.4961092759554,,182.3038867645165,,180.74133179487478,,182.72332625972203,,192.2670610583405,,199.42789036780363,,202.2455417219266,,219.76624292747724,,219.2585854037005,,232.82240131955766,,243.07491791362304,,251.0359801460782,,257.2884579137817,,272.67011035969597,,283.48245207415005,,287.32779605768206,,292.01312351147936,,284.1965528181229,,291.4342700389665,,302.55665419752813,,300.87621525480284,,317.6628432164623,,316.15668018616987,,322.4624947046656,,335.9783164471295,,338.0339938789499,,346.38371663244595,,348.1815921134369,,345.68728921207514,,345.06834145158007,,366.9919785773396,,370.078525080736,,361.71260776905535,,381.7334061441427,,386.0900567462369,,390.26223801709006,,400.7585884712851,,405.8020168143592,,,blank,,blank,,blank,,blank,,blank,,blank,3956.722225417653,,3920.77087623645,,3877.4552347370195,,3831.0287736637792,,3903.598288857424,,3977.400548441252,,4012.818947089542,,4017.6681522171066,,3892.6624722780616,,3847.033222417545,,3895.2587674101023,,4191.4070898102655,,4459.458700172059,,4777.898184079731,,5125.2236609563515,,5516.775456594422,,5854.93020487768,,6202.289853657741,,6510.7122619639085,,6915.824931490105,,7337.680368270569,,7421.614409147399,,7182.418884484361,,6988.36171054865,,6623.989715402637,,9941.792401089948,,11206.218563637538,,12095.58221115508,,12865.721959478049,,13470.82386266532,,13940.757009869572,,14504.974186958758,,15745.561561950639,,12338.735270000001,,,blank,,blank,,blank,,blank,,blank,,blank,,blank,,blank,,blank,,blank,,blank,,blank,,blank,,blank,,blank,,blank,,blank,,blank,,blank,,blank,,blank,,blank,,blank,,blank,,blank,,blank,,blank,,blank,,blank,,blank,,blank,,blank,,blank,,blank,,blank,,blank,,blank
25,,   PRIVATE HOUSEHOLDS WITH EMPLOYED PERSONS,,P,,blank,59.35702910086456,,68.0767248950526,,76.65816736943053,,81.62625579051179,,79.04802011176675,,70.8464141686528,,73.64978419275342,,70.8914228453657,,72.67397066708891,,72.58251920810814,,79.78036306306342,,78.99979211676524,,78.90258154402107,,77.01543364838327,,78.45947242654633,,77.65982923785984,,84.48902060274855,,90.20629229435913,,93.219039460329,,93.26702413298386,,98.51281320101339,,97.25611467216109,,100.17258502240554,,101.03262288893684,,106.69023964702367,,111.03626703231136,,113.29281396979984,,103.73268058422168,,107.96483953461497,,122.98408859325396,,127.55827718019555,,135.18441597839208,,138.20427580870063,,141.3866468013225,,141.51718217498453,,144.11116144228978,,148.41413162361337,,162.89877926101835,,186.46818492611746,,183.80928061428943,,183.48382147744852,,186.82240786361444,,188.46317892098062,,186.60582956038658,,188.38751964176203,,197.95204043729353,,201.25826187483554,,200.06937135111923,,213.09668523497115,,208.38748650197138,,216.90016915876794,,221.96412408053908,,224.68242464229394,,225.71837529678362,,234.47272743113388,,238.9350920912587,,238.2519858629929,,238.2119114624339,,228.0641215575514,,230.06279838993936,,234.9330072396441,,229.80484432612758,,238.65278659744212,,233.61426322315066,,234.33972321752913,,240.13076398277713,,241.9284924471629,,248.2431326387346,,249.8645330599142,,248.39064469073435,,248.26016264219967,,264.3565055275905,,266.90562361321616,,261.16902893766064,,275.9450450713925,,279.4063405178358,,271.7820340617843,,268.54302724551343,,261.62976484619685,,,blank,,blank,,blank,,blank,,blank,436.96978290799643,,815.2725628635941,,885.4604616297709,,867.1660550625621,,1000.1384546693549,,1196.4590375664338,,1192.8013396623735,,1378.6839587545555,,1724.5503803149102,,1964.1737127096299,,2469.0055766817177,,2724.839287066111,,2411.1615588129002,,2102.3636079794956,,1787.113005851821,,1627.57658236888,,1545.3174055220377,,1627.1781446183227,,1826.2039762416562,,1768.8763881790485,,1614.2252684144403,,1561.7155330846992,,1582.072681653197,,1670.8839492564034,,1700.2296219590585,,1877.384190764487,,2472.076747311141,,3817.9145596289213,,4053.11099504716,,4378.487209981784,,4485.7354080889545,,4577.2544134856,,5027.183973884256,,5056.356065829313,,4956,,4996.07649042002,,5005.335851528869,,5343.157088307971,,5576.449396698156,,5457.040435648555,,5420.999384404911,,5438.997833751761,,8110,,9174,,9851,,11062,,12530,,13755,,14963,,16399,,17730,,16516,,17309,,18103,,21706,,25857,,25670,,27922,,31920,,35444,,38143,,40830,,42191,,43714,,45501,,47304,,49496,,50667,,50564,,50584,,50661,,51633,
26,,   EXTRA-TERRITORIAL ORGANIZATION AND BODIES,,Q,,blank,,blank,,blank,,blank,,blank,,blank,,blank,,blank,,blank,,blank,,blank,,blank,,blank,,blank,,blank,,blank,,blank,,blank,,blank,,blank,,blank,,blank,,blank,,blank,,blank,,blank,,blank,,blank,,blank,,blank,,blank,,blank,,blank,,blank,,blank,,blank,,blank,,blank,,blank,,blank,,blank,,blank,,blank,,blank,,blank,,blank,,blank,,blank,,blank,,blank,,blank,,blank,,blank,,blank,,blank,,blank,,blank,,blank,,blank,,blank,,blank,,blank,,blank,,blank,,blank,,blank,,blank,,blank,,blank,,blank,,blank,,blank,,blank,,blank,,blank,,blank,,blank,,blank,,blank,,blank,,blank,,blank,,blank,,blank,,blank,,blank,,blank,,blank,,blank,,blank,,blank,,blank,,blank,,blank,,blank,,blank,,blank,,blank,,blank,,blank,,blank,,blank,,blank,,blank,,blank,,blank,,blank,,blank,,blank,,blank,,blank,,blank,,blank,,blank,,blank,,blank,,blank,,blank,,blank,,blank,,blank,,blank,,blank,,blank,,blank,,blank,,blank,,blank,,blank,,blank,,blank,,blank,,blank,,blank,,blank,,blank,,blank,,blank,,blank,,blank,,blank,,blank,,blank,,blank,,blank,,blank,,blank,,blank,,blank,,blank,,blank,,blank,,blank,,blank,,blank,,blank,,blank
27,,blank,,blank,,blank,,blank,,blank,,blank,,blank,,blank,,blank,,blank,,blank,,blank,,blank,,blank,,blank,,blank,,blank,,blank,,blank,,blank,,blank,,blank,,blank,,blank,,blank,,blank,,blank,,blank,,blank,,blank,,blank,,blank,,blank,,blank,,blank,,blank,,blank,,blank,,blank,,blank,,blank,,blank,,blank,,blank,,blank,,blank,,blank,,blank,,blank,,blank,,blank,,blank,,blank,,blank,,blank,,blank,,blank,,blank,,blank,,blank,,blank,,blank,,blank,,blank,,blank,,blank,,blank,,blank,,blank,,blank,,blank,,blank,,blank,,blank,,blank,,blank,,blank,,blank,,blank,,blank,,blank,,blank,,blank,,blank,,blank,,blank,,blank,,blank,,blank,,blank,,blank,,blank,,blank,,blank,,blank,,blank,,blank,,blank,,blank,,blank,,blank,,blank,,blank,,blank,,blank,,blank,,blank,,blank,,blank,,blank,,blank,,blank,,blank,,blank,,blank,,blank,,blank,,blank,,blank,,blank,,blank,,blank,,blank,,blank,,blank,,blank,,blank,,blank,,blank,,blank,,blank,,blank,,blank,,blank,,blank,,blank,,blank,,blank,,blank,,blank,,blank,,blank,,blank,,blank,,blank,,blank,,blank,,blank,,blank,,blank,,blank,,blank,,blank,,blank,,blank,,blank,,blank,,blank,,blank
28,,TOTAL VALUE ADDED,,tVA,,blank,,blank,,blank,,blank,,blank,,blank,,blank,,blank,,blank,,blank,,blank,,blank,,blank,,blank,,blank,,blank,,blank,,blank,,blank,,blank,,blank,,blank,,blank,,blank,,blank,,blank,,blank,,blank,,blank,,blank,,blank,,blank,,blank,,blank,,blank,,blank,,blank,,blank,,blank,,blank,,blank,,blank,,blank,,blank,,blank,,blank,,blank,,blank,,blank,,blank,,blank,,blank,,blank,,blank,,blank,,blank,,blank,,blank,,blank,,blank,,blank,,blank,,blank,,blank,,blank,,blank,,blank,,blank,,blank,,blank,,blank,,blank,,blank,,blank,,blank,,blank,,blank,,blank,,blank,,blank,,blank,,blank,,blank,,blank,,blank,,blank,,blank,,blank,,blank,,blank,,blank,,blank,,blank,,blank,,blank,,blank,,blank,,blank,,blank,,blank,,blank,,blank,,blank,,blank,,blank,,blank,,blank,,blank,,blank,,blank,,blank,,blank,,blank,,blank,,blank,,blank,,blank,,blank,,blank,,blank,,blank,,blank,,blank,,blank,,blank,,blank,,blank,,blank,,blank,,blank,,blank,,blank,,blank,,blank,,blank,,blank,,blank,,blank,,blank,,blank,,blank,,blank,,blank,,blank,,blank,,blank,,blank,,blank,,blank,,blank,,blank,,blank,,blank,,blank,,blank,,blank,,blank
29,,NET INDIRECT TAXES,,iTAX,,blank,,blank,,blank,,blank,,blank,,blank,,blank,,blank,,blank,,blank,,blank,,blank,,blank,,blank,,blank,,blank,,blank,,blank,,blank,,blank,,blank,,blank,,blank,,blank,,blank,,blank,,blank,,blank,,blank,,blank,,blank,,blank,,blank,,blank,,blank,,blank,,blank,,blank,,blank,,blank,,blank,,blank,,blank,,blank,,blank,,blank,,blank,,blank,,blank,,blank,,blank,,blank,,blank,,blank,,blank,,blank,,blank,,blank,,blank,,blank,,blank,,blank,,blank,,blank,,blank,,blank,,blank,,blank,,blank,,blank,,blank,,blank,,blank,,blank,,blank,,blank,,blank,,blank,,blank,,blank,,blank,,blank,,blank,,blank,,blank,,blank,,blank,,blank,,blank,,blank,,blank,,blank,,blank,,blank,,blank,,blank,,blank,,blank,,blank,,blank,,blank,,blank,,blank,,blank,,blank,,blank,,blank,,blank,,blank,,blank,,blank,,blank,,blank,,blank,,blank,,blank,,blank,,blank,,blank,,blank,,blank,,blank,,blank,,blank,,blank,,blank,,blank,,blank,,blank,,blank,,blank,,blank,,blank,,blank,,blank,,blank,,blank,,blank,,blank,,blank,,blank,,blank,,blank,,blank,,blank,,blank,,blank,,blank,,blank,,blank,,blank,,blank,,blank,,blank,,blank,,blank,,blank
30,,TOTAL GDP,,GDP,,blank,1496.530774414731,,1665.1526306980895,,1744.6888211232117,,1770.3928319191027,,1851.9935228266736,,1842.9733577905083,,1863.184138118105,,1791.1088621164688,,1744.2839119552698,,1726.6124510668103,,1795.6730612309348,,1922.2907346814343,,2182.1841934664594,,1842.7549873810167,,1854.8824294616643,,1877.3081368190979,,1925.0351928432087,,2058.3526085005205,,2338.6298198724103,,2758.422230043292,,2851.3411744163795,,3057.7865261038082,,2986.428229953819,,2863.1924916147227,,2873.2160092970084,,3154.5456402759182,,3212.253154860892,,3274.955416490291,,3326.982498339906,,3553.275964363671,,3611.4155250157996,,3896.738820924868,,3894.840106506741,,4052.479083643391,,4255.077816111629,,4518.980512773583,,4664.125886404035,,5585.691244261518,,5974.788186613347,,5791.151247675389,,5204.981034794232,,5073.817241522671,,5083.4169514644545,,4998.7009315382265,,4896.124726113331,,5451.670608552963,,5512.748749271571,,5568.027122964976,,5500.074884497839,,5049.432309461782,,4925.756207693246,,4766.180595951705,,5041.73848839769,,5146.136798062948,,5388.417748637416,,5587.050666545611,,5540.403322062591,,5366.1190385106165,,5349.661528820263,,5210.059716521282,,5334.312164771869,,5435.035072809547,,5730.720809420356,,5778.265772341035,,6091.436613513599,,6328.970307159834,,6127.252098358124,,6258.8082738493795,,6442.475869420605,,6656.8328035417935,,6883.68362151347,,7329.4234781316545,,7655.000568576767,,7290.1777415860215,,7312.521685749077,,7735.108175538628,,7984.995226999849,,8402.65480165666,,8647.446067183248,,,blank,,blank,,blank,,blank,,blank,,blank,28518.85921277743,,28480.632420517533,,29126.700612238696,,35221.87216042219,,42557.84427444949,,44716.55620676836,,55235.21490189992,,70110.25267036581,,79721.4567860227,,89484.65352126441,,90645.23740693557,,82336.78322807243,,70724.01182110178,,68935.51359804395,,66675.46759877128,,65362.04866312105,,71496.47262924876,,85638.00281326784,,83018.09465186713,,81957.5457407248,,,blank,,blank,,blank,,blank,,blank,,blank,215198.7007465352,,261754.46488131993,,331220.79733129265,,322539.18062999286,,337527.54604202945,,394747.03451742174,,402089.7462108158,,412357,,426845.07649042003,,454066.33585152886,,482319.15708830795,,514972.44939669815,,514675.0404356485,,531443.9993844049,,568543.9978337518,,604632,,644517,,698511,,778356,,847506,,917000,,978054,,1040807,,1145968,,1286626,,1417448,,1588045,,1813335,,2123424,,2343449,,2688133,,2910990,,3133679,,3328919,,3613097,,3744989,,4098377,,4345857,,4652462,,5009229,,5303832,,5523472,,5860411,,6347934,,6760830,
31,,blank,,blank,,blank,,blank,,blank,,blank,,blank,,blank,,blank,,blank,,blank,,blank,,blank,,blank,,blank,,blank,,blank,,blank,,blank,,blank,,blank,,blank,,blank,,blank,,blank,,blank,,blank,,blank,,blank,,blank,,blank,,blank,,blank,,blank,,blank,,blank,,blank,,blank,,blank,,blank,,blank,,blank,,blank,,blank,,blank,,blank,,blank,,blank,,blank,,blank,,blank,,blank,,blank,,blank,,blank,,blank,,blank,,blank,,blank,,blank,,blank,,blank,,blank,,blank,,blank,,blank,,blank,,blank,,blank,,blank,,blank,,blank,,blank,,blank,,blank,,blank,,blank,,blank,,blank,,blank,,blank,,blank,,blank,,blank,,blank,,blank,,blank,,blank,,blank,,blank,,blank,,blank,,blank,,blank,,blank,,blank,,blank,,blank,,blank,,blank,,blank,,blank,,blank,,blank,,blank,,blank,,blank,,blank,,blank,,blank,,blank,,blank,,blank,,blank,,blank,,blank,,blank,,blank,,blank,,blank,,blank,,blank,,blank,,blank,,blank,,blank,,blank,,blank,,blank,,blank,,blank,,blank,,blank,,blank,,blank,,blank,,blank,,blank,,blank,,blank,,blank,,blank,,blank,,blank,,blank,,blank,,blank,,blank,,blank,,blank,,blank,,blank,,blank,,blank,,blank,,blank,,blank,,blank,,blank
32,,blank,,blank,,blank,,blank,,blank,,blank,,blank,,blank,,blank,,blank,,blank,,blank,,blank,,blank,,blank,,blank,,blank,,blank,,blank,,blank,,blank,,blank,,blank,,blank,,blank,,blank,,blank,,blank,,blank,,blank,,blank,,blank,,blank,,blank,,blank,,blank,,blank,,blank,,blank,,blank,,blank,,blank,,blank,,blank,,blank,,blank,,blank,,blank,,blank,,blank,,blank,,blank,,blank,,blank,,blank,,blank,,blank,,blank,,blank,,blank,,blank,,blank,,blank,,blank,,blank,,blank,,blank,,blank,,blank,,blank,,blank,,blank,,blank,,blank,,blank,,blank,,blank,,blank,,blank,,blank,,blank,,blank,,blank,,blank,,blank,,blank,,blank,,blank,,blank,,blank,,blank,,blank,,blank,,blank,,blank,,blank,,blank,,blank,,blank,,blank,,blank,,blank,,blank,,blank,,blank,,blank,,blank,,blank,,blank,,blank,,blank,,blank,,blank,,blank,,blank,,blank,,blank,,blank,,blank,,blank,,blank,,blank,,blank,,blank,,blank,,blank,,blank,,blank,,blank,,blank,,blank,,blank,,blank,,blank,,blank,,blank,,blank,,blank,,blank,,blank,,blank,,blank,,blank,,blank,,blank,,blank,,blank,,blank,,blank,,blank,,blank,,blank,,blank,,blank,,blank,,blank,,blank,,blank,,blank
33,,blank,,ID,,blank,1835,,1836,,1837,,1838,,1839,,1840,,1841,,1842,,1843,,1844,,1845,,1846,,1847,,1848,,1849,,1850,,1851,,1852,,1853,,1854,,1855,,1856,,1857,,1858,,1859,,1860,,1861,,1862,,1863,,1864,,1865,,1866,,1867,,1868,,1869,,1870,,1871,,1872,,1873,,1874,,1875,,1876,,1877,,1878,,1879,,1880,,1881,,1882,,1883,,1884,,1885,,1886,,1887,,1888,,1889,,1890,,1891,,1892,,1893,,1894,,1895,,1896,,1897,,1898,,1899,,1900,,1901,,1902,,1903,,1904,,1905,,1906,,1907,,1908,,1909,,1910,,1911,,1912,,1913,,1914,,1915,,1916,,1917,,1918,,1919,,1920,,1921,,1922,,1923,,1924,,1925,,1926,,1927,,1928,,1929,,1930,,1931,,1932,,1933,,1934,,1935,,1936,,1937,,1938,,1939,,1940,,1941,,1942,,1943,,1944,,1945,,1946,,1947,,1948,,1949,,1950,,1951,,1952,,1953,,1954,,1955,,1956,,1957,,1958,,1959,,1960,,1961,,1962,,1963,,1964,,1965,,1966,,1967,,1968,,1969,,1970,,1971,,1972,,1973,,1974,,1975,,1976,,1977,,1978,,1979,,1980,,1981,,1982,,1983,,1984,,1985,,1986,,1987,,1988,,1989,,1990,
34,,"AGRICULTURE, HUNTING, FORESTRY AND FISHING",,A; B,,blank,,blank,,blank,,blank,,blank,,blank,,blank,,blank,,blank,,blank,,blank,,blank,,blank,,blank,,blank,,blank,,blank,,blank,,blank,,blank,,blank,,blank,,blank,,blank,,blank,,blank,,blank,,blank,,blank,,blank,,blank,,blank,,blank,,blank,,blank,,blank,,blank,,blank,,blank,,blank,,blank,,blank,,blank,,blank,,blank,,blank,,blank,,blank,,blank,,blank,,blank,,blank,,blank,,blank,,blank,,blank,,blank,,blank,,blank,,blank,,blank,,blank,,blank,,blank,,blank,,blank,,blank,,blank,,blank,,blank,,blank,,blank,,blank,,blank,,blank,,blank,,blank,,blank,,blank,,blank,,blank,,blank,,blank,,blank,,blank,,blank,,blank,,blank,,blank,,blank,,blank,,blank,,blank,,blank,,blank,,blank,,blank,,blank,,blank,,blank,,blank,,blank,,blank,,blank,,blank,,blank,,blank,,blank,,blank,,blank,,blank,,blank,,blank,,blank,,blank,,blank,,blank,,blank,,blank,,blank,,blank,,blank,,blank,,blank,,blank,,blank,,blank,,blank,,blank,,blank,,blank,,blank,,blank,,blank,,blank,,blank,,blank,,blank,,blank,,blank,,blank,,blank,,blank,,blank,,blank,,blank,,blank,,blank,,blank,,blank,,blank,,blank,,blank,,blank,,blank,,blank,,blank
35,,"   AGRICULTURE, HUNTING AND FORESTRY",,A,,blank,307.92403006378186,,321.96118305341633,,326.9289883026494,,347.6892296112905,,384.832961652326,,398.2225610793728,,399.9777472068702,,401.398100818835,,402.5154347675363,,382.9366688273579,,393.0964820411331,,465.63138893117207,,682.6101903856927,,410.3991508828041,,422.4238586839323,,377.5474266058263,,393.329657450087,,433.7111087405454,,501.0337422713247,,696.1815062621117,,629.016021480814,,686.2683890222421,,610.507137181673,,522.811808964165,,459.9456357435112,,580.6285621885596,,595.2230814332669,,627.1162214776625,,620.1271945224113,,582.9432325938996,,546.4923963477057,,594.8573656077846,,666.8391126367057,,782.0826649302112,,617.5527678434378,,665.6841388774487,,658.480378372696,,732.5896144436916,,668.1351629354856,,820.5567681090292,,629.677666218165,,725.7941755747443,,739.7218116927287,,635.8084847095278,,636.7506331676695,,685.5894147247883,,708.1971489720387,,704.3117967040716,,681.3587226899167,,600.2856442153562,,584.890007559111,,585.0457791237478,,575.7359372409467,,571.8024529514503,,614.1293678356019,,612.4556424723497,,647.1212398920944,,628.8847954107067,,633.5227077196037,,590.1921211663554,,580.7788903049436,,547.2327071367587,,635.0194957357998,,619.664912175979,,582.4045315156676,,635.3244546619936,,649.4999675372643,,676.4318120863867,,668.8207804521827,,701.3795142104127,,730.2763154053989,,747.027851205562,,772.5694985516095,,775.4679497924315,,763.682717900102,,824.9950610812621,,822.2685205534311,,792.3981575399775,,786.7541478226963,,,blank,,blank,,blank,,blank,,blank,3908.291,,5229.79,,4481.172,,3425.773,,5122.781,,5693.543,,5636.241,,7050.822,,7646.451,,8630.007,,9044.307,,7965.761,,6549.718,,5937.427,,6018.956,,5075.808,,2520.063,,2209.102,,6344.281,,6636.141,,6691.263,,,blank,,blank,,blank,,blank,,blank,17000,,22392,,21486,,25057,,27251,,25042,,28753,,27752,,31918,,31560,,32858,,32032,,35810,,34335,,35502,,36516,,40103,,38347,,40941,,42985,,45381,,43495,,44719,,48146,,52759,,45997,,48808,,63025,,68585,,58082,,68208,,76131,,68355,,76032,,77007,,79390,,88171,,97799,,109688,,112316,,112176,,114203,,108314,,113323,,139294,,124326,
36,,      Agriculture,1,,,blank,,blank,,blank,,blank,,blank,,blank,,blank,,blank,,blank,,blank,,blank,,blank,,blank,,blank,,blank,,blank,,blank,,blank,,blank,,blank,,blank,,blank,,blank,,blank,,blank,,blank,,blank,,blank,,blank,,blank,,blank,,blank,,blank,,blank,,blank,,blank,,blank,,blank,,blank,,blank,,blank,,blank,,blank,,blank,,blank,,blank,,blank,,blank,,blank,,blank,,blank,,blank,,blank,,blank,,blank,,blank,,blank,,blank,,blank,,blank,,blank,,blank,,blank,,blank,,blank,,blank,,blank,,blank,,blank,,blank,,blank,,blank,,blank,,blank,,blank,,blank,,blank,,blank,,blank,,blank,,blank,,blank,,blank,,blank,,blank,,blank,,blank,,blank,,blank,,blank,,blank,,blank,,blank,,blank,,blank,,blank,,blank,,blank,,blank,,blank,,blank,,blank,,blank,,blank,,blank,,blank,,blank,,blank,,blank,,blank,,blank,,blank,,blank,,blank,,blank,,blank,,blank,,blank,,blank,,blank,,blank,,blank,,blank,,blank,,blank,,blank,,blank,,blank,,blank,,blank,,blank,,blank,,blank,,blank,,blank,,blank,,blank,,blank,,blank,,blank,,blank,,blank,,blank,,blank,,blank,,blank,,blank,,blank,,blank,,blank,,blank,,blank,,blank,,blank,,blank,,blank,,blank
37,,      Forestry,2,,,blank,,blank,,blank,,blank,,blank,,blank,,blank,,blank,,blank,,blank,,blank,,blank,,blank,,blank,,blank,,blank,,blank,,blank,,blank,,blank,,blank,,blank,,blank,,blank,,blank,,blank,,blank,,blank,,blank,,blank,,blank,,blank,,blank,,blank,,blank,,blank,,blank,,blank,,blank,,blank,,blank,,blank,,blank,,blank,,blank,,blank,,blank,,blank,,blank,,blank,,blank,,blank,,blank,,blank,,blank,,blank,,blank,,blank,,blank,,blank,,blank,,blank,,blank,,blank,,blank,,blank,,blank,,blank,,blank,,blank,,blank,,blank,,blank,,blank,,blank,,blank,,blank,,blank,,blank,,blank,,blank,,blank,,blank,,blank,,blank,,blank,,blank,,blank,,blank,,blank,,blank,,blank,,blank,,blank,,blank,,blank,,blank,,blank,,blank,,blank,,blank,,blank,,blank,,blank,,blank,,blank,,blank,,blank,,blank,,blank,,blank,,blank,,blank,,blank,,blank,,blank,,blank,,blank,,blank,,blank,,blank,,blank,,blank,,blank,,blank,,blank,,blank,,blank,,blank,,blank,,blank,,blank,,blank,,blank,,blank,,blank,,blank,,blank,,blank,,blank,,blank,,blank,,blank,,blank,,blank,,blank,,blank,,blank,,blank,,blank,,blank,,blank,,blank,,blank,,blank,,blank,,blank
38,,   FISHING,,B,,blank,,blank,,blank,,blank,,blank,,blank,,blank,,blank,,blank,,blank,,blank,,blank,,blank,,blank,,blank,,blank,,blank,,blank,,blank,,blank,,blank,,blank,,blank,,blank,,blank,,blank,,blank,,blank,,blank,,blank,,blank,,blank,,blank,,blank,,blank,,blank,,blank,,blank,,blank,,blank,,blank,,blank,,blank,,blank,,blank,,blank,,blank,,blank,,blank,,blank,,blank,,blank,,blank,,blank,,blank,,blank,,blank,,blank,,blank,,blank,,blank,,blank,,blank,,blank,,blank,,blank,,blank,,blank,,blank,,blank,,blank,,blank,,blank,,blank,,blank,,blank,,blank,,blank,,blank,,blank,,blank,,blank,,blank,,blank,,blank,,blank,,blank,,blank,,blank,,blank,,blank,,blank,,blank,,blank,,blank,,blank,,blank,,blank,,blank,,blank,,blank,,blank,,blank,,blank,,blank,,blank,,blank,,blank,,blank,,blank,,blank,,blank,,blank,,blank,,blank,,blank,,blank,,blank,,blank,,blank,,blank,,blank,,blank,,blank,,blank,,blank,,blank,,blank,,blank,,blank,,blank,,blank,,blank,,blank,,blank,,blank,,blank,,blank,,blank,,blank,,blank,,blank,,blank,,blank,,blank,,blank,,blank,,blank,,blank,,blank,,blank,,blank,,blank,,blank,,blank,,blank,,blank
39,,TOTAL INDUSTRY,,C; D; E; F,,blank,517.055369374768,,610.1529191235712,,632.4103514307662,,616.463546304404,,651.1103859415616,,657.668854201549,,671.298490447088,,669.2734197988656,,652.6114866549791,,631.3410853479605,,648.2488502237939,,686.5533199642744,,687.2832667383091,,697.6921036814337,,678.4786275744698,,728.5557636703185,,735.4096290149761,,790.0137349005638,,949.1629404846327,,1095.7281859512427,,1225.0949502967123,,1324.0899590658792,,1302.7267747733415,,1262.366624159479,,1310.2836170806004,,1418.4791767153056,,1434.3051224488047,,1462.043977883808,,1472.0104468865593,,1650.3494356813294,,1681.408287764835,,1860.5756524870662,,1786.3823839553136,,1790.7157883151406,,2065.1968865898493,,2200.019244907413,,2270.941031673426,,2916.716481632521,,3263.539426214095,,2931.332141252772,,2508.1649883423293,,2303.5473923269083,,2305.8032429101604,,2311.894343312651,,2196.310309955637,,2545.57533216355,,2577.402306615029,,2580.3702750152597,,2499.242754153492,,2231.522342820002,,2091.7157286847405,,1958.55641903524,,2166.3680422490647,,2198.462698854477,,2341.468425645974,,2455.632302508905,,2349.686299292556,,2257.414153308793,,2215.599970654086,,2138.8371872497933,,2210.43246331828,,2285.8637743251334,,2406.8877566212627,,2428.509133234681,,2663.9319704424247,,2786.520160105343,,2575.1411019843254,,2599.855884080694,,2680.888401608239,,2777.564521425754,,2829.6587086379327,,3068.066422195579,,3254.8587683145734,,2988.8956738275897,,2901.8543250428943,,3048.7774873144494,,3151.639678051747,,3383.725526743262,,3497.4995376321144,,,blank,,blank,,blank,,blank,,blank,,blank,9209.403601203534,,9948.491607604472,,10635.943555770396,,12790.83833500491,,16314.158172892894,,17260.819240534725,,22127.01026657646,,30049.850174470554,,34262.345943082655,,38799.20068816831,,38065.534884974615,,33284.47244928639,,26116.041747624946,,25283.56671829332,,24470.987003806695,,25216.901425014687,,29034.563478544394,,34644.06904887168,,32194.651313888535,,31116.049968204097,,20988.347593058086,,22431.279285012963,,22313.28380137254,,27072.865970509047,,27730.982409015338,,46210.53219042854,,83222.03248117301,,108549.44953001916,,138079.88044340734,,137907.84366780156,,144800.85425270596,,170105.3590172303,,168349.51058787765,,172702,,178129,,188310,,203134,,218670,,210590,,211495,,230899,,245262,,264015,,285447,,328129,,347763,,374544,,393920,,413795,,460479,,541536,,567923,,629172,,722093,,860354,,892004,,1011253,,1081591,,1140682,,1206040,,1266525,,1211282,,1325527,,1384270,,1456082,,1573269,,1625212,,1638169,,1757877,,1929303,,2053833,
40,,   MINING AND QUARRYING,,C,,blank,,blank,,blank,,blank,,blank,,blank,,blank,,blank,,blank,,blank,,blank,,blank,,blank,,blank,,blank,,blank,,blank,,blank,,blank,,blank,,blank,,blank,,blank,,blank,,blank,,blank,,blank,,blank,,blank,,blank,,blank,,blank,,blank,,blank,,blank,,blank,,blank,,blank,,blank,,blank,,blank,,blank,,blank,,blank,,blank,,blank,,blank,,blank,,blank,,blank,,blank,,blank,,blank,,blank,,blank,,blank,,blank,,blank,,blank,,blank,,blank,,blank,,blank,,blank,,blank,,blank,,blank,,blank,,blank,,blank,,blank,,blank,,blank,,blank,,blank,,blank,,blank,,blank,,blank,,blank,,blank,,blank,,blank,,blank,,blank,,blank,,blank,,blank,,blank,,blank,,blank,,blank,,blank,,blank,,blank,,blank,,blank,,blank,,blank,,blank,,blank,,blank,,blank,,blank,,blank,,blank,,blank,,blank,,blank,,blank,,blank,,blank,,blank,,blank,,blank,,blank,,blank,,blank,,blank,,blank,,blank,,blank,,blank,,blank,,blank,,blank,,blank,,blank,,blank,,blank,,blank,,blank,,blank,,blank,,blank,,blank,,blank,,blank,,blank,,blank,,blank,,blank,,blank,,blank,,blank,,blank,,blank,,blank,,blank,,blank,,blank,,blank,,blank,,blank,,blank,,blank,,blank
41,,   MANUFACTURING,,D,,blank,,blank,,blank,,blank,,blank,,blank,,blank,,blank,,blank,,blank,,blank,,blank,,blank,,blank,,blank,,blank,,blank,,blank,,blank,,blank,,blank,,blank,,blank,,blank,,blank,,blank,,blank,,blank,,blank,,blank,,blank,,blank,,blank,,blank,,blank,,blank,,blank,,blank,,blank,,blank,,blank,,blank,,blank,,blank,,blank,,blank,,blank,,blank,,blank,,blank,,blank,,blank,,blank,,blank,,blank,,blank,,blank,,blank,,blank,,blank,,blank,,blank,,blank,,blank,,blank,,blank,,blank,,blank,,blank,,blank,,blank,,blank,,blank,,blank,,blank,,blank,,blank,,blank,,blank,,blank,,blank,,blank,,blank,,blank,,blank,,blank,,blank,,blank,,blank,,blank,,blank,,blank,,blank,,blank,,blank,,blank,,blank,,blank,,blank,,blank,,blank,,blank,,blank,,blank,,blank,,blank,,blank,,blank,,blank,,blank,,blank,,blank,,blank,,blank,,blank,,blank,,blank,,blank,,blank,,blank,,blank,,blank,,blank,,blank,,blank,,blank,,blank,,blank,,blank,,blank,,blank,,blank,,blank,,blank,,blank,,blank,,blank,,blank,,blank,,blank,,blank,,blank,,blank,,blank,,blank,,blank,,blank,,blank,,blank,,blank,,blank,,blank,,blank,,blank,,blank,,blank,,blank
42,,"      Manufacture of food products, beverages and tobacco",,15; 16,,blank,94.90367131764472,,98.17323797233016,,96.00514509425473,,98.17084721236975,,120.70662954976385,,118.70502904628549,,113.6616058592828,,102.73312036504213,,96.45733646983632,,98.10804855709318,,123.27612559226093,,143.4862273943754,,156.23832847113417,,128.48447377857428,,117.72671027136077,,119.70652616831521,,122.44041937281166,,143.74768758052446,,181.0078283578307,,222.07083744618657,,256.2284622990148,,243.47810255594516,,209.16719207268065,,165.86880007733652,,174.27398147138337,,191.27630717244546,,205.29910607855706,,193.56697903395641,,183.7090507254584,,190.30405260343446,,187.336444277248,,201.10201327131608,,247.51203542907857,,250.27580047991992,,216.9630799311191,,236.3435225279868,,290.74460036942264,,294.2751289461734,,295.09346137205824,,337.78299378754366,,287.3161137196151,,289.4216099559062,,286.92597736783097,,280.24996548918637,,291.1991788947993,,343.6373117757083,,354.58577268873745,,333.84964372862,,320.47819621476214,,270.1942252670246,,251.62364951765312,,242.96167287766048,,291.97580797378305,,269.3641598348262,,320.10914895674875,,302.1223137105404,,317.1257084627237,,305.9551673858443,,309.0403829006508,,267.5344273288058,,309.6774632022575,,297.70712771975735,,331.36727521598374,,316.7846569409158,,299.5653273266523,,329.8740865903991,,327.9183379153302,,307.8011708688856,,303.37566872545693,,328.381298316506,,363.9935115449096,,359.0029692328888,,387.08069219595194,,399.7035659895545,,413.43721805816915,,428.31417745500477,,443.5506940729801,,461.76591212333085,,418.5480608699676,,,blank,,blank,,blank,,blank,,blank,,blank,,blank,,blank,,blank,,blank,,blank,,blank,,blank,,blank,,blank,,blank,,blank,,blank,,blank,,blank,,blank,,blank,,blank,,blank,,blank,,blank,,blank,,blank,,blank,,blank,,blank,,blank,,blank,,blank,,blank,,blank,,blank,,blank,,blank,,blank,,blank,,blank,,blank,,blank,,blank,,blank,,blank,,blank,,blank,,blank,,blank,,blank,,blank,,blank,,blank,,blank,,blank,,blank,,blank,,blank,,blank,,blank,,blank,,blank,,blank,,blank,,blank,,blank,,blank,,blank,,blank,,blank,,blank,,blank,,blank,,blank,,blank
43,,"      Manufacture of textiles, wearing apparel and leather",,17; 18; 19,,blank,131.9714114750911,,182.4281436529587,,176.6495901895666,,148.15175168346383,,152.92260560148077,,147.8865688851922,,170.4188245370786,,172.15114345175843,,171.2558114604476,,146.6783086364457,,130.23770114948104,,112.26960151993964,,103.30844304311263,,117.66125598628395,,112.2046252493135,,125.72545445812464,,132.40273792009168,,134.23075576323438,,140.66781640579399,,138.4143058233431,,162.52365410084766,,203.1439607703886,,215.9300637461117,,204.37489447508756,,243.52020151797302,,258.41691415126365,,254.99117001099734,,269.4970389162989,,277.4147305824815,,321.73934374066846,,321.82547021407476,,391.03281459270954,,323.77069245486985,,377.5697024497844,,472.56917554149976,,456.13582641664095,,514.2696795714136,,684.5710175948876,,681.3575624605099,,600.6870416355849,,534.0971108692717,,530.8000336556207,,578.8875349555623,,539.7393631667812,,503.0998663461039,,561.7894041660289,,606.9742660228908,,512.7986027551674,,520.7625487039577,,462.4232377213565,,413.07386860053964,,437.9825874667628,,476.7352800174982,,476.49246570547234,,454.70724114037137,,485.18660661952964,,462.34081221544335,,454.0117784419522,,451.52492331202,,438.31651474399666,,439.39163060742237,,431.4166199656382,,446.6195234914083,,409.14866453575786,,477.5403514331739,,453.78548567853875,,456.9950615996635,,496.08028440528864,,549.6050190097984,,587.6788285009515,,588.6335127307443,,704.5445689122353,,831.8613541792562,,706.0897856241362,,718.6697697214522,,780.4633237539975,,822.7654238990705,,850.655668166797,,890.3899623121442,,,blank,,blank,,blank,,blank,,blank,,blank,,blank,,blank,,blank,,blank,,blank,,blank,,blank,,blank,,blank,,blank,,blank,,blank,,blank,,blank,,blank,,blank,,blank,,blank,,blank,,blank,,blank,,blank,,blank,,blank,,blank,,blank,,blank,,blank,,blank,,blank,,blank,,blank,,blank,,blank,,blank,,blank,,blank,,blank,,blank,,blank,,blank,,blank,,blank,,blank,,blank,,blank,,blank,,blank,,blank,,blank,,blank,,blank,,blank,,blank,,blank,,blank,,blank,,blank,,blank,,blank,,blank,,blank,,blank,,blank,,blank,,blank,,blank,,blank,,blank,,blank,,blank
44,,         Manufacture of textiles and wearing apparel,,17; 18,,blank,,blank,,blank,,blank,,blank,,blank,,blank,,blank,,blank,,blank,,blank,,blank,,blank,,blank,,blank,,blank,,blank,,blank,,blank,,blank,,blank,,blank,,blank,,blank,,blank,,blank,,blank,,blank,,blank,,blank,,blank,,blank,,blank,,blank,,blank,,blank,,blank,,blank,,blank,,blank,,blank,,blank,,blank,,blank,,blank,,blank,,blank,,blank,,blank,,blank,,blank,,blank,,blank,,blank,,blank,,blank,,blank,,blank,,blank,,blank,,blank,,blank,,blank,,blank,,blank,,blank,,blank,,blank,,blank,,blank,,blank,,blank,,blank,,blank,,blank,,blank,,blank,,blank,,blank,,blank,,blank,,blank,,blank,,blank,,blank,,blank,,blank,,blank,,blank,,blank,,blank,,blank,,blank,,blank,,blank,,blank,,blank,,blank,,blank,,blank,,blank,,blank,,blank,,blank,,blank,,blank,,blank,,blank,,blank,,blank,,blank,,blank,,blank,,blank,,blank,,blank,,blank,,blank,,blank,,blank,,blank,,blank,,blank,,blank,,blank,,blank,,blank,,blank,,blank,,blank,,blank,,blank,,blank,,blank,,blank,,blank,,blank,,blank,,blank,,blank,,blank,,blank,,blank,,blank,,blank,,blank,,blank,,blank,,blank,,blank,,blank,,blank,,blank,,blank,,blank,,blank,,blank
45,,            Manufacture of textiles,17,,,blank,,blank,,blank,,blank,,blank,,blank,,blank,,blank,,blank,,blank,,blank,,blank,,blank,,blank,,blank,,blank,,blank,,blank,,blank,,blank,,blank,,blank,,blank,,blank,,blank,,blank,,blank,,blank,,blank,,blank,,blank,,blank,,blank,,blank,,blank,,blank,,blank,,blank,,blank,,blank,,blank,,blank,,blank,,blank,,blank,,blank,,blank,,blank,,blank,,blank,,blank,,blank,,blank,,blank,,blank,,blank,,blank,,blank,,blank,,blank,,blank,,blank,,blank,,blank,,blank,,blank,,blank,,blank,,blank,,blank,,blank,,blank,,blank,,blank,,blank,,blank,,blank,,blank,,blank,,blank,,blank,,blank,,blank,,blank,,blank,,blank,,blank,,blank,,blank,,blank,,blank,,blank,,blank,,blank,,blank,,blank,,blank,,blank,,blank,,blank,,blank,,blank,,blank,,blank,,blank,,blank,,blank,,blank,,blank,,blank,,blank,,blank,,blank,,blank,,blank,,blank,,blank,,blank,,blank,,blank,,blank,,blank,,blank,,blank,,blank,,blank,,blank,,blank,,blank,,blank,,blank,,blank,,blank,,blank,,blank,,blank,,blank,,blank,,blank,,blank,,blank,,blank,,blank,,blank,,blank,,blank,,blank,,blank,,blank,,blank,,blank,,blank,,blank,,blank,,blank,,blank,,blank
46,,         Manufacture of wearing apparel and leather,,18; 19,,blank,,blank,,blank,,blank,,blank,,blank,,blank,,blank,,blank,,blank,,blank,,blank,,blank,,blank,,blank,,blank,,blank,,blank,,blank,,blank,,blank,,blank,,blank,,blank,,blank,,blank,,blank,,blank,,blank,,blank,,blank,,blank,,blank,,blank,,blank,,blank,,blank,,blank,,blank,,blank,,blank,,blank,,blank,,blank,,blank,,blank,,blank,,blank,,blank,,blank,,blank,,blank,,blank,,blank,,blank,,blank,,blank,,blank,,blank,,blank,,blank,,blank,,blank,,blank,,blank,,blank,,blank,,blank,,blank,,blank,,blank,,blank,,blank,,blank,,blank,,blank,,blank,,blank,,blank,,blank,,blank,,blank,,blank,,blank,,blank,,blank,,blank,,blank,,blank,,blank,,blank,,blank,,blank,,blank,,blank,,blank,,blank,,blank,,blank,,blank,,blank,,blank,,blank,,blank,,blank,,blank,,blank,,blank,,blank,,blank,,blank,,blank,,blank,,blank,,blank,,blank,,blank,,blank,,blank,,blank,,blank,,blank,,blank,,blank,,blank,,blank,,blank,,blank,,blank,,blank,,blank,,blank,,blank,,blank,,blank,,blank,,blank,,blank,,blank,,blank,,blank,,blank,,blank,,blank,,blank,,blank,,blank,,blank,,blank,,blank,,blank,,blank,,blank,,blank,,blank,,blank,,blank
47,,            Manufacture of wearing apparel; dressing and dyeing of fur,18,,,blank,,blank,,blank,,blank,,blank,,blank,,blank,,blank,,blank,,blank,,blank,,blank,,blank,,blank,,blank,,blank,,blank,,blank,,blank,,blank,,blank,,blank,,blank,,blank,,blank,,blank,,blank,,blank,,blank,,blank,,blank,,blank,,blank,,blank,,blank,,blank,,blank,,blank,,blank,,blank,,blank,,blank,,blank,,blank,,blank,,blank,,blank,,blank,,blank,,blank,,blank,,blank,,blank,,blank,,blank,,blank,,blank,,blank,,blank,,blank,,blank,,blank,,blank,,blank,,blank,,blank,,blank,,blank,,blank,,blank,,blank,,blank,,blank,,blank,,blank,,blank,,blank,,blank,,blank,,blank,,blank,,blank,,blank,,blank,,blank,,blank,,blank,,blank,,blank,,blank,,blank,,blank,,blank,,blank,,blank,,blank,,blank,,blank,,blank,,blank,,blank,,blank,,blank,,blank,,blank,,blank,,blank,,blank,,blank,,blank,,blank,,blank,,blank,,blank,,blank,,blank,,blank,,blank,,blank,,blank,,blank,,blank,,blank,,blank,,blank,,blank,,blank,,blank,,blank,,blank,,blank,,blank,,blank,,blank,,blank,,blank,,blank,,blank,,blank,,blank,,blank,,blank,,blank,,blank,,blank,,blank,,blank,,blank,,blank,,blank,,blank,,blank,,blank,,blank,,blank,,blank,,blank
48,,"            Tanning and dressing of leather; manufacture of luggage, handbags, saddlery, harness and footwear",19,,,blank,,blank,,blank,,blank,,blank,,blank,,blank,,blank,,blank,,blank,,blank,,blank,,blank,,blank,,blank,,blank,,blank,,blank,,blank,,blank,,blank,,blank,,blank,,blank,,blank,,blank,,blank,,blank,,blank,,blank,,blank,,blank,,blank,,blank,,blank,,blank,,blank,,blank,,blank,,blank,,blank,,blank,,blank,,blank,,blank,,blank,,blank,,blank,,blank,,blank,,blank,,blank,,blank,,blank,,blank,,blank,,blank,,blank,,blank,,blank,,blank,,blank,,blank,,blank,,blank,,blank,,blank,,blank,,blank,,blank,,blank,,blank,,blank,,blank,,blank,,blank,,blank,,blank,,blank,,blank,,blank,,blank,,blank,,blank,,blank,,blank,,blank,,blank,,blank,,blank,,blank,,blank,,blank,,blank,,blank,,blank,,blank,,blank,,blank,,blank,,blank,,blank,,blank,,blank,,blank,,blank,,blank,,blank,,blank,,blank,,blank,,blank,,blank,,blank,,blank,,blank,,blank,,blank,,blank,,blank,,blank,,blank,,blank,,blank,,blank,,blank,,blank,,blank,,blank,,blank,,blank,,blank,,blank,,blank,,blank,,blank,,blank,,blank,,blank,,blank,,blank,,blank,,blank,,blank,,blank,,blank,,blank,,blank,,blank,,blank,,blank,,blank,,blank,,blank,,blank,,blank,,blank
49,,      Manufacture of wood and paper products,,20; 21; 36,,blank,,blank,,blank,,blank,,blank,,blank,,blank,,blank,,blank,,blank,,blank,,blank,,blank,,blank,,blank,,blank,,blank,,blank,,blank,,blank,,blank,,blank,,blank,,blank,,blank,,blank,,blank,,blank,,blank,,blank,,blank,,blank,,blank,,blank,,blank,,blank,,blank,,blank,,blank,,blank,,blank,,blank,,blank,,blank,,blank,,blank,,blank,,blank,,blank,,blank,,blank,,blank,,blank,,blank,,blank,,blank,,blank,,blank,,blank,,blank,,blank,,blank,,blank,,blank,,blank,,blank,,blank,,blank,,blank,,blank,,blank,,blank,,blank,,blank,,blank,,blank,,blank,,blank,,blank,,blank,,blank,,blank,,blank,,blank,,blank,,blank,,blank,,blank,,blank,,blank,,blank,,blank,,blank,,blank,,blank,,blank,,blank,,blank,,blank,,blank,,blank,,blank,,blank,,blank,,blank,,blank,,blank,,blank,,blank,,blank,,blank,,blank,,blank,,blank,,blank,,blank,,blank,,blank,,blank,,blank,,blank,,blank,,blank,,blank,,blank,,blank,,blank,,blank,,blank,,blank,,blank,,blank,,blank,,blank,,blank,,blank,,blank,,blank,,blank,,blank,,blank,,blank,,blank,,blank,,blank,,blank,,blank,,blank,,blank,,blank,,blank,,blank,,blank,,blank,,blank,,blank,,blank
50,,     Manufacture of paper and printing products,,21; 22,,blank,,blank,,blank,,blank,,blank,,blank,,blank,,blank,,blank,,blank,,blank,,blank,,blank,,blank,,blank,,blank,,blank,,blank,,blank,,blank,,blank,,blank,,blank,,blank,,blank,,blank,,blank,,blank,,blank,,blank,,blank,,blank,,blank,,blank,,blank,,blank,,blank,,blank,,blank,,blank,,blank,,blank,,blank,,blank,,blank,,blank,,blank,,blank,,blank,,blank,,blank,,blank,,blank,,blank,,blank,,blank,,blank,,blank,,blank,,blank,,blank,,blank,,blank,,blank,,blank,,blank,,blank,,blank,,blank,,blank,,blank,,blank,,blank,,blank,,blank,,blank,,blank,,blank,,blank,,blank,,blank,,blank,,blank,,blank,,blank,,blank,,blank,,blank,,blank,,blank,,blank,,blank,,blank,,blank,,blank,,blank,,blank,,blank,,blank,,blank,,blank,,blank,,blank,,blank,,blank,,blank,,blank,,blank,,blank,,blank,,blank,,blank,,blank,,blank,,blank,,blank,,blank,,blank,,blank,,blank,,blank,,blank,,blank,,blank,,blank,,blank,,blank,,blank,,blank,,blank,,blank,,blank,,blank,,blank,,blank,,blank,,blank,,blank,,blank,,blank,,blank,,blank,,blank,,blank,,blank,,blank,,blank,,blank,,blank,,blank,,blank,,blank,,blank,,blank,,blank,,blank,,blank
51,,         Manufacture of wood and of products of wood and cork; manufacture of furniture,,20; 36,,blank,,blank,,blank,,blank,,blank,,blank,,blank,,blank,,blank,,blank,,blank,,blank,,blank,,blank,,blank,,blank,,blank,,blank,,blank,,blank,,blank,,blank,,blank,,blank,,blank,,blank,,blank,,blank,,blank,,blank,,blank,,blank,,blank,,blank,,blank,,blank,,blank,,blank,,blank,,blank,,blank,,blank,,blank,,blank,,blank,,blank,,blank,,blank,,blank,,blank,,blank,,blank,,blank,,blank,,blank,,blank,,blank,,blank,,blank,,blank,,blank,,blank,,blank,,blank,,blank,,blank,,blank,,blank,,blank,,blank,,blank,,blank,,blank,,blank,,blank,,blank,,blank,,blank,,blank,,blank,,blank,,blank,,blank,,blank,,blank,,blank,,blank,,blank,,blank,,blank,,blank,,blank,,blank,,blank,,blank,,blank,,blank,,blank,,blank,,blank,,blank,,blank,,blank,,blank,,blank,,blank,,blank,,blank,,blank,,blank,,blank,,blank,,blank,,blank,,blank,,blank,,blank,,blank,,blank,,blank,,blank,,blank,,blank,,blank,,blank,,blank,,blank,,blank,,blank,,blank,,blank,,blank,,blank,,blank,,blank,,blank,,blank,,blank,,blank,,blank,,blank,,blank,,blank,,blank,,blank,,blank,,blank,,blank,,blank,,blank,,blank,,blank,,blank,,blank,,blank,,blank,,blank
52,,         Manufacture of paper and paper products,21,,,blank,,blank,,blank,,blank,,blank,,blank,,blank,,blank,,blank,,blank,,blank,,blank,,blank,,blank,,blank,,blank,,blank,,blank,,blank,,blank,,blank,,blank,,blank,,blank,,blank,,blank,,blank,,blank,,blank,,blank,,blank,,blank,,blank,,blank,,blank,,blank,,blank,,blank,,blank,,blank,,blank,,blank,,blank,,blank,,blank,,blank,,blank,,blank,,blank,,blank,,blank,,blank,,blank,,blank,,blank,,blank,,blank,,blank,,blank,,blank,,blank,,blank,,blank,,blank,,blank,,blank,,blank,,blank,,blank,,blank,,blank,,blank,,blank,,blank,,blank,,blank,,blank,,blank,,blank,,blank,,blank,,blank,,blank,,blank,,blank,,blank,,blank,,blank,,blank,,blank,,blank,,blank,,blank,,blank,,blank,,blank,,blank,,blank,,blank,,blank,,blank,,blank,,blank,,blank,,blank,,blank,,blank,,blank,,blank,,blank,,blank,,blank,,blank,,blank,,blank,,blank,,blank,,blank,,blank,,blank,,blank,,blank,,blank,,blank,,blank,,blank,,blank,,blank,,blank,,blank,,blank,,blank,,blank,,blank,,blank,,blank,,blank,,blank,,blank,,blank,,blank,,blank,,blank,,blank,,blank,,blank,,blank,,blank,,blank,,blank,,blank,,blank,,blank,,blank,,blank,,blank,,blank
53,,"      Publishing, printing and reproduction of recorded media",22,,,blank,,blank,,blank,,blank,,blank,,blank,,blank,,blank,,blank,,blank,,blank,,blank,,blank,,blank,,blank,,blank,,blank,,blank,,blank,,blank,,blank,,blank,,blank,,blank,,blank,,blank,,blank,,blank,,blank,,blank,,blank,,blank,,blank,,blank,,blank,,blank,,blank,,blank,,blank,,blank,,blank,,blank,,blank,,blank,,blank,,blank,,blank,,blank,,blank,,blank,,blank,,blank,,blank,,blank,,blank,,blank,,blank,,blank,,blank,,blank,,blank,,blank,,blank,,blank,,blank,,blank,,blank,,blank,,blank,,blank,,blank,,blank,,blank,,blank,,blank,,blank,,blank,,blank,,blank,,blank,,blank,,blank,,blank,,blank,,blank,,blank,,blank,,blank,,blank,,blank,,blank,,blank,,blank,,blank,,blank,,blank,,blank,,blank,,blank,,blank,,blank,,blank,,blank,,blank,,blank,,blank,,blank,,blank,,blank,,blank,,blank,,blank,,blank,,blank,,blank,,blank,,blank,,blank,,blank,,blank,,blank,,blank,,blank,,blank,,blank,,blank,,blank,,blank,,blank,,blank,,blank,,blank,,blank,,blank,,blank,,blank,,blank,,blank,,blank,,blank,,blank,,blank,,blank,,blank,,blank,,blank,,blank,,blank,,blank,,blank,,blank,,blank,,blank,,blank,,blank,,blank,,blank
54,,"      Manufacture of coke, refined petroleum products and nuclear fuel",23,,,blank,,blank,,blank,,blank,,blank,,blank,,blank,,blank,,blank,,blank,,blank,,blank,,blank,,blank,,blank,,blank,,blank,,blank,,blank,,blank,,blank,,blank,,blank,,blank,,blank,,blank,,blank,,blank,,blank,,blank,,blank,,blank,,blank,,blank,,blank,,blank,,blank,,blank,,blank,,blank,,blank,,blank,,blank,,blank,,blank,,blank,,blank,,blank,,blank,,blank,,blank,,blank,,blank,,blank,,blank,,blank,,blank,,blank,,blank,,blank,,blank,,blank,,blank,,blank,,blank,,blank,,blank,,blank,,blank,,blank,,blank,,blank,,blank,,blank,,blank,,blank,,blank,,blank,,blank,,blank,,blank,,blank,,blank,,blank,,blank,,blank,,blank,,blank,,blank,,blank,,blank,,blank,,blank,,blank,,blank,,blank,,blank,,blank,,blank,,blank,,blank,,blank,,blank,,blank,,blank,,blank,,blank,,blank,,blank,,blank,,blank,,blank,,blank,,blank,,blank,,blank,,blank,,blank,,blank,,blank,,blank,,blank,,blank,,blank,,blank,,blank,,blank,,blank,,blank,,blank,,blank,,blank,,blank,,blank,,blank,,blank,,blank,,blank,,blank,,blank,,blank,,blank,,blank,,blank,,blank,,blank,,blank,,blank,,blank,,blank,,blank,,blank,,blank,,blank,,blank,,blank,,blank
55,,      Manufacture of chemicals and rubber,,24; 25,,blank,7.295659004361618,,7.057124495060515,,12.054898683814585,,17.332292700751154,,10.160612235524129,,14.998167078617339,,11.261102360518759,,15.105560017382823,,14.692002333192203,,15.36362946688385,,17.014936929079788,,17.592820838667386,,15.415728537248194,,13.71944417405057,,16.013662230794147,,13.95086534235648,,12.8043415634288,,12.510966046026475,,19.366510775040634,,21.59724195951859,,22.869062671548257,,21.50212981029528,,25.09070771792079,,24.193237834429432,,26.72716319204076,,28.767680526909476,,26.551805377044307,,25.172479364785385,,28.40234673903287,,27.324672399501612,,26.946440281509094,,28.067946760216344,,23.671746240867364,,24.157561403773308,,23.95935789526441,,25.268414023369804,,26.489660261939143,,31.656463761129224,,31.219114022821397,,25.78262088987328,,23.3790423367418,,23.13617572225553,,22.741526138861204,,22.00366843460347,,21.382599798209647,,25.881529334934648,,24.680047138578484,,26.149344859088284,,26.305848556126556,,25.38316896368561,,21.688896441617842,,19.764179551685032,,19.147186287472483,,22.663427849793536,,23.83415243272917,,31.60846077423434,,26.476054644745115,,28.304612958371987,,26.182129993841833,,26.597804511544595,,29.29691082237064,,30.40768229261008,,32.34267100395716,,27.313289461197023,,33.821015689091126,,38.814478234758006,,27.51125240392719,,35.928070669813835,,40.25710380055963,,41.965547000614855,,37.98319345511892,,45.07463647357941,,46.50729930123554,,45.502395233696404,,48.81294199136733,,58.82039773763911,,61.52568738497602,,65.99755852107651,,66.94211542631855,,,blank,,blank,,blank,,blank,,blank,,blank,,blank,,blank,,blank,,blank,,blank,,blank,,blank,,blank,,blank,,blank,,blank,,blank,,blank,,blank,,blank,,blank,,blank,,blank,,blank,,blank,,blank,,blank,,blank,,blank,,blank,,blank,,blank,,blank,,blank,,blank,,blank,,blank,,blank,,blank,,blank,,blank,,blank,,blank,,blank,,blank,,blank,,blank,,blank,,blank,,blank,,blank,,blank,,blank,,blank,,blank,,blank,,blank,,blank,,blank,,blank,,blank,,blank,,blank,,blank,,blank,,blank,,blank,,blank,,blank,,blank,,blank,,blank,,blank,,blank,,blank,,blank
56,,         Manufacture of chemicals and chemical products,24,,,blank,,blank,,blank,,blank,,blank,,blank,,blank,,blank,,blank,,blank,,blank,,blank,,blank,,blank,,blank,,blank,,blank,,blank,,blank,,blank,,blank,,blank,,blank,,blank,,blank,,blank,,blank,,blank,,blank,,blank,,blank,,blank,,blank,,blank,,blank,,blank,,blank,,blank,,blank,,blank,,blank,,blank,,blank,,blank,,blank,,blank,,blank,,blank,,blank,,blank,,blank,,blank,,blank,,blank,,blank,,blank,,blank,,blank,,blank,,blank,,blank,,blank,,blank,,blank,,blank,,blank,,blank,,blank,,blank,,blank,,blank,,blank,,blank,,blank,,blank,,blank,,blank,,blank,,blank,,blank,,blank,,blank,,blank,,blank,,blank,,blank,,blank,,blank,,blank,,blank,,blank,,blank,,blank,,blank,,blank,,blank,,blank,,blank,,blank,,blank,,blank,,blank,,blank,,blank,,blank,,blank,,blank,,blank,,blank,,blank,,blank,,blank,,blank,,blank,,blank,,blank,,blank,,blank,,blank,,blank,,blank,,blank,,blank,,blank,,blank,,blank,,blank,,blank,,blank,,blank,,blank,,blank,,blank,,blank,,blank,,blank,,blank,,blank,,blank,,blank,,blank,,blank,,blank,,blank,,blank,,blank,,blank,,blank,,blank,,blank,,blank,,blank,,blank,,blank,,blank,,blank,,blank
57,,         Manufacture of rubber and plastics products,25,,,blank,,blank,,blank,,blank,,blank,,blank,,blank,,blank,,blank,,blank,,blank,,blank,,blank,,blank,,blank,,blank,,blank,,blank,,blank,,blank,,blank,,blank,,blank,,blank,,blank,,blank,,blank,,blank,,blank,,blank,,blank,,blank,,blank,,blank,,blank,,blank,,blank,,blank,,blank,,blank,,blank,,blank,,blank,,blank,,blank,,blank,,blank,,blank,,blank,,blank,,blank,,blank,,blank,,blank,,blank,,blank,,blank,,blank,,blank,,blank,,blank,,blank,,blank,,blank,,blank,,blank,,blank,,blank,,blank,,blank,,blank,,blank,,blank,,blank,,blank,,blank,,blank,,blank,,blank,,blank,,blank,,blank,,blank,,blank,,blank,,blank,,blank,,blank,,blank,,blank,,blank,,blank,,blank,,blank,,blank,,blank,,blank,,blank,,blank,,blank,,blank,,blank,,blank,,blank,,blank,,blank,,blank,,blank,,blank,,blank,,blank,,blank,,blank,,blank,,blank,,blank,,blank,,blank,,blank,,blank,,blank,,blank,,blank,,blank,,blank,,blank,,blank,,blank,,blank,,blank,,blank,,blank,,blank,,blank,,blank,,blank,,blank,,blank,,blank,,blank,,blank,,blank,,blank,,blank,,blank,,blank,,blank,,blank,,blank,,blank,,blank,,blank,,blank,,blank,,blank,,blank,,blank
58,,      Manufacture of other non-metallic mineral products,26,,,blank,,blank,,blank,,blank,,blank,,blank,,blank,,blank,,blank,,blank,,blank,,blank,,blank,,blank,,blank,,blank,,blank,,blank,,blank,,blank,,blank,,blank,,blank,,blank,,blank,,blank,,blank,,blank,,blank,,blank,,blank,,blank,,blank,,blank,,blank,,blank,,blank,,blank,,blank,,blank,,blank,,blank,,blank,,blank,,blank,,blank,,blank,,blank,,blank,,blank,,blank,,blank,,blank,,blank,,blank,,blank,,blank,,blank,,blank,,blank,,blank,,blank,,blank,,blank,,blank,,blank,,blank,,blank,,blank,,blank,,blank,,blank,,blank,,blank,,blank,,blank,,blank,,blank,,blank,,blank,,blank,,blank,,blank,,blank,,blank,,blank,,blank,,blank,,blank,,blank,,blank,,blank,,blank,,blank,,blank,,blank,,blank,,blank,,blank,,blank,,blank,,blank,,blank,,blank,,blank,,blank,,blank,,blank,,blank,,blank,,blank,,blank,,blank,,blank,,blank,,blank,,blank,,blank,,blank,,blank,,blank,,blank,,blank,,blank,,blank,,blank,,blank,,blank,,blank,,blank,,blank,,blank,,blank,,blank,,blank,,blank,,blank,,blank,,blank,,blank,,blank,,blank,,blank,,blank,,blank,,blank,,blank,,blank,,blank,,blank,,blank,,blank,,blank,,blank,,blank,,blank,,blank
59,,         Manufacture of glass and glass products,261,,,blank,,blank,,blank,,blank,,blank,,blank,,blank,,blank,,blank,,blank,,blank,,blank,,blank,,blank,,blank,,blank,,blank,,blank,,blank,,blank,,blank,,blank,,blank,,blank,,blank,,blank,,blank,,blank,,blank,,blank,,blank,,blank,,blank,,blank,,blank,,blank,,blank,,blank,,blank,,blank,,blank,,blank,,blank,,blank,,blank,,blank,,blank,,blank,,blank,,blank,,blank,,blank,,blank,,blank,,blank,,blank,,blank,,blank,,blank,,blank,,blank,,blank,,blank,,blank,,blank,,blank,,blank,,blank,,blank,,blank,,blank,,blank,,blank,,blank,,blank,,blank,,blank,,blank,,blank,,blank,,blank,,blank,,blank,,blank,,blank,,blank,,blank,,blank,,blank,,blank,,blank,,blank,,blank,,blank,,blank,,blank,,blank,,blank,,blank,,blank,,blank,,blank,,blank,,blank,,blank,,blank,,blank,,blank,,blank,,blank,,blank,,blank,,blank,,blank,,blank,,blank,,blank,,blank,,blank,,blank,,blank,,blank,,blank,,blank,,blank,,blank,,blank,,blank,,blank,,blank,,blank,,blank,,blank,,blank,,blank,,blank,,blank,,blank,,blank,,blank,,blank,,blank,,blank,,blank,,blank,,blank,,blank,,blank,,blank,,blank,,blank,,blank,,blank,,blank,,blank,,blank,,blank
60,,         Manufacture of building materials,269,,,blank,,blank,,blank,,blank,,blank,,blank,,blank,,blank,,blank,,blank,,blank,,blank,,blank,,blank,,blank,,blank,,blank,,blank,,blank,,blank,,blank,,blank,,blank,,blank,,blank,,blank,,blank,,blank,,blank,,blank,,blank,,blank,,blank,,blank,,blank,,blank,,blank,,blank,,blank,,blank,,blank,,blank,,blank,,blank,,blank,,blank,,blank,,blank,,blank,,blank,,blank,,blank,,blank,,blank,,blank,,blank,,blank,,blank,,blank,,blank,,blank,,blank,,blank,,blank,,blank,,blank,,blank,,blank,,blank,,blank,,blank,,blank,,blank,,blank,,blank,,blank,,blank,,blank,,blank,,blank,,blank,,blank,,blank,,blank,,blank,,blank,,blank,,blank,,blank,,blank,,blank,,blank,,blank,,blank,,blank,,blank,,blank,,blank,,blank,,blank,,blank,,blank,,blank,,blank,,blank,,blank,,blank,,blank,,blank,,blank,,blank,,blank,,blank,,blank,,blank,,blank,,blank,,blank,,blank,,blank,,blank,,blank,,blank,,blank,,blank,,blank,,blank,,blank,,blank,,blank,,blank,,blank,,blank,,blank,,blank,,blank,,blank,,blank,,blank,,blank,,blank,,blank,,blank,,blank,,blank,,blank,,blank,,blank,,blank,,blank,,blank,,blank,,blank,,blank,,blank,,blank,,blank
61,,      Manufacture of basic metals and metal products,,27; 28; 29; 30; 31; 32; 33; 34; 35,,blank,46.3245302405229,,51.963123924757184,,58.62472543822091,,70.91697872347763,,78.24771902997676,,72.8848926340316,,73.6338108427576,,77.85185218820347,,77.1944626069315,,73.14880107274033,,69.73338114745638,,82.42548342828428,,76.97211945199868,,118.31640710460086,,111.16818989165887,,110.2186134136934,,109.41429323661156,,117.88059146854874,,188.29183586199406,,220.8355421194962,,275.9754511079829,,340.1728666161876,,312.9457544081238,,303.3466559014878,,283.037952092037,,318.95410728330216,,328.7795345723611,,363.4564352404516,,379.2167695942781,,478.1875389004362,,486.8914030389792,,532.6787938027211,,476.2652875394556,,441.28864100173985,,617.0389444700985,,671.503774812072,,676.647128063948,,969.1681267580637,,1071.4711826434147,,898.2902243180125,,714.4112552592368,,574.2366171699736,,496.87139995656327,,520.0821864674385,,480.9419691472426,,629.2512973430208,,585.5271627333516,,665.1739436955563,,623.032870115274,,540.8754149218639,,470.4651335495911,,432.3681954234048,,480.76494480308844,,551.7128229042178,,618.7226583886608,,642.7051173967122,,557.703940077864,,514.9065751485906,,478.59707563001365,,458.70251502615116,,439.0168731582784,,502.88915394922503,,538.2795725297871,,551.3258346411546,,645.8097274427695,,645.8904026512395,,460.3031941356554,,483.3286774975318,,489.4806330959419,,517.6015114006566,,495.2943988437609,,569.1560929482678,,604.5440527305888,,444.84243671519044,,457.7811387822719,,480.11506276150624,,500.601692456608,,607.5901671596515,,638.8925752213338,,,blank,,blank,,blank,,blank,,blank,,blank,,blank,,blank,,blank,,blank,,blank,,blank,,blank,,blank,,blank,,blank,,blank,,blank,,blank,,blank,,blank,,blank,,blank,,blank,,blank,,blank,,blank,,blank,,blank,,blank,,blank,,blank,,blank,,blank,,blank,,blank,,blank,,blank,,blank,,blank,,blank,,blank,,blank,,blank,,blank,,blank,,blank,,blank,,blank,,blank,,blank,,blank,,blank,,blank,,blank,,blank,,blank,,blank,,blank,,blank,,blank,,blank,,blank,,blank,,blank,,blank,,blank,,blank,,blank,,blank,,blank,,blank,,blank,,blank,,blank,,blank,,blank
62,,         Manufacture of basic metals,27,,,blank,,blank,,blank,,blank,,blank,,blank,,blank,,blank,,blank,,blank,,blank,,blank,,blank,,blank,,blank,,blank,,blank,,blank,,blank,,blank,,blank,,blank,,blank,,blank,,blank,,blank,,blank,,blank,,blank,,blank,,blank,,blank,,blank,,blank,,blank,,blank,,blank,,blank,,blank,,blank,,blank,,blank,,blank,,blank,,blank,,blank,,blank,,blank,,blank,,blank,,blank,,blank,,blank,,blank,,blank,,blank,,blank,,blank,,blank,,blank,,blank,,blank,,blank,,blank,,blank,,blank,,blank,,blank,,blank,,blank,,blank,,blank,,blank,,blank,,blank,,blank,,blank,,blank,,blank,,blank,,blank,,blank,,blank,,blank,,blank,,blank,,blank,,blank,,blank,,blank,,blank,,blank,,blank,,blank,,blank,,blank,,blank,,blank,,blank,,blank,,blank,,blank,,blank,,blank,,blank,,blank,,blank,,blank,,blank,,blank,,blank,,blank,,blank,,blank,,blank,,blank,,blank,,blank,,blank,,blank,,blank,,blank,,blank,,blank,,blank,,blank,,blank,,blank,,blank,,blank,,blank,,blank,,blank,,blank,,blank,,blank,,blank,,blank,,blank,,blank,,blank,,blank,,blank,,blank,,blank,,blank,,blank,,blank,,blank,,blank,,blank,,blank,,blank,,blank,,blank,,blank,,blank
63,,            Manufacture of basic iron and steel; casting of metals,,271; 273,,blank,,blank,,blank,,blank,,blank,,blank,,blank,,blank,,blank,,blank,,blank,,blank,,blank,,blank,,blank,,blank,,blank,,blank,,blank,,blank,,blank,,blank,,blank,,blank,,blank,,blank,,blank,,blank,,blank,,blank,,blank,,blank,,blank,,blank,,blank,,blank,,blank,,blank,,blank,,blank,,blank,,blank,,blank,,blank,,blank,,blank,,blank,,blank,,blank,,blank,,blank,,blank,,blank,,blank,,blank,,blank,,blank,,blank,,blank,,blank,,blank,,blank,,blank,,blank,,blank,,blank,,blank,,blank,,blank,,blank,,blank,,blank,,blank,,blank,,blank,,blank,,blank,,blank,,blank,,blank,,blank,,blank,,blank,,blank,,blank,,blank,,blank,,blank,,blank,,blank,,blank,,blank,,blank,,blank,,blank,,blank,,blank,,blank,,blank,,blank,,blank,,blank,,blank,,blank,,blank,,blank,,blank,,blank,,blank,,blank,,blank,,blank,,blank,,blank,,blank,,blank,,blank,,blank,,blank,,blank,,blank,,blank,,blank,,blank,,blank,,blank,,blank,,blank,,blank,,blank,,blank,,blank,,blank,,blank,,blank,,blank,,blank,,blank,,blank,,blank,,blank,,blank,,blank,,blank,,blank,,blank,,blank,,blank,,blank,,blank,,blank,,blank,,blank,,blank,,blank,,blank,,blank
64,,            Manufacture of basic precious and non-ferrous metals,272,,,blank,,blank,,blank,,blank,,blank,,blank,,blank,,blank,,blank,,blank,,blank,,blank,,blank,,blank,,blank,,blank,,blank,,blank,,blank,,blank,,blank,,blank,,blank,,blank,,blank,,blank,,blank,,blank,,blank,,blank,,blank,,blank,,blank,,blank,,blank,,blank,,blank,,blank,,blank,,blank,,blank,,blank,,blank,,blank,,blank,,blank,,blank,,blank,,blank,,blank,,blank,,blank,,blank,,blank,,blank,,blank,,blank,,blank,,blank,,blank,,blank,,blank,,blank,,blank,,blank,,blank,,blank,,blank,,blank,,blank,,blank,,blank,,blank,,blank,,blank,,blank,,blank,,blank,,blank,,blank,,blank,,blank,,blank,,blank,,blank,,blank,,blank,,blank,,blank,,blank,,blank,,blank,,blank,,blank,,blank,,blank,,blank,,blank,,blank,,blank,,blank,,blank,,blank,,blank,,blank,,blank,,blank,,blank,,blank,,blank,,blank,,blank,,blank,,blank,,blank,,blank,,blank,,blank,,blank,,blank,,blank,,blank,,blank,,blank,,blank,,blank,,blank,,blank,,blank,,blank,,blank,,blank,,blank,,blank,,blank,,blank,,blank,,blank,,blank,,blank,,blank,,blank,,blank,,blank,,blank,,blank,,blank,,blank,,blank,,blank,,blank,,blank,,blank,,blank,,blank,,blank,,blank
65,,"         Manufacture of metal products, machinery and transport equipment",,28; 29; 30; 31; 32; 33; 34; 35,,blank,,blank,,blank,,blank,,blank,,blank,,blank,,blank,,blank,,blank,,blank,,blank,,blank,,blank,,blank,,blank,,blank,,blank,,blank,,blank,,blank,,blank,,blank,,blank,,blank,,blank,,blank,,blank,,blank,,blank,,blank,,blank,,blank,,blank,,blank,,blank,,blank,,blank,,blank,,blank,,blank,,blank,,blank,,blank,,blank,,blank,,blank,,blank,,blank,,blank,,blank,,blank,,blank,,blank,,blank,,blank,,blank,,blank,,blank,,blank,,blank,,blank,,blank,,blank,,blank,,blank,,blank,,blank,,blank,,blank,,blank,,blank,,blank,,blank,,blank,,blank,,blank,,blank,,blank,,blank,,blank,,blank,,blank,,blank,,blank,,blank,,blank,,blank,,blank,,blank,,blank,,blank,,blank,,blank,,blank,,blank,,blank,,blank,,blank,,blank,,blank,,blank,,blank,,blank,,blank,,blank,,blank,,blank,,blank,,blank,,blank,,blank,,blank,,blank,,blank,,blank,,blank,,blank,,blank,,blank,,blank,,blank,,blank,,blank,,blank,,blank,,blank,,blank,,blank,,blank,,blank,,blank,,blank,,blank,,blank,,blank,,blank,,blank,,blank,,blank,,blank,,blank,,blank,,blank,,blank,,blank,,blank,,blank,,blank,,blank,,blank,,blank,,blank,,blank,,blank,,blank,,blank
66,,            Manufacture of metal products and machinery,,28; 29; 30; 31; 32,,blank,,blank,,blank,,blank,,blank,,blank,,blank,,blank,,blank,,blank,,blank,,blank,,blank,,blank,,blank,,blank,,blank,,blank,,blank,,blank,,blank,,blank,,blank,,blank,,blank,,blank,,blank,,blank,,blank,,blank,,blank,,blank,,blank,,blank,,blank,,blank,,blank,,blank,,blank,,blank,,blank,,blank,,blank,,blank,,blank,,blank,,blank,,blank,,blank,,blank,,blank,,blank,,blank,,blank,,blank,,blank,,blank,,blank,,blank,,blank,,blank,,blank,,blank,,blank,,blank,,blank,,blank,,blank,,blank,,blank,,blank,,blank,,blank,,blank,,blank,,blank,,blank,,blank,,blank,,blank,,blank,,blank,,blank,,blank,,blank,,blank,,blank,,blank,,blank,,blank,,blank,,blank,,blank,,blank,,blank,,blank,,blank,,blank,,blank,,blank,,blank,,blank,,blank,,blank,,blank,,blank,,blank,,blank,,blank,,blank,,blank,,blank,,blank,,blank,,blank,,blank,,blank,,blank,,blank,,blank,,blank,,blank,,blank,,blank,,blank,,blank,,blank,,blank,,blank,,blank,,blank,,blank,,blank,,blank,,blank,,blank,,blank,,blank,,blank,,blank,,blank,,blank,,blank,,blank,,blank,,blank,,blank,,blank,,blank,,blank,,blank,,blank,,blank,,blank,,blank,,blank,,blank
67,,"               Manufacture of fabricated metal products, except machinery and equipment",28,,,blank,,blank,,blank,,blank,,blank,,blank,,blank,,blank,,blank,,blank,,blank,,blank,,blank,,blank,,blank,,blank,,blank,,blank,,blank,,blank,,blank,,blank,,blank,,blank,,blank,,blank,,blank,,blank,,blank,,blank,,blank,,blank,,blank,,blank,,blank,,blank,,blank,,blank,,blank,,blank,,blank,,blank,,blank,,blank,,blank,,blank,,blank,,blank,,blank,,blank,,blank,,blank,,blank,,blank,,blank,,blank,,blank,,blank,,blank,,blank,,blank,,blank,,blank,,blank,,blank,,blank,,blank,,blank,,blank,,blank,,blank,,blank,,blank,,blank,,blank,,blank,,blank,,blank,,blank,,blank,,blank,,blank,,blank,,blank,,blank,,blank,,blank,,blank,,blank,,blank,,blank,,blank,,blank,,blank,,blank,,blank,,blank,,blank,,blank,,blank,,blank,,blank,,blank,,blank,,blank,,blank,,blank,,blank,,blank,,blank,,blank,,blank,,blank,,blank,,blank,,blank,,blank,,blank,,blank,,blank,,blank,,blank,,blank,,blank,,blank,,blank,,blank,,blank,,blank,,blank,,blank,,blank,,blank,,blank,,blank,,blank,,blank,,blank,,blank,,blank,,blank,,blank,,blank,,blank,,blank,,blank,,blank,,blank,,blank,,blank,,blank,,blank,,blank,,blank,,blank,,blank,,blank
68,,"               Manufacture of machinery and equipment; office, accounting and computing machinery",,29; 30,,blank,,blank,,blank,,blank,,blank,,blank,,blank,,blank,,blank,,blank,,blank,,blank,,blank,,blank,,blank,,blank,,blank,,blank,,blank,,blank,,blank,,blank,,blank,,blank,,blank,,blank,,blank,,blank,,blank,,blank,,blank,,blank,,blank,,blank,,blank,,blank,,blank,,blank,,blank,,blank,,blank,,blank,,blank,,blank,,blank,,blank,,blank,,blank,,blank,,blank,,blank,,blank,,blank,,blank,,blank,,blank,,blank,,blank,,blank,,blank,,blank,,blank,,blank,,blank,,blank,,blank,,blank,,blank,,blank,,blank,,blank,,blank,,blank,,blank,,blank,,blank,,blank,,blank,,blank,,blank,,blank,,blank,,blank,,blank,,blank,,blank,,blank,,blank,,blank,,blank,,blank,,blank,,blank,,blank,,blank,,blank,,blank,,blank,,blank,,blank,,blank,,blank,,blank,,blank,,blank,,blank,,blank,,blank,,blank,,blank,,blank,,blank,,blank,,blank,,blank,,blank,,blank,,blank,,blank,,blank,,blank,,blank,,blank,,blank,,blank,,blank,,blank,,blank,,blank,,blank,,blank,,blank,,blank,,blank,,blank,,blank,,blank,,blank,,blank,,blank,,blank,,blank,,blank,,blank,,blank,,blank,,blank,,blank,,blank,,blank,,blank,,blank,,blank,,blank,,blank,,blank,,blank
69,,               Manufacture of electrical machinery and apparatus,31,,,blank,,blank,,blank,,blank,,blank,,blank,,blank,,blank,,blank,,blank,,blank,,blank,,blank,,blank,,blank,,blank,,blank,,blank,,blank,,blank,,blank,,blank,,blank,,blank,,blank,,blank,,blank,,blank,,blank,,blank,,blank,,blank,,blank,,blank,,blank,,blank,,blank,,blank,,blank,,blank,,blank,,blank,,blank,,blank,,blank,,blank,,blank,,blank,,blank,,blank,,blank,,blank,,blank,,blank,,blank,,blank,,blank,,blank,,blank,,blank,,blank,,blank,,blank,,blank,,blank,,blank,,blank,,blank,,blank,,blank,,blank,,blank,,blank,,blank,,blank,,blank,,blank,,blank,,blank,,blank,,blank,,blank,,blank,,blank,,blank,,blank,,blank,,blank,,blank,,blank,,blank,,blank,,blank,,blank,,blank,,blank,,blank,,blank,,blank,,blank,,blank,,blank,,blank,,blank,,blank,,blank,,blank,,blank,,blank,,blank,,blank,,blank,,blank,,blank,,blank,,blank,,blank,,blank,,blank,,blank,,blank,,blank,,blank,,blank,,blank,,blank,,blank,,blank,,blank,,blank,,blank,,blank,,blank,,blank,,blank,,blank,,blank,,blank,,blank,,blank,,blank,,blank,,blank,,blank,,blank,,blank,,blank,,blank,,blank,,blank,,blank,,blank,,blank,,blank,,blank,,blank,,blank
70,,"               Manufacture of radio, television and communication equipment and apparatus",32,,,blank,,blank,,blank,,blank,,blank,,blank,,blank,,blank,,blank,,blank,,blank,,blank,,blank,,blank,,blank,,blank,,blank,,blank,,blank,,blank,,blank,,blank,,blank,,blank,,blank,,blank,,blank,,blank,,blank,,blank,,blank,,blank,,blank,,blank,,blank,,blank,,blank,,blank,,blank,,blank,,blank,,blank,,blank,,blank,,blank,,blank,,blank,,blank,,blank,,blank,,blank,,blank,,blank,,blank,,blank,,blank,,blank,,blank,,blank,,blank,,blank,,blank,,blank,,blank,,blank,,blank,,blank,,blank,,blank,,blank,,blank,,blank,,blank,,blank,,blank,,blank,,blank,,blank,,blank,,blank,,blank,,blank,,blank,,blank,,blank,,blank,,blank,,blank,,blank,,blank,,blank,,blank,,blank,,blank,,blank,,blank,,blank,,blank,,blank,,blank,,blank,,blank,,blank,,blank,,blank,,blank,,blank,,blank,,blank,,blank,,blank,,blank,,blank,,blank,,blank,,blank,,blank,,blank,,blank,,blank,,blank,,blank,,blank,,blank,,blank,,blank,,blank,,blank,,blank,,blank,,blank,,blank,,blank,,blank,,blank,,blank,,blank,,blank,,blank,,blank,,blank,,blank,,blank,,blank,,blank,,blank,,blank,,blank,,blank,,blank,,blank,,blank,,blank,,blank,,blank,,blank,,blank
71,,"               Manufacture of medical, precision and optical instruments, watches and clocks",33,,,blank,,blank,,blank,,blank,,blank,,blank,,blank,,blank,,blank,,blank,,blank,,blank,,blank,,blank,,blank,,blank,,blank,,blank,,blank,,blank,,blank,,blank,,blank,,blank,,blank,,blank,,blank,,blank,,blank,,blank,,blank,,blank,,blank,,blank,,blank,,blank,,blank,,blank,,blank,,blank,,blank,,blank,,blank,,blank,,blank,,blank,,blank,,blank,,blank,,blank,,blank,,blank,,blank,,blank,,blank,,blank,,blank,,blank,,blank,,blank,,blank,,blank,,blank,,blank,,blank,,blank,,blank,,blank,,blank,,blank,,blank,,blank,,blank,,blank,,blank,,blank,,blank,,blank,,blank,,blank,,blank,,blank,,blank,,blank,,blank,,blank,,blank,,blank,,blank,,blank,,blank,,blank,,blank,,blank,,blank,,blank,,blank,,blank,,blank,,blank,,blank,,blank,,blank,,blank,,blank,,blank,,blank,,blank,,blank,,blank,,blank,,blank,,blank,,blank,,blank,,blank,,blank,,blank,,blank,,blank,,blank,,blank,,blank,,blank,,blank,,blank,,blank,,blank,,blank,,blank,,blank,,blank,,blank,,blank,,blank,,blank,,blank,,blank,,blank,,blank,,blank,,blank,,blank,,blank,,blank,,blank,,blank,,blank,,blank,,blank,,blank,,blank,,blank,,blank,,blank,,blank,,blank
72,,"            Manufacture of motor vehicles, and other transport equipment",,34; 35,,blank,,blank,,blank,,blank,,blank,,blank,,blank,,blank,,blank,,blank,,blank,,blank,,blank,,blank,,blank,,blank,,blank,,blank,,blank,,blank,,blank,,blank,,blank,,blank,,blank,,blank,,blank,,blank,,blank,,blank,,blank,,blank,,blank,,blank,,blank,,blank,,blank,,blank,,blank,,blank,,blank,,blank,,blank,,blank,,blank,,blank,,blank,,blank,,blank,,blank,,blank,,blank,,blank,,blank,,blank,,blank,,blank,,blank,,blank,,blank,,blank,,blank,,blank,,blank,,blank,,blank,,blank,,blank,,blank,,blank,,blank,,blank,,blank,,blank,,blank,,blank,,blank,,blank,,blank,,blank,,blank,,blank,,blank,,blank,,blank,,blank,,blank,,blank,,blank,,blank,,blank,,blank,,blank,,blank,,blank,,blank,,blank,,blank,,blank,,blank,,blank,,blank,,blank,,blank,,blank,,blank,,blank,,blank,,blank,,blank,,blank,,blank,,blank,,blank,,blank,,blank,,blank,,blank,,blank,,blank,,blank,,blank,,blank,,blank,,blank,,blank,,blank,,blank,,blank,,blank,,blank,,blank,,blank,,blank,,blank,,blank,,blank,,blank,,blank,,blank,,blank,,blank,,blank,,blank,,blank,,blank,,blank,,blank,,blank,,blank,,blank,,blank,,blank,,blank,,blank,,blank,,blank
73,,      Other industry,,MISCi,,blank,146.5612672705149,,180.0787589919021,,199.87520993753267,,189.71514426392503,,192.8915975278469,,205.22640617919046,,199.73993024657503,,196.59927485002297,,185.97011078223863,,189.09728324641912,,200.43618147712996,,222.13584841964416,,228.00084100718345,,210.079131861139,,212.60037154165732,,250.4653763105104,,248.2314242663989,,271.87228749237323,,310.9554223317685,,384.40731211751825,,401.2422100173159,,407.7125768284521,,432.0316093989129,,455.73590957572725,,473.974923316662,,509.3810336536646,,503.31903419682095,,490.8681051823159,,476.0746498126292,,502.87223159066275,,526.1795603159069,,575.7026482327942,,580.7082276966698,,559.0933823127256,,592.5898980482981,,668.0965401276808,,616.0044565680219,,800.7042858320365,,1054.1278564386307,,927.6418656679024,,791.6524050687218,,723.9837881069323,,759.6126928615678,,781.4038795335631,,728.256669150667,,818.2041521509038,,833.3172505921196,,862.6462113984749,,824.9930397087195,,741.1838073121522,,741.1384448714152,,629.5603921276659,,701.6798941185587,,681.0276451531945,,725.0936180755849,,784.838647248044,,779.8557570056369,,748.2861041191261,,746.6187617210903,,744.8461401299653,,792.2164762814049,,822.0538912402477,,854.6191875443699,,918.0667103054786,,1001.9659592592145,,1117.3989651391246,,1095.1835164629254,,1059.9886144581722,,1072.7862282886604,,1067.2782972773407,,1093.9894442013888,,1136.6302605709166,,1118.2356357246908,,1115.5020960330812,,973.2369470016017,,999.5076618851108,,1008.3287524906444,,1069.97601313875,,1147.0899217340123,,,blank,,blank,,blank,,blank,,blank,,blank,,blank,,blank,,blank,,blank,,blank,,blank,,blank,,blank,,blank,,blank,,blank,,blank,,blank,,blank,,blank,,blank,,blank,,blank,,blank,,blank,,blank,,blank,,blank,,blank,,blank,,blank,,blank,,blank,,blank,,blank,,blank,,blank,,blank,,blank,,blank,,blank,,blank,,blank,,blank,,blank,,blank,,blank,,blank,,blank,,blank,,blank,,blank,,blank,,blank,,blank,,blank,,blank,,blank,,blank,,blank,,blank,,blank,,blank,,blank,,blank,,blank,,blank,,blank,,blank,,blank,,blank,,blank,,blank,,blank,,blank,,blank
74,,"   ELECTRICITY, GAS AND WATER SUPPLY",,E,,blank,,blank,,blank,,blank,,blank,,blank,,blank,,blank,,blank,,blank,,blank,,blank,,blank,,blank,,blank,,blank,,blank,,blank,,blank,,blank,,blank,,blank,,blank,,blank,,blank,,blank,,blank,,blank,,blank,,blank,,blank,,blank,,blank,,blank,,blank,,blank,,blank,,blank,,blank,,blank,,blank,,blank,,blank,,blank,,blank,,blank,,blank,,blank,,blank,,blank,,blank,,blank,,blank,,blank,,blank,,blank,,blank,,blank,,blank,,blank,,blank,,blank,,blank,,blank,,blank,,blank,,blank,,blank,,blank,,blank,,blank,,blank,,blank,,blank,,blank,,blank,,blank,,blank,,blank,,blank,,blank,,blank,,blank,,blank,,blank,,blank,,blank,,blank,,blank,,blank,,blank,,blank,,blank,,blank,,blank,,blank,,blank,,blank,,blank,,blank,,blank,,blank,,blank,,blank,,blank,,blank,,blank,,blank,,blank,,blank,,blank,,blank,,blank,,blank,,blank,,blank,,blank,,blank,,blank,,blank,,blank,,blank,,blank,,blank,,blank,,blank,,blank,,blank,,blank,,blank,,blank,,blank,,blank,,blank,,blank,,blank,,blank,,blank,,blank,,blank,,blank,,blank,,blank,,blank,,blank,,blank,,blank,,blank,,blank,,blank,,blank,,blank,,blank,,blank,,blank,,blank,,blank
75,,"      Electricity, gas, steam and hot water supply",40,,,blank,,blank,,blank,,blank,,blank,,blank,,blank,,blank,,blank,,blank,,blank,,blank,,blank,,blank,,blank,,blank,,blank,,blank,,blank,,blank,,blank,,blank,,blank,,blank,,blank,,blank,,blank,,blank,,blank,,blank,,blank,,blank,,blank,,blank,,blank,,blank,,blank,,blank,,blank,,blank,,blank,,blank,,blank,,blank,,blank,,blank,,blank,,blank,,blank,,blank,,blank,,blank,,blank,,blank,,blank,,blank,,blank,,blank,,blank,,blank,,blank,,blank,,blank,,blank,,blank,,blank,,blank,,blank,,blank,,blank,,blank,,blank,,blank,,blank,,blank,,blank,,blank,,blank,,blank,,blank,,blank,,blank,,blank,,blank,,blank,,blank,,blank,,blank,,blank,,blank,,blank,,blank,,blank,,blank,,blank,,blank,,blank,,blank,,blank,,blank,,blank,,blank,,blank,,blank,,blank,,blank,,blank,,blank,,blank,,blank,,blank,,blank,,blank,,blank,,blank,,blank,,blank,,blank,,blank,,blank,,blank,,blank,,blank,,blank,,blank,,blank,,blank,,blank,,blank,,blank,,blank,,blank,,blank,,blank,,blank,,blank,,blank,,blank,,blank,,blank,,blank,,blank,,blank,,blank,,blank,,blank,,blank,,blank,,blank,,blank,,blank,,blank,,blank,,blank,,blank,,blank,,blank
76,,"      Collection, purification and distribution of water",41,,,blank,,blank,,blank,,blank,,blank,,blank,,blank,,blank,,blank,,blank,,blank,,blank,,blank,,blank,,blank,,blank,,blank,,blank,,blank,,blank,,blank,,blank,,blank,,blank,,blank,,blank,,blank,,blank,,blank,,blank,,blank,,blank,,blank,,blank,,blank,,blank,,blank,,blank,,blank,,blank,,blank,,blank,,blank,,blank,,blank,,blank,,blank,,blank,,blank,,blank,,blank,,blank,,blank,,blank,,blank,,blank,,blank,,blank,,blank,,blank,,blank,,blank,,blank,,blank,,blank,,blank,,blank,,blank,,blank,,blank,,blank,,blank,,blank,,blank,,blank,,blank,,blank,,blank,,blank,,blank,,blank,,blank,,blank,,blank,,blank,,blank,,blank,,blank,,blank,,blank,,blank,,blank,,blank,,blank,,blank,,blank,,blank,,blank,,blank,,blank,,blank,,blank,,blank,,blank,,blank,,blank,,blank,,blank,,blank,,blank,,blank,,blank,,blank,,blank,,blank,,blank,,blank,,blank,,blank,,blank,,blank,,blank,,blank,,blank,,blank,,blank,,blank,,blank,,blank,,blank,,blank,,blank,,blank,,blank,,blank,,blank,,blank,,blank,,blank,,blank,,blank,,blank,,blank,,blank,,blank,,blank,,blank,,blank,,blank,,blank,,blank,,blank,,blank,,blank,,blank,,blank,,blank
77,,   CONSTRUCTION,,F,,blank,89.99883006663279,,90.45253008656255,,89.20078208737674,,92.17653172041658,,96.18122199696921,,97.96779037823197,,102.58321660087528,,104.83246892645577,,107.04176300233284,,108.94501436837834,,107.55052392838576,,108.6433383633635,,107.34780622763195,,109.431390776785,,108.76506838968518,,108.48892797731833,,110.11641265563348,,109.77144654985652,,108.87352675220487,,108.40294648518001,,106.2561101000028,,108.08032248461046,,107.5614474295917,,108.84712629541046,,108.74939549050423,,111.68313392772022,,115.36447221302392,,119.48294014599993,,127.19289943267917,,129.92159644662593,,132.22896963711707,,131.991435827309,,134.4543945943724,,138.3307006671975,,142.07643070356943,,142.67116699966257,,146.78550683868087,,136.34145874023073,,130.27024927665985,,141.1473949538553,,157.30906108874217,,161.96916771622,,160.7641116297749,,168.4152802210783,,171.43002661861448,,166.81163739295314,,172.317807439351,,179.7525285783529,,183.67025085465218,,191.46248863391915,,193.72573570392353,,195.919391588061,,196.06492904866386,,197.20217740697262,,199.0016066518791,,209.1711567598444,,206.1840268861432,,205.94991525490806,,203.63669709646945,,202.8397855093297,,200.83310924654631,,201.389299157655,,203.65952683575654,,205.86997735017704,,205.22958929152338,,200.75674181128332,,207.22973946682376,,216.72906618100197,,225.3837486878215,,234.65903892968427,,249.7646478620102,,253.65789405769107,,266.62973418285014,,277.25539423193095,,289.9163094880319,,301.55686372119095,,314.86742774746807,,327.7402076336561,,335.63690206833803,,,blank,,blank,,blank,,blank,,blank,,blank,,blank,,blank,,blank,,blank,,blank,,blank,,blank,,blank,,blank,,blank,,blank,,blank,,blank,,blank,,blank,,blank,,blank,,blank,,blank,,blank,,blank,,blank,,blank,,blank,,blank,,blank,,blank,,blank,,blank,,blank,,blank,,blank,,blank,,blank,,blank,,blank,,blank,,blank,,blank,,blank,,blank,,blank,,blank,,blank,,blank,,blank,,blank,,blank,,blank,,blank,,blank,,blank,,blank,,blank,,blank,,blank,,blank,,blank,,blank,,blank,,blank,,blank,,blank,,blank,,blank,,blank,,blank,,blank,,blank,,blank,,blank
78,,"TRADE, HOTELS AND RESTAURANTS",,G; H,,blank,243.45074695807008,,263.8440373746083,,266.79251940367755,,273.04054621814964,,273.10083471357797,,280.3249716791275,,281.2026251554895,,280.88894714528345,,271.1402099495494,,273.2485386994374,,284.4384908673633,,298.5294573796453,,323.1921586655356,,284.40565872526435,,293.8767360884649,,303.03594435765035,,309.6123293242101,,333.63126777971524,,367.07869846604456,,422.1019706439854,,441.7759901325388,,485.1162499191615,,491.2173364630982,,489.54876536714306,,498.2313052977984,,524.1976590279319,,524.1459823486942,,535.6769656818427,,549.343490784718,,592.7844681554187,,610.2325828321285,,652.5281954540372,,646.4921566769001,,677.7659268126063,,723.3830871180669,,772.1254256377473,,821.0158964842346,,965.7178245205147,,1022.8900763568321,,976.8367377371012,,943.9409601334022,,887.4523506621016,,874.1184636632838,,866.0140037801312,,848.6470487620461,,943.98320214,,940.1856469896622,,939.0875711560395,,929.3638658107137,,852.7037500492738,,821.8283975892487,,787.6445247990896,,848.3033804915281,,880.1013965118585,,906.8606789589642,,948.9953351263671,,967.1824663104543,,919.6797160602795,,927.6635794165851,,913.330212697887,,963.3229008531118,,1009.2149016649232,,1052.3326608302934,,1058.689064092612,,1136.3538496107442,,1183.214015636655,,1152.136508736811,,1172.4038922912143,,1221.8535032856023,,1261.5152114090215,,1340.0710443909807,,1419.9297832093152,,1492.3307130941096,,1372.4671111998136,,1390.9365441829552,,1486.04418117772,,1538.0074189397253,,1636.3297376115354,,1687.3490835707712,,,blank,,blank,,blank,,blank,,blank,,blank,5421.566320936487,,5110.133743886998,,5671.859108060963,,7097.147245658915,,9023.010700869163,,9304.33401704709,,11810.879262463306,,15184.883008315412,,16848.226150870352,,18876.370546806284,,18153.808487716702,,15510.964305493166,,12101.881351686796,,11473.217543389377,,10943.660954138551,,11655.956565187422,,13252.65202691568,,15682.096227755086,,14505.102026270493,,13412.687144333391,,,blank,,blank,,blank,,blank,,blank,20182.967539348458,,42060.80423957546,,55159.66618180014,,63746.976142420055,,62636.50878441858,,67401.54961222605,,80788.65486218923,,81912.64730390256,,86350.26473,,89914,,95342,,100532,,107545,,110699,,117036,,123567,,133954,,145045,,158110,,172637,,190717,,209447,,228937,,241231,,263820,,296459,,349076,,382261,,431408,,497296,,562147,,664926,,722400,,769511,,794709,,884346,,937835,,1043043,,1143469,,1199157,,1304165,,1419245,,1525992,,1616142,,1735850,,1896974,
79,,   TRADE,,G,,blank,144.57441390916009,,164.56587573535808,,167.49513682384014,,168.53696859630566,,174.3012687654318,,183.02819770380373,,184.5309793224152,,184.94086612107034,,180.19619283846862,,169.33184322404458,,182.9378629820952,,196.40269720346942,,228.72877252493691,,182.8192698820144,,186.42824258030882,,190.97689017288016,,196.09810460563395,,222.35762945613857,,254.84295559906843,,313.48361924522374,,328.4696224626781,,360.04400455518044,,351.4813705692015,,335.12056241098327,,337.69181640804845,,374.68760130207704,,386.9456336265453,,394.3545253042445,,400.45407335402837,,437.79832685904586,,447.54863962893165,,485.44634514031696,,479.3089973499707,,507.53183769169704,,541.7595770926425,,578.832053814433,,654.5777095552378,,778.3375180428909,,813.4257861812273,,761.8302460022177,,708.4685238412324,,657.4685841877101,,658.8945169172337,,652.877019940739,,633.8741467249265,,723.2869643881108,,714.724340188863,,713.7283125770847,,701.3032488779437,,615.1719743679139,,574.7941879206915,,554.1531699760906,,599.8234694733978,,624.5380146724559,,650.5984296158318,,684.4271229665376,,686.3495343539266,,635.3093054430128,,637.0181422369635,,618.796055599484,,645.0900203281308,,671.9039609412099,,699.9172489159479,,716.3178847660342,,776.618965995362,,806.5704456668933,,770.2439916924461,,804.5310415518625,,858.7706427689251,,888.6220696324511,,930.8794313675733,,1011.0253047677943,,1085.8901161481072,,971.397063088347,,995.0285761362236,,1064.8381354942971,,1114.251905767007,,1197.672623868117,,1226.6534591868922,,,blank,,blank,,blank,,blank,,blank,1403.3097445697647,,4348.0513911471735,,3989.3952158776774,,4320.008888129993,,5517.099448253415,,7145.050741908015,,7325.874470101907,,9370.943540507418,,12153.905099776837,,13432.435693545327,,15100.799036586737,,14034.81979803647,,11526.84681009634,,8797.425010418432,,8362.437731529652,,7957.291412905901,,8744.00902368124,,10225.858487839638,,12484.341307781295,,11217.980929918334,,10364.000386462314,,,blank,,blank,,blank,,blank,,blank,13034.098574830832,,29324.7277060545,,39598.793151214566,,46117.07736757521,,45251.708009994414,,49454.183598291325,,60323.9333555375,,59240.29811553041,,62060,,63214,,67590,,71624,,76192,,77002,,83067,,88429,,97547,,107099,,118255,,128299,,142850,,158372,,172118,,181279,,199227,,222923,,265171,,288282,,324266,,375814,,417722,,497393,,532481,,565583,,577927,,653999,,684979,,762697,,838543,,870918,,956456,,1050890,,1127235,,1180208,,1250189,,1366730,
80,,   HOTELS AND RESTAURANTS,,H,,blank,98.87633304891,,99.27816163925021,,99.29738257983742,,104.50357762184397,,98.7995659481462,,97.29677397532375,,96.67164583307428,,95.9480810242131,,90.94401711108077,,103.9166954753928,,101.50062788526813,,102.12676017617586,,94.46338614059867,,101.58638884324996,,107.44849350815608,,112.05905418477022,,113.51422471857614,,111.2736383235767,,112.23574286697614,,108.61835139876169,,113.30636766986072,,125.07224536398105,,139.73596589389672,,154.4282029561598,,160.5394888897499,,149.5100577258548,,137.2003487221489,,141.3224403775982,,148.8894174306897,,154.98614129637286,,162.68394320319683,,167.0818503137203,,167.18315932692934,,170.23408912090923,,181.6235100254243,,193.2933718233143,,166.43818692899688,,187.38030647762375,,209.4642901756048,,215.00649173488347,,235.47243629216987,,229.98376647439144,,215.22394674605016,,213.1369838393922,,214.77290203711965,,220.69623775188919,,225.46130680079926,,225.35925857895484,,228.06061693277,,237.5317756813599,,247.03420966855714,,233.491354822999,,248.4799110181302,,255.56338183940258,,256.2622493431323,,264.5682121598295,,280.83293195652766,,284.37041061726666,,290.6454371796216,,294.5341570984029,,318.232880524981,,337.3109407237133,,352.41541191434555,,342.37117932657765,,359.7348836153821,,376.6435699697617,,381.8925170443649,,367.8728507393518,,363.08286051667716,,372.89314177657036,,409.1916130234075,,408.90447844152106,,406.4405969460024,,401.0700481114667,,395.90796804673164,,421.2060456834228,,423.75551317271834,,438.6571137434184,,460.6956243838791,,,blank,,blank,,blank,,blank,,blank,,blank,1073.514929789313,,1120.7385280093208,,1351.8502199309708,,1580.0477974055,,1877.959958961148,,1978.4595469451826,,2439.9357219558874,,3030.9779085385744,,3415.790457325027,,3775.5715102195454,,4118.988689680232,,3984.117495396825,,3304.456341268364,,3110.779811859726,,2986.36954123265,,2911.947541506183,,3026.7935390760426,,3197.754919973791,,3287.121096352159,,3048.6867578710776,,2465.378944376474,,2195.2104617744017,,2345.0166356626933,,2901.717387473087,,3461.7924094614405,,7148.8689645176255,,12736.076533520965,,15560.873030585572,,17629.89877484484,,17384.800774424166,,17947.36601393473,,20464.721506651727,,22672.34918837215,,24290.26473,,26700,,27752,,28908,,31353,,33697,,33969,,35138,,36407,,37946,,39855,,44338,,47867,,51075,,56819,,59952,,64593,,73536,,83905,,93979,,107142,,121482,,144425,,167533,,189919,,203928,,216782,,230347,,252856,,280346,,304926,,328239,,347709,,368355,,398757,,435934,,485661,,530244,
81,,TRANSPORT AND COMMUNICATIONS,,I,,blank,120.91023657863485,,136.49961706885648,,150.389194021722,,157.8264436369469,,165.0939432228709,,150.2941081973938,,148.3874102506343,,72.24073774220278,,72.50599123049504,,76.95165565110025,,87.52273171335051,,89.21316838690569,,98.43983405524942,,72.79621698360351,,78.70475480599832,,82.93367296947673,,84.05024841446357,,85.95542517027575,,92.09933529490063,,106.3413403292406,,103.13060453144232,,104.34323408462721,,104.3318130752425,,107.1699528864962,,106.93772299864088,,116.06796607928833,,125.19546375815122,,134.05806218471034,,130.19375838308318,,126.79954865149423,,138.44528113673152,,133.56251961682506,,132.79800963915986,,140.47849833716805,,149.7320879047952,,156.4469189185935,,172.53264024093403,,180.74822311053958,,166.3014590920351,,170.50449263168107,,171.81192381140656,,186.86580771552346,,187.97619286060808,,190.2508898987614,,198.2429702954117,,215.97799732299404,,213.79312659201184,,223.35394361025826,,216.47705704709125,,214.43611972693515,,211.6359766854513,,206.5923965494456,,230.35456963547992,,251.52631397178263,,250.2998288095338,,254.33622221357814,,259.31395749798185,,241.02045136099647,,266.83478129297583,,268.1437594038384,,273.56860363834915,,284.03663684475634,,278.92483222689384,,305.85073057655165,,325.1304052462702,,320.67031184761123,,308.5041158073369,,332.77946682620586,,355.87263974303033,,386.0133933273522,,404.5729733708632,,446.4650086570756,,437.76240775366233,,436.2617915455417,,456.2798701084031,,512.1095939170423,,561.9027942642438,,600.4237896047349,,631.8822688030589,,,blank,,blank,,blank,,blank,,blank,,blank,1341.8166179377035,,1284.9737580411538,,1448.7077432733313,,1560.9252676680626,,2050.2205208147443,,2256.9255495398725,,2964.9334864084894,,3751.216797485278,,4301.739424043734,,4886.248184290725,,4984.8265728244205,,4744.8956226930095,,4224.630214498166,,4133.585657307015,,4073.3364886897907,,3971.7846845717686,,4149.971320501077,,4642.557325236947,,4569.752812185515,,4597.607533867985,,,blank,,blank,,blank,,blank,,blank,,blank,14287.638468853884,,16710.072904268978,,18636.884341038152,,19658.187636042647,,21525.707855739864,,28279.30760269126,,26379.552781424376,,27164,,27958,,31162,,35696,,35326,,35659,,36925,,39932,,39888,,43120,,47053,,53206,,57807,,63559,,67574,,76087,,83065,,92632,,104853,,119162,,137208,,172728,,183179,,205033,,221667,,241710,,265300,,279627,,287953,,307304,,321803,,359412,,390529,,385592,,411446,,457108,,490573,,529006,
82,,   Transport,,60; 61; 62; 63,,blank,,blank,,blank,,blank,,blank,,blank,,blank,,blank,,blank,,blank,,blank,,blank,,blank,,blank,,blank,,blank,,blank,,blank,,blank,,blank,,blank,,blank,,blank,,blank,,blank,,blank,,blank,,blank,,blank,,blank,,blank,,blank,,blank,,blank,,blank,,blank,,blank,,blank,,blank,,blank,,blank,,blank,,blank,,blank,,blank,,blank,,blank,,blank,,blank,,blank,,blank,,blank,,blank,,blank,,blank,,blank,,blank,,blank,,blank,,blank,,blank,,blank,,blank,,blank,,blank,,blank,,blank,,blank,,blank,,blank,,blank,,blank,,blank,,blank,,blank,,blank,,blank,,blank,,blank,,blank,,blank,,blank,,blank,,blank,,blank,,blank,,blank,,blank,,blank,,blank,,blank,,blank,,blank,,blank,,blank,,blank,,blank,,blank,,blank,,blank,,blank,,blank,,blank,,blank,,blank,,blank,,blank,,blank,,blank,,blank,,blank,,blank,,blank,,blank,,blank,,blank,,blank,,blank,,blank,,blank,,blank,,blank,,blank,,blank,,blank,,blank,,blank,,blank,,blank,,blank,,blank,,blank,,blank,,blank,,blank,,blank,,blank,,blank,,blank,,blank,,blank,,blank,,blank,,blank,,blank,,blank,,blank,,blank,,blank,,blank,,blank,,blank,,blank,,blank,,blank,,blank,,blank
83,,      Land Transport,60,,,blank,26.13367564560265,,27.458356295232083,,29.10234759200128,,31.721928867770192,,32.94249331050523,,32.354745756646324,,28.129427847557874,,25.06564735007482,,25.392708860557025,,29.93497210242549,,31.267018993472988,,30.198626755661145,,31.360242525203034,,22.364583771174676,,22.814680047480742,,25.00636978601407,,25.52207882089036,,27.617925375814472,,31.845857977804904,,35.63866059875029,,37.02074733695823,,35.36079180608853,,38.215850149944444,,41.84992638766106,,42.91550413978154,,45.211424344476356,,47.23186024583823,,48.69941752198727,,50.15638451176024,,54.648908279663864,,58.88775569109117,,59.137283137623555,,61.54554483127427,,66.70736445162133,,74.53852924091372,,76.51187527971608,,90.87860705081647,,93.01335762879106,,80.5269285616991,,85.64229125607703,,96.24894202023467,,101.4801606256666,,103.49919484491684,,108.80459988391546,,115.02920352831947,,124.31721633879239,,124.00007884552427,,131.25207239758018,,135.90164409986124,,128.92712356339513,,128.95702219970195,,128.06942815641136,,138.0521576661856,,146.25995661729718,,149.76924792298445,,145.53419020488695,,149.27097183588344,,147.97377731202576,,158.4840538142966,,163.40719768421786,,159.12560375192058,,169.2840711411694,,167.99784138203623,,177.40079670153943,,188.6369133356278,,179.09183686040188,,179.34710682742406,,196.0137372999101,,206.96603461519004,,218.6580805329216,,226.0627827663938,,234.66488719259877,,230.35043771361313,,242.31715647210137,,252.00819827567037,,278.3612140776862,,287.54108733489204,,298.41084547435764,,325.7508390795774,,,blank,,blank,,blank,,blank,,blank,,blank,725.3913136122367,,909.4054100002704,,1036.57636572693,,1077.150977684554,,1431.9738839446761,,1561.4527109910084,,2040.3612981970816,,2608.2857554349025,,3010.8389284324862,,3514.878743956693,,3446.883933955983,,3019.1144373336892,,2505.369145727552,,2486.649905964076,,2395.5399718214217,,2359.7356069866314,,2481.294264032365,,2774.3742600676273,,2653.3748886415856,,2723.903677956427,,2166.096883864153,,3117.030971490255,,3709.2836465235005,,3757.047401960477,,3082.588008162076,,8469.227928437835,,10092.344770216376,,11041.044082524688,,13370.33485372328,,14410.130338785755,,15285.192318593377,,17469.0400777472,,17973.822901134896,,16629,,16851,,17707,,18480,,19225,,18803,,19315,,20384,,20794,,21852,,24001,,26284,,27790,,30528,,31462,,33158,,35338,,39762,,43706,,48917,,54231,,63204,,67732,,70756,,73629,,80956,,89161,,86653,,83089,,90506,,95722,,95132,,104994,,109791,,116582,,132093,,144238,,153025,
84,,      Water Transport,61,,,blank,16.8111647768746,,19.958441820293622,,23.169661011254174,,25.122698712456337,,23.792266244163475,,19.643045272896924,,20.462001060658814,,21.634847487933282,,21.709444520972156,,20.94529390554363,,25.766320682223906,,28.180956363348123,,31.29384638868265,,21.924451059179184,,26.048124622620136,,24.18027690072497,,24.820260151107725,,25.62667283525048,,25.566582196331726,,30.926252720163724,,29.362273320342982,,30.83834592878082,,29.70263538187233,,30.987992255162286,,28.285588427095522,,29.493985504443064,,35.907942016834085,,42.93291556367258,,35.75667061718484,,28.409590207490638,,35.75962997396387,,32.23336072005986,,32.373919706790836,,35.240177132653955,,35.93732939512146,,39.82676226563467,,37.39153133949616,,42.836656868873135,,43.65548870740834,,41.199387408209404,,33.68412997581046,,41.00142886547242,,38.94530335939547,,35.87447032024083,,38.00943429724151,,43.63632740706354,,42.33592896189968,,43.530044971086355,,31.733379053832607,,36.378241836852865,,33.347434110096856,,29.68068828965724,,37.72430028941382,,46.84266148782419,,42.02370806388191,,51.739867763790485,,50.69983132193701,,37.03683201348372,,49.24166204234206,,42.88158134875469,,51.11260098048909,,47.090272850336234,,39.217806889025084,,46.94077732827479,,53.83023689643179,,51.58149768226652,,39.1345664221284,,43.15290074046081,,44.54084392079447,,57.00766145149194,,57.28654720584167,,82.49460247110528,,69.64195451032592,,61.499628201994994,,59.74105538412811,,70.0214289545993,,94.43077888738073,,89.86188519423524,,89.16513066733903,,,blank,,blank,,blank,,blank,,blank,111.76516690505937,,214.31822184787933,,94.35195060647263,,106.25261628640902,,125.67056273808925,,153.75081085492585,,162.2752077610865,,220.3661655440277,,276.480910565329,,302.582278187484,,328.182869538698,,370.68529247166657,,385.2476458496324,,372.8527291201593,,360.30774862231084,,371.25288820331355,,307.6860118090499,,305.28388104015573,,403.0815665213188,,388.6494692420324,,361.10369468195495,,,blank,,blank,,blank,,blank,,blank,,blank,1637.0795947366692,,2037.2991180847068,,1799.9833537241502,,1672.2002865809977,,2111.2969804470663,,4439.02361808381,,2787.4597607252426,,2672,,2737,,3218,,5624,,3564,,3602,,3730,,3909,,3700,,4153,,4015,,4982,,5454,,6108,,5992,,7313,,8187,,8853,,9337,,9961,,9789,,13295,,13957,,14138,,14097,,15347,,15946,,17982,,19558,,18625,,16969,,22274,,24003,,23191,,24119,,28033,,26980,,26231,
85,,      Air Transport,62,,,blank,59.56354328931742,,67.30044103442825,,74.165021010861,,77.75404631847344,,81.36798161143545,,74.0013905986969,,73.02444012531716,,,blank,,blank,,blank,,blank,,blank,,blank,,blank,,blank,,blank,,blank,,blank,,blank,,blank,,blank,,blank,,blank,,blank,,blank,,blank,,blank,,blank,,blank,,blank,,blank,,blank,,blank,,blank,,blank,,blank,,blank,,blank,,blank,,blank,,blank,,blank,,blank,,blank,,blank,,blank,,blank,,blank,,blank,,blank,,blank,,blank,,blank,,blank,,blank,,blank,,blank,,blank,,blank,,blank,,blank,,blank,,blank,,blank,,blank,,blank,,blank,,blank,,blank,,blank,,blank,,blank,,blank,,blank,,blank,,blank,,blank,,blank,,blank,,blank,,blank,,blank,,blank,,blank,,blank,,blank,,blank,,blank,,blank,,blank,0.3096930003662529,,1.6513479902503705,,3.1244071939556473,,6.731885976238041,,6.727471592119556,,8.483302260041029,,8.630847576286838,,5.695527814677282,,5.184297755760275,,5.041388713615163,,8.30921377280746,,10.140925611195373,,11.908487457523156,,15.698667552094067,,14.642949517275134,,8.61031327521939,,12.63473113925396,,20.663897082333754,,28.23713857996919,,32.70317883498324,,46.43871175111764,,172.1078188289129,,243.50792296294998,,250.04296725106488,,264.23147128299763,,348.4210252002676,,452.41685357822024,,516.8281662509188,,600,,619,,754,,1097,,1258,,1420,,1410,,2130,,1376,,1607,,1908,,1951,,2209,,2361,,2984,,2856,,3282,,3377,,3628,,3555,,4129,,4523,,4665,,5997,,5600,,5881,,5315,,4522,,5774,,7630,,8709,,9362,,9509,,10159,,10719,,12251,,9125,,7346,
86,,      Supporting and auxiliary transport activities; activities of travel agencies,63,,,blank,16.618702866840174,,19.883642918902535,,21.893012407605546,,20.909418738246906,,24.63322205676674,,22.003599569153653,,24.433011217100464,,23.09743490419469,,22.56181584896586,,23.135331643131128,,27.499052037653613,,27.67539426789642,,32.52147414136375,,25.561698153249665,,26.807392135897434,,31.0682622827377,,30.813520442465478,,29.669325959210795,,31.247363120764,,35.99796301032658,,32.653572874141105,,33.891466349757856,,31.929243543425724,,30.050155693672863,,31.289496431763816,,36.83842650036891,,37.35849483547891,,37.31818909905047,,39.0932562441381,,38.12931009433973,,38.00042447167649,,36.17137275914165,,32.49525106109475,,31.79563075289279,,32.27157126876002,,32.91106537324274,,35.87090385062141,,36.851424612875405,,33.92664082292766,,34.50812796739465,,32.466428815361446,,34.411246224384456,,35.14013165629577,,34.583843694605086,,33.471181469850734,,35.724562577138116,,34.185051784587905,,34.997243241591725,,34.861034893397395,,34.12020591988715,,33.55471509525251,,32.53741744977699,,37.54736101068051,,40.81010302346128,,39.75097381306744,,37.759659164500704,,39.15406576416137,,35.23492091308701,,37.72431498233715,,39.30327247646578,,39.75446935353952,,43.04713065805072,,45.54103683623255,,53.64097075993743,,52.601566655410586,,58.66264345294282,,57.27843710578448,,59.52961142263493,,68.5719559310458,,73.40604219173865,,80.34434454302777,,86.43839412617154,,92.8258495849233,,85.20909533691992,,94.79015500694884,,109.84769983058409,,124.5463091608164,,152.4335927624531,,156.02280067055625,,,blank,,blank,,blank,,blank,,blank,,blank,301.10279175551955,,146.6713211946528,,164.52192332855776,,199.63395104541922,,239.71930221514202,,244.29252608741115,,327.54266057713016,,397.50028169109146,,441.687667847526,,475.06563790321366,,524.2611975367306,,544.724623933401,,537.0550167682771,,523.0206612598682,,546.4425512839404,,518.6957630732793,,536.3991776573603,,619.6285739404776,,677.311840749803,,702.2814721123272,,,blank,,blank,,blank,,blank,,blank,,blank,1599.3761350719265,,2211.224030696634,,1967.3339663396573,,1852.9765393928972,,2160.7055314991517,,4004.992203282032,,2947.7596533133187,,2972,,3139,,4588,,5334,,5771,,5484,,5737,,6132,,6309,,7087,,8189,,10122,,11273,,12471,,13527,,17811,,19389,,22321,,28348,,33573,,43004,,63086,,60279,,73952,,81945,,86130,,97055,,107574,,112150,,117386,,119184,,140213,,152560,,137409,,145688,,163584,,182595,,204259,
87,,   Communications,64,,,blank,1.78315,,1.898735,,2.059152,,2.318351,,2.35798,,2.291327,,2.33853,,2.442808,,2.842022,,2.936058,,2.99034,,3.158191,,3.264271,,2.945484,,3.034558,,2.678764,,2.894389,,3.041501,,3.4395320000000003,,3.778464,,4.094011,,4.25263,,4.484084,,4.28187855,,4.447134,,4.524129729999999,,4.697166660000001,,5.10754,,5.18744701,,5.61174007,,5.797471,,6.020503,,6.38329404,,6.735326,,6.9846580000000005,,7.197216,,8.391598,,8.046784,,8.192401,,9.154686,,9.412423,,9.972972,,10.391563,,10.987976000000002,,11.733151,,12.299891,,13.272067,,13.574582999999999,,13.980998999999999,,15.0105484068,,15.7768052804,,16.3048626536,,17.0307506692,,17.6135928432,,18.7558990096,,19.3025050804,,20.189088576,,20.7749211224,,21.384750454000002,,22.5517078944,,23.575929552399998,,24.6151621952,,26.168147119599997,,27.868185786799998,,30.061688358799998,,31.334333852,,32.744005452,,34.0832173632,,35.793805276,,36.9416091512,,40.8792988556,,42.8671248672,,44.9441659448,,47.23591153452544,,49.74046144165581,,53.87925105417267,,55.38461888115456,,59.717466173688834,,60.943498385586174,,,blank,,blank,,blank,,blank,,blank,,blank,101.00429072206786,,134.5450762397578,,141.35683793143482,,158.4697762,,224.7765238,,288.5954117,,375.0120141,,465.8254426,,539.8986636,,561.3934613,,634.5128466,,787.178068,,803.6577950675,,758.4230437049999,,755.0596886675,,777.35808893,,816.85307216,,833.56443725,,834.717946,,795.6757396,,373.67537597092536,,361.1178963520209,,348.9824148216163,,337.25475,,316.8459,,473.97875,,786.73015,,1176.99775,,1249.1892,,1458.649,,1620.0919999999999,,1913.83485,,2153.6823,,4291,,4612,,4895,,5161,,5508,,6350,,6733,,7377,,7709,,8421,,8940,,9867,,11081,,12091,,13609,,14949,,16869,,18319,,19834,,23156,,26055,,28620,,36546,,40190,,46396,,53396,,57823,,62896,,67382,,73157,,81219,,92431,,99463,,105042,,114338,,121147,,127635,,138145,
88,,"FINANCIAL INTERMEDIATION; REAL ESTATE, RENTING AND BUSINESS ACTIVITIES",,J; K,,blank,112.5509652760757,,119.73447344385895,,132.47765846696404,,128.51371813824403,,134.50092016998093,,140.02608952786397,,140.66628971407854,,150.91649784143908,,124.45067796360838,,141.0111503319969,,142.01994408663995,,143.90925557780278,,151.73792614888677,,139.48992337872642,,146.2262418255143,,150.8898852054963,,154.29916695379708,,151.84530759100505,,159.44715358981512,,166.8839478455696,,169.23509327640522,,176.50046354049852,,188.67328815149324,,189.59490082555226,,193.08807766270309,,199.68752473644972,,208.8857875926118,,210.21087985557332,,233.99758930722277,,237.88431269891248,,262.5852827871308,,267.0820219992618,,263.5159394829233,,255.91261620567641,,291.7229907236198,,301.0406094539717,,310.0834539238157,,324.9088676383735,,336.8399848489806,,375.55517250385674,,417.55084474705654,,420.00832184817347,,411.1357342042329,,434.09155574628437,,447.6084365057718,,455.5235919146758,,457.2807500994761,,488.43420425186923,,505.0534492950901,,503.1558039314671,,535.8667959635835,,538.5438322965583,,518.7294290086893,,528.1354859349879,,534.3042695511073,,552.8311523585178,,543.6810550461078,,539.6947194305379,,539.5276569045294,,520.4828484535985,,512.3549725152828,,512.5878250650236,,521.0538368100603,,534.3586916354618,,537.5606713102613,,529.7347142204648,,555.0090375951806,,567.5290704196074,,590.9021581033805,,602.4503664366343,,644.6122583056712,,662.0533825125513,,694.2184214978262,,721.5567531400197,,759.7644845007275,,803.27259334547,,840.1795475798284,,890.0672146802851,,933.1769344083435,,902.8722970673973,,869.1384673643636,,811.6500911719684,,789.0830129434275,,886.6079451726577,,990.3864682631037,,1127.8081516243644,,1340.2139483090584,,1515.9841178244385,,2020.6906300972842,,2423.053737016583,,2828.9450542051904,,3375.8205611775425,,4269.118923915934,,5444.939034591341,,6773.220959899634,,9401.96997887021,,10062.42222864821,,10462.923020246017,,10374.567981882155,,10219.425220497273,,9887.849661163174,,9899.677104635717,,10244.617151362114,,10315.437023828365,,10531.406453353022,,9610.457760294232,,9100.89322193675,,9038.323962838105,,9115.984965347921,,9433.212853713436,,12987.421143247357,,15024.002516524186,,17350.589216065575,,22473.084897098393,,23426.67070793671,,24906.402612879312,,31127.575236274886,,34059.50016787044,,36450,,40700,,44305,,45727,,48029,,49426,,52286,,54044,,55961,,58104,,61174,,64586,,69794,,76819,,81709,,86934,,94066,,98568,,108158,,118766,,135095,,156320,,187259,,216808,,242298,,269427,,294451,,329140,,389121,,436392,,452307,,513979,,557407,,619897,,669826,,694193,,725106,,758915,
89,,   FINANCIAL INTERMEDIATION,,J,,blank,56.62049379200867,,62.28254317120955,,74.91326870942689,,67.9445925504104,,70.99338836998012,,75.34881096936539,,70.99338836998012,,79.26869130881215,,49.651817632992234,,63.589169951025134,,64.46025447090219,,64.46025447090219,,72.30001514979571,,57.05603605194722,,63.15362769108661,,67.07350803053336,,67.50905029047189,,64.02471221096366,,71.42893062991864,,78.3976067889351,,81.4464026085048,,85.80182520789009,,94.51267040666065,,90.59279006721388,,90.15724780727537,,89.72170554733685,,91.02833232715241,,84.05965616813597,,94.94821266659918,,90.15724780727537,,106.70785368493945,,105.40122690512385,,91.89941684702949,,72.80292973383754,,96.84082014299811,,97.70239327594294,,93.73915686439673,,112.34913653600492,,121.13718249204213,,136.64549888504894,,146.295117974031,,131.30374546079105,,113.12455235565527,,112.77992310247734,,109.76441713717047,,111.40140608976562,,97.27160670947053,,111.05677683658769,,114.67538399495594,,94.25610074416365,,116.31237294755111,,108.5582147510477,,81.3325037499913,,81.84944762975819,,78.14468315809546,,89.1728192597892,,87.79430224707748,,86.58809986095471,,93.65299955110227,,78.74778435115684,,76.59385151879478,,78.14468315809546,,85.03348377465184,,96.99545806541485,,103.29489133208548,,105.46287123863665,,117.8860732798347,,112.09893142866405,,118.78859922977347,,112.42565590960243,,124.98919910628537,,134.15497326382183,,140.5127993539363,,146.66319741453555,,159.13420600065353,,178.8890802916751,,186.4605562229456,,207.75403166798614,,232.6243202015554,,201.02272036354628,,177.11605847890138,,146.8947930962434,,147.92880667746243,,278.10626363172105,,359.0252836045079,,527.0016580411352,,560.0279759365726,,600.1929082716522,,750.3057658705275,,890.8973028558894,,936.1511361074249,,1289.8859166328498,,1720.4216327226914,,2181.496774775653,,2823.591548546099,,2867.1362761742203,,2157.3012720679044,,1882.6635305403104,,1763.5935218940022,,1643.5733069220669,,1617.2829035940576,,1618.9891831223558,,1902.6895318978125,,1845.026288517549,,1921.641926098534,,1674.8034985982454,,1911.341162718131,,2011.259265444975,,2007.5003266735598,,2007.4889213914728,,2417.7310884109797,,3105.1533074351,,4372.203148210669,,5391.73656042476,,5564.787613928918,,6318.50121413827,,7495.744218418152,,8658.888686043701,,8890,,9408,,11496,,12009,,13031,,13417,,15040,,15683,,16419,,17863,,19754,,21765,,24053,,27074,,30108,,33380,,38296,,41068,,43895,,49995,,61001,,73557,,85986,,107987,,119471,,135029,,148691,,160692,,195826,,223930,,218112,,256122,,279585,,325205,,354970,,358565,,367960,,381718,
90,,"      Financial intermediation, except insurance and pension funding",65,,,blank,49.5792809876175,,54.53720908637926,,65.59720253746318,,59.495137185141004,,62.164790776781956,,65.9785816219833,,62.164790776781956,,69.41099338266451,,43.47721563529536,,55.681346339939665,,56.44410450897993,,56.44410450897993,,63.30892803034237,,49.96066007213765,,55.29996725541953,,58.732379016100744,,59.11375810062088,,56.06272542445979,,62.54616986130208,,68.64823521362425,,71.31788880526518,,75.13167965046654,,82.75926134086923,,79.32684958018801,,78.94547049566789,,78.56409141114776,,79.70822866470814,,73.606163312386,,83.14064042538936,,78.94547049566789,,93.43787570743301,,92.29373845387259,,80.47098683374843,,63.74930114977462,,84.79788697319132,,85.55231657259694,,82.08194041533109,,98.37761976249242,,106.07280167642972,,119.65253446573082,,128.10214597907375,,114.975070949416,,99.05660640195748,,98.75483456219523,,96.11433096427558,,97.54774720314624,,85.17510177289414,,97.24597536338399,,100.41457968088757,,82.53459817497448,,101.84799591975826,,95.0581295251077,,71.21815418389022,,71.6708119435336,,68.42676466608944,,78.08346353848134,,76.87637617943236,,75.82017474026448,,82.00649745539054,,68.95486538567337,,67.06879138715934,,68.42676466608944,,74.08498666163158,,82.4591552150339,,91.66319632778243,,93.17205552659367,,104.03584175803455,,96.4161028040378,,102.45153959928277,,98.3405833547192,,103.40392771272387,,112.94515393286062,,118.17257395434476,,126.84908084437858,,135.47340712052872,,148.97992954102662,,160.93290456418728,,176.43317991263999,,199.79919972836328,,162.4496946048937,,140.1025838730671,,113.50462575380666,,113.73187322892429,,244.43738328238325,,316.2251174171775,,463.3141597028576,,494.56982496762646,,526.8275194131589,,649.4201354005107,,782.7846617809331,,811.434590940438,,1135.8811052730157,,1468.1207062112505,,1908.5439095609254,,2530.958545980736,,2564.8337684235867,,1767.637556447212,,1495.6338234017933,,1352.9054346987862,,1232.7221799228687,,1138.0008326397015,,1124.4346679970868,,1357.7682660730618,,1313.9719742881512,,1352.1277884349531,,1163.6708188549064,,1077.1931564357035,,939.7401818902615,,701.9790855563069,,568.0007195700132,,1256.6627543014852,,1560.1317939508265,,2618.5713019823297,,3205.8796314364504,,3280.748382892414,,3613.7978942131617,,4389.564169810143,,5189.405321977262,,5393,,5473,,7251,,7280,,7841,,7865,,9130,,9430,,9935,,10941,,12142,,13228,,14520,,16451,,18077,,20255,,23973,,23967,,25938,,30468,,38165,,46557,,56762,,74878,,83266,,96625,,107181,,118615,,145889,,172869,,166431,,201903,,218283,,253489,,278300,,283568,,291152,,300863,
91,,"      Insurance and pernsion funding, except compulsory social security",66,,,blank,7.04121280439117,,7.745334084830288,,9.316066171963705,,8.449455365269404,,8.828597593198163,,9.370229347382098,,8.828597593198163,,9.85769792614764,,6.1746019976968745,,7.907823611085471,,8.016149961922256,,8.016149961922256,,8.991087119453343,,7.095375979809567,,7.853660435667077,,8.34112901443262,,8.395292189851013,,7.961986786503863,,8.882760768616555,,9.749371575310853,,10.12851380323961,,10.670145557423545,,11.753409065791418,,11.265940487025876,,11.211777311607483,,11.157614136189089,,11.320103662444268,,10.453492855749971,,11.807572241209812,,11.211777311607483,,13.269977977506441,,13.107488451251259,,11.428430013281057,,9.053628584062935,,12.042933169806792,,12.150076703345997,,11.657216449065647,,13.971516773512505,,15.064380815612411,,16.992964419318124,,18.192971994957237,,16.328674511375045,,14.06794595369779,,14.025088540282109,,13.650086172894888,,13.853658886619376,,12.096504936576396,,13.810801473203696,,14.260804314068361,,11.721502569189173,,14.464377027792855,,13.500085225939998,,10.114349566101078,,10.1786356862246,,9.717918492006014,,11.089355721307856,,10.917926067645126,,10.767925120690235,,11.646502095711728,,9.79291896548346,,9.525060131635444,,9.717918492006014,,10.94849711302026,,14.536302850380956,,11.631695004303062,,12.290815712042983,,13.850231521800156,,15.682828624626243,,16.337059630490707,,14.08507255488323,,21.585271393561502,,21.20981933096121,,22.34022539959152,,19.81411657015697,,23.660798880124812,,29.90915075064847,,25.527651658758305,,31.320851755346155,,32.82512047319212,,38.5730257586526,,37.01347460583429,,33.39016734243673,,34.19693344853813,,33.66888034933778,,42.800166187330355,,63.687498338277656,,65.45815096894613,,73.36538885849328,,100.88563047001678,,108.11264107495634,,124.7165451669868,,154.00481135983412,,252.30092651144085,,272.952865214728,,292.6330025653635,,302.30250775063377,,389.6637156206924,,387.0297071385171,,410.6880871952159,,410.8511269991981,,479.28207095435624,,494.5545151252691,,544.9212658247507,,531.0543142293977,,569.514137663581,,511.13267974333905,,834.1480062824276,,1071.5190835547135,,1305.5212411172529,,1439.4882018214596,,1161.0683341094946,,1545.0215134842738,,1753.631846228339,,2185.8569289883094,,2284.039231036504,,2704.7033199251086,,3106.180048608009,,3469.4833640664388,,3497,,3935,,4245,,4729,,5190,,5552,,5910,,6253,,6484,,6922,,7612,,8537,,9533,,10623,,12031,,13125,,14323,,17101,,17957,,19527,,22836,,27000,,29224,,33109,,36205,,38404,,41510,,42077,,49937,,51061,,51681,,54219,,61302,,71716,,76670,,74997,,76808,,80855,
92,,      Activities auxiliary to financial intermediation,67,,,blank,,blank,,blank,,blank,,blank,,blank,,blank,,blank,,blank,,blank,,blank,,blank,,blank,,blank,,blank,,blank,,blank,,blank,,blank,,blank,,blank,,blank,,blank,,blank,,blank,,blank,,blank,,blank,,blank,,blank,,blank,,blank,,blank,,blank,,blank,,blank,,blank,,blank,,blank,,blank,,blank,,blank,,blank,,blank,,blank,,blank,,blank,,blank,,blank,,blank,,blank,,blank,,blank,,blank,,blank,,blank,,blank,,blank,,blank,,blank,,blank,,blank,,blank,,blank,,blank,,blank,,blank,,blank,,blank,,blank,,blank,,blank,,blank,,blank,,blank,,blank,,blank,,blank,,blank,,blank,,blank,,blank,,blank,,blank,,blank,,blank,,blank,,blank,,blank,,blank,,blank,,blank,,blank,,blank,,blank,,blank,,blank,,blank,,blank,,blank,,blank,,blank,,blank,,blank,,blank,,blank,,blank,,blank,,blank,,blank,,blank,,blank,,blank,,blank,,blank,,blank,,blank,,blank,,blank,,blank,,blank,,blank,,blank,,blank,,blank,,blank,,blank,,blank,,blank,,blank,,blank,,blank,,blank,,blank,,blank,,blank,,blank,,blank,,blank,,blank,,blank,,blank,,blank,,blank,,blank,,blank,,blank,,blank,,blank,,blank,,blank,,blank,,blank,,blank,,blank,,blank,,blank
93,,"   REAL ESTATE, RENTING AND BUSINESS ACTIVITIES",,K,,blank,55.93047148406703,,57.45193027264939,,57.564389757537164,,60.56912558783361,,63.50753180000079,,64.67727855849857,,69.67290134409842,,71.64780653262693,,74.79886033061615,,77.42198038097177,,77.55968961573777,,79.4490011069006,,79.43791099909106,,82.4338873267792,,83.0726141344277,,83.81637717496295,,86.7901166633252,,87.8205953800414,,88.01822295989646,,88.4863410566345,,87.78869066790041,,90.69863833260843,,94.16061774483259,,99.00211075833838,,102.9308298554277,,109.96581918911286,,117.85745526545938,,126.15122368743735,,139.0493766406236,,147.7270648916371,,155.87742910219134,,161.68079509413798,,171.61652263589377,,183.10968647183887,,194.88217058062165,,203.33821617802874,,216.34429705941892,,212.5597311023686,,215.70280235693843,,238.90967361880783,,271.2557267730256,,288.7045763873824,,298.0111818485776,,321.311632643807,,337.8440193686013,,344.1221858249102,,360.0091433900056,,377.37742741528155,,390.37806530013415,,408.8997031873035,,419.55442301603244,,429.9856175455106,,437.396925258698,,446.2860383052296,,456.1595863930118,,463.6583330987286,,455.8867527990303,,453.10661956958324,,445.8746573534271,,441.73506410244175,,435.7611209964881,,434.44314190692813,,436.02035303540845,,437.36323357004693,,434.2657799781759,,424.2718429818281,,437.122964315346,,455.43013899094336,,472.1135588736071,,490.0247105270319,,519.6230591993858,,527.8984092487294,,553.7056221438899,,574.8935557254842,,600.6302785000739,,624.3835130537949,,653.7189913568828,,682.313183012299,,700.5526142067881,,701.8495767038511,,692.0224088854621,,664.7552980757249,,641.1542062659651,,608.5016815409366,,631.3611846585958,,600.8064935832292,,780.1859723724858,,915.7912095527863,,1270.3848642267567,,1532.1564341606936,,1892.7939180977655,,2085.9346445446927,,2548.6972911932426,,3263.4422598156875,,3949.6294113535355,,6534.833702695989,,7905.1209565803065,,8580.259489705706,,8610.974459988154,,8575.851913575205,,8270.566757569117,,8280.687921513361,,8341.9276194643,,8470.410735310816,,8609.764527254487,,7935.654261695986,,7189.55205921862,,7027.06469739313,,7108.484638674361,,7425.723932321964,,10569.690054836377,,11918.849209089085,,12978.386067854906,,17081.348336673633,,17861.883094007793,,18587.90139874104,,23631.831017856734,,25400.611481826738,,27560,,31292,,32809,,33718,,34998,,36009,,37246,,38361,,39542,,40241,,41420,,42821,,45741,,49745,,51601,,53554,,55770,,57500,,64263,,68771,,74094,,82763,,101273,,108821,,122827,,134398,,145760,,168448,,193295,,212462,,234195,,257857,,277822,,294692,,314856,,335628,,357146,,377197,
94,,      Real estate activities,70,,,blank,,blank,,blank,,blank,,blank,,blank,,blank,,blank,,blank,,blank,,blank,,blank,,blank,,blank,,blank,,blank,,blank,,blank,,blank,,blank,,blank,,blank,,blank,,blank,,blank,,blank,,blank,,blank,,blank,,blank,,blank,,blank,,blank,,blank,,blank,,blank,,blank,,blank,,blank,,blank,,blank,,blank,,blank,,blank,,blank,,blank,,blank,,blank,,blank,,blank,,blank,,blank,,blank,,blank,,blank,,blank,,blank,,blank,,blank,,blank,,blank,,blank,,blank,,blank,,blank,,blank,,blank,,blank,,blank,,blank,,blank,,blank,,blank,,blank,,blank,,blank,,blank,,blank,,blank,,blank,,blank,,blank,,blank,,blank,,blank,,blank,,blank,,blank,,blank,,blank,,blank,,blank,,blank,,blank,,blank,,blank,,blank,,blank,,blank,,blank,,blank,,blank,,blank,,blank,,blank,,blank,,blank,,blank,,blank,,blank,,blank,,blank,,blank,,blank,,blank,,blank,,blank,,blank,,blank,,blank,,blank,,blank,,blank,,blank,,blank,,blank,,blank,,blank,,blank,,blank,,blank,,blank,,blank,,blank,,blank,,blank,,blank,,blank,,blank,,blank,,blank,,blank,,blank,,blank,,blank,,blank,,blank,,blank,,blank,,blank,,blank,,blank,,blank,,blank,,blank,,blank,,blank
95,,         Research and development,73,,,blank,,blank,,blank,,blank,,blank,,blank,,blank,,blank,,blank,,blank,,blank,,blank,,blank,,blank,,blank,,blank,,blank,,blank,,blank,,blank,,blank,,blank,,blank,,blank,,blank,,blank,,blank,,blank,,blank,,blank,,blank,,blank,,blank,,blank,,blank,,blank,,blank,,blank,,blank,,blank,,blank,,blank,,blank,,blank,,blank,,blank,,blank,,blank,,blank,,blank,,blank,,blank,,blank,,blank,,blank,,blank,,blank,,blank,,blank,,blank,,blank,,blank,,blank,,blank,,blank,,blank,,blank,,blank,,blank,,blank,,blank,,blank,,blank,,blank,,blank,,blank,,blank,,blank,,blank,,blank,,blank,,blank,,blank,,blank,,blank,,blank,,blank,,blank,,blank,,blank,,blank,,blank,,blank,,blank,,blank,,blank,,blank,,blank,,blank,,blank,,blank,,blank,,blank,,blank,,blank,,blank,,blank,,blank,,blank,,blank,,blank,,blank,,blank,,blank,,blank,,blank,,blank,,blank,,blank,,blank,,blank,,blank,,blank,,blank,,blank,,blank,,blank,,blank,,blank,,blank,,blank,,blank,,blank,,blank,,blank,,blank,,blank,,blank,,blank,,blank,,blank,,blank,,blank,,blank,,blank,,blank,,blank,,blank,,blank,,blank,,blank,,blank,,blank,,blank,,blank,,blank,,blank
96,,TOTAL GOVERNMENT,,73; L; M; N,,blank,,blank,,blank,,blank,,blank,,blank,,blank,,blank,,blank,,blank,,blank,,blank,,blank,,blank,,blank,,blank,,blank,,blank,,blank,,blank,,blank,,blank,,blank,,blank,,blank,,blank,,blank,,blank,,blank,,blank,,blank,,blank,,blank,,blank,,blank,,blank,,blank,,blank,,blank,,blank,,blank,,blank,,blank,,blank,,blank,,blank,,blank,,blank,,blank,,blank,,blank,,blank,,blank,,blank,,blank,,blank,,blank,,blank,,blank,,blank,,blank,,blank,,blank,,blank,,blank,,blank,,blank,,blank,,blank,,blank,,blank,,blank,,blank,,blank,,blank,,blank,,blank,,blank,,blank,,blank,,blank,,blank,,blank,,blank,,blank,,blank,,blank,,blank,,blank,,blank,,blank,,blank,,blank,,blank,,blank,,blank,,blank,,blank,,blank,,blank,,blank,,blank,,blank,,blank,,blank,,blank,,blank,,blank,,blank,,blank,,blank,,blank,,blank,,blank,,blank,,blank,,blank,,blank,,blank,,blank,,blank,,blank,,blank,,blank,,blank,,blank,,blank,,blank,,blank,,blank,,blank,,blank,,blank,,blank,,blank,,blank,,blank,,blank,,blank,,blank,,blank,,blank,,blank,,blank,,blank,,blank,,blank,,blank,,blank,,blank,,blank,,blank,,blank,,blank,,blank,,blank,,blank
97,,"COMMUNITY, SOCIAL AND PERSONAL SERVICES",,L; M; N; O; P; MISCs,,blank,194.63942616340069,,212.9604006337782,,235.69010949743273,,246.85934801006766,,243.35447712635624,,216.43677310520127,,221.6515753439444,,216.39115876984283,,221.0601113891014,,221.12335220895721,,240.3465622986542,,238.45414444163427,,238.9208174727858,,237.9719337291846,,235.17221048328463,,234.34544401032943,,248.33416168567481,,263.1957643184152,,269.8079497656927,,271.1852790111418,,283.0885146984668,,281.4682304713997,,288.9718803089705,,291.7004394118872,,304.72965051375456,,315.48475152838324,,324.4977172793632,,305.8493094066941,,321.3100184559117,,362.51496658261607,,372.2516941472679,,388.13306575989304,,398.8125041157381,,405.52358904258824,,407.4899959318593,,423.66417497840837,,431.07248570892784,,465.01023291587614,,517.082077165918,,516.3659354409479,,533.8346515418732,,550.1491933952196,,564.6615061334403,,560.6416540908708,,568.5653274267947,,605.0210702869547,,615.8897700033529,,632.4693322274774,,668.5790355015351,,647.3286487187484,,679.8193012111112,,689.7976441476237,,702.2471297719819,,716.1084498383918,,741.3551778362348,,762.8000118658942,,773.4183040233958,,779.4252029393027,,766.5128328324828,,779.0735875498087,,793.8543341419012,,796.0992277729517,,836.5022271960456,,831.1932406257495,,846.0551853882307,,873.5066506877663,,886.9613666972054,,909.8081481452709,,924.1383862281702,,927.9097967326192,,934.4923214026226,,985.881030351572,,1003.2607593649868,,995.5284620806253,,1040.0037440139938,,1059.9092587026835,,1070.9972676108737,,1099.7103754768646,,1110.7840949462634,,,blank,,blank,,blank,,blank,,blank,,blank,6188.474521075337,,6315.647362675856,,6428.433087309566,,6629.48968199301,,7053.858142856111,,7429.291345441481,,7905.749325274116,,9208.732766178624,,10234.199233434605,,11105.306142099449,,12073.336482549628,,12184.31062195166,,11881.108487045858,,11651.61969717207,,11892.249931638977,,12109.493327184002,,12950.506698651901,,14080.382060042019,,14797.010475694216,,15608.531640966303,,20276.809045575315,,16164.521513347941,,16687.06553595333,,17296.20325796399,,19846.667185710812,,31635.419572831164,,38212.22304040867,,42498.687049166074,,63226.97150732872,,51658.96983379338,,53851.03170847828,,55693.137799036056,,63636.53536974077,,57772.735270000005,,47755.07649042002,,50545.33585152887,,52829.15708830797,,56111.44939669815,,61074.04043564855,,64184.99938440491,,68443.99783375177,,73222,,79015,,87289,,95167,,112289,,124958,,136032,,146935,,161330,,176438,,198672,,229782,,265172,,316982,,383637,,435573,,487513,,542155,,590504,,643163,,695782,,740066,,764770,,805832,,861368,,899183,,912498,,934035,,983822,,1040541,
98,,   PUBLIC ADMINISTRATION AND DEFENCE; COMPULSORY SOCIAL SECURITY,,L,,blank,56.571,,54.977,,58.114000000000004,,58.533,,60.988,,52.244,,52.10940000000001,,52.474000000000004,,52.9404,,53.206,,55.3724,,56.236000000000004,,57.2024,,60.56700000000001,,55.82640000000001,,56.15,,56.339000000000006,,59.321,,60.584,,62.408,,62.672,,63.425,,64.783,,64.40700000000001,,65.991,,66.313,,67.4654,,68.011,,71.3854,,74.443,,74.3284,,73.995,,75.4624,,76.93,,77.69839999999999,,87.565,,86.619,,87.973,,89.72600000000003,,90.902,,96.009,,105.05300000000003,,107.768,,104.77,,105.598,,105.658,,105.51400000000001,,109.986,,113.16,,114.219,,114.90599999999999,,117.404,,116.05100000000002,,117.767,,116.80200000000002,,120.29899999999999,,121.4114,,120.775,,121.6314,,124.262,,126.4204,,131.25300000000001,,140.3704,,140.762,,145.8364,,147.23,,150.9724,,154.784,,159.1804,,163.437,,165.41840000000002,,170.02200000000002,,174.1494,,175.888,,180.2534,,187.018,,193.471,,207.823,,213.91039136908097,,,blank,,blank,,blank,,blank,,blank,,blank,976.508,,1000.2320000000002,,1133.6670000000001,,1173.9920000000002,,1182.142,,1347.459,,1441.2730000000001,,1846.6940000000004,,2353.56,,2505.105,,2888.839,,2952.1890000000003,,2746.8790000000004,,2596.911,,2622.299,,2537.457,,2771.64,,3179.9449999999997,,3454.7650000000003,,3990.678,,8329.966573689298,,3870.8762468086074,,4136.177754273757,,4616.017832000402,,6901.274781208415,,13119.385545938752,,14848.643161533344,,16505.156263341836,,34375.12921966965,,20353.859473981945,,20625.388766057593,,21222.34930072844,,26071.432633441866,,23966,,25117,,27065,,27872,,29273,,32139,,34391,,35747,,35587,,38269,,41622,,44535,,51106,,55648,,60587,,64743,,71051,,78547,,88547,,102236,,119231,,140275,,170065,,192761,,216795,,242949,,269427,,296781,,318608,,336999,,346664,,367143,,392821,,413131,,418952,,430442,,450921,,475251,
99,,      Administration of the State and the economic and social policy of the community,751,,,blank,,blank,,blank,,blank,,blank,,blank,,blank,,blank,,blank,,blank,,blank,,blank,,blank,,blank,,blank,,blank,,blank,,blank,,blank,,blank,,blank,,blank,,blank,,blank,,blank,,blank,,blank,,blank,,blank,,blank,,blank,,blank,,blank,,blank,,blank,,blank,,blank,,blank,,blank,,blank,,blank,,blank,,blank,,blank,,blank,,blank,,blank,,blank,,blank,,blank,,blank,,blank,,blank,,blank,,blank,,blank,,blank,,blank,,blank,,blank,,blank,,blank,,blank,,blank,,blank,,blank,,blank,,blank,,blank,,blank,,blank,,blank,,blank,,blank,,blank,,blank,,blank,,blank,,blank,,blank,,blank,,blank,,blank,,blank,,blank,,blank,,blank,,blank,,blank,,blank,,blank,,blank,,blank,,blank,,blank,,blank,,blank,,blank,,blank,,blank,,blank,,blank,,blank,,blank,,blank,,blank,,blank,,blank,,blank,,blank,,blank,,blank,,blank,,blank,,blank,,blank,,blank,,blank,,blank,,blank,,blank,,blank,,blank,,blank,,blank,,blank,,blank,,blank,,blank,,blank,,blank,,blank,,blank,,blank,,blank,,blank,,blank,,blank,,blank,,blank,,blank,,blank,,blank,,blank,,blank,,blank,,blank,,blank,,blank,,blank,,blank,,blank,,blank,,blank,,blank,,blank,,blank
100,,      Defence,,752; 753,,blank,,blank,,blank,,blank,,blank,,blank,,blank,,blank,,blank,,blank,,blank,,blank,,blank,,blank,,blank,,blank,,blank,,blank,,blank,,blank,,blank,,blank,,blank,,blank,,blank,,blank,,blank,,blank,,blank,,blank,,blank,,blank,,blank,,blank,,blank,,blank,,blank,,blank,,blank,,blank,,blank,,blank,,blank,,blank,,blank,,blank,,blank,,blank,,blank,,blank,,blank,,blank,,blank,,blank,,blank,,blank,,blank,,blank,,blank,,blank,,blank,,blank,,blank,,blank,,blank,,blank,,blank,,blank,,blank,,blank,,blank,,blank,,blank,,blank,,blank,,blank,,blank,,blank,,blank,,blank,,blank,,blank,,blank,,blank,,blank,,blank,,blank,,blank,,blank,,blank,,blank,,blank,,blank,,blank,,blank,,blank,,blank,,blank,,blank,,blank,,blank,,blank,,blank,,blank,,blank,,blank,,blank,,blank,,blank,,blank,,blank,,blank,,blank,,blank,,blank,,blank,,blank,,blank,,blank,,blank,,blank,,blank,,blank,,blank,,blank,,blank,,blank,,blank,,blank,,blank,,blank,,blank,,blank,,blank,,blank,,blank,,blank,,blank,,blank,,blank,,blank,,blank,,blank,,blank,,blank,,blank,,blank,,blank,,blank,,blank,,blank,,blank,,blank,,blank,,blank,,blank,,blank
101,,   EDUCATION,,M,,blank,5.379875017002379,,6.500682312211208,,7.769108129228029,,8.337712805821775,,8.846176603160416,,9.365575105818165,,9.343705695179946,,10.431708874431441,,11.503309995704274,,12.219533194106013,,14.625168364310328,,14.411941610587675,,14.82199306005432,,15.182838335584966,,14.767319533458766,,15.964669765901368,,16.19976593026224,,16.92145648132354,,16.78477266483466,,16.981597360578647,,18.610868453126116,,19.56765516854829,,19.86289221216427,,21.300805961627304,,21.289871256308192,,22.94647911215344,,26.24876011852482,,26.560399220119468,,30.048570216915728,,37.60991894508065,,38.12931744773841,,38.75806300358726,,41.792443729640425,,40.53495261794273,,41.43159845410979,,42.57974251261639,,42.20249517910708,,44.990845035480255,,47.035634930153925,,50.72609797535374,,63.66185436786149,,63.84227700562682,,72.36587980187348,,74.83712320399245,,77.98085098323672,,94.49225601509362,,94.85310129062427,,105.50350427143792,,106.4712256921792,,89.89421242840764,,99.14497312837514,,90.5229579842565,,93.44799165711855,,98.19365376561254,,99.60423075177779,,101.73103093634478,,107.69591268791957,,109.26504290121193,,113.95056413045079,,114.18019294215212,,110.05234168418791,,114.27313793736455,,118.42832595862657,,119.31950444213406,,121.5884557958495,,127.69548871657274,,132.4411508250667,,135.5684765463323,,141.18344772769558,,143.88431994151586,,148.61904734469073,,154.95570907711527,,161.3689137467736,,166.76519082175466,,169.85424507440337,,174.0641066222609,,181.6090532924472,,187.88557414561663,,194.03046585373818,,,blank,,blank,,blank,,blank,,blank,,blank,304.43859814201573,,363.4368006912766,,358.4833791817195,,399.34637295923557,,504.51636871844056,,619.5494686754834,,677.0113451274092,,1084.1760323898088,,1328.9931497793743,,1429.1933219710438,,1604.5750605842575,,1646.9361089904914,,1595.8819698555646,,1531.5093596419606,,1536.0691317600301,,1509.0986810904437,,1641.5781033841272,,1734.080243031143,,1926.487317826212,,1926.339699304404,,1940.9519418526736,,2001.6225316043992,,2302.839307710483,,2451.1537749766385,,2807.7360382123406,,3530.249606458092,,4977.392375480479,,5809.715077325408,,6997.938110366956,,8193.754415583433,,9644.148275062022,,9608.221959070555,,10751.724217631088,,11208,,11961,,12457,,13271,,14685,,15930,,16222,,18545,,20490,,21957,,25759,,28867,,32785,,37644,,41627,,45082,,50156,,57513,,66199,,79296,,89669,,112382,,136349,,156673,,172337,,188706,,201599,,220319,,242390,,257061,,261013,,271096,,287918,,295717,,293791,,295359,,313230,,331304,
102,,   HEALTH AND SOCIAL WORK,,N,,blank,3.01392829961016,,3.4766317064585834,,3.9384094596523345,,4.219746460428804,,4.110198435910622,,3.706830855400325,,3.8398641110475755,,3.6823001819735013,,3.7609571115246254,,3.743083062585953,,4.09886118393218,,3.9322113792150626,,3.9666654642223174,,3.9134164376817266,,4.026420279395038,,4.027158581216621,,4.4468375190938705,,4.81814577956347,,5.052842402169918,,5.131560856872838,,5.500205673674251,,5.514638283476829,,5.8770908914520525,,6.134305719616811,,6.704348159125376,,7.219909084375062,,7.633888014640511,,7.241343653388792,,7.813170322299516,,9.224350897600115,,9.91600077666222,,10.900802126586457,,11.056823957500933,,11.22169548686284,,11.144118224491663,,11.094532921506566,,11.248266413710597,,12.479682403549383,,14.330745982704979,,13.760715451290308,,13.635243835267348,,13.935399250022945,,13.760560646069651,,13.687369531617032,,13.87563054207401,,14.651712776227056,,14.836516470089405,,14.664914882993655,,16.08488164690756,,15.569364384668829,,16.045757604410557,,16.831644169205067,,17.029733326491304,,17.140962862214035,,17.80610929362713,,18.352436764140784,,18.731209414801185,,19.160125064177496,,18.67019432635774,,19.134326178750694,,19.89193102054098,,19.89203025465678,,21.387871423514657,,21.340792774294783,,21.82811167018656,,22.472081541287015,,23.585329546026028,,24.82882232775819,,25.728413327123594,,26.510542888293745,,27.126369964152104,,29.554837169526632,,30.75829692426102,,29.993634552154738,,32.21764772405533,,33.33075481634991,,33.872942239552216,,34.70018561444933,,35.41145606288825,,,blank,,blank,,blank,,blank,,blank,,blank,135.5331346520734,,145.74722411835765,,191.66141832826466,,224.98408070063937,,267.14244771381266,,292.0809886623716,,395.9620743026093,,535.644201256798,,694.8098986675391,,854.9690210291421,,959.8243674891552,,982.6168643380018,,976.5252090387385,,958.1881475985558,,981.0815565537152,,1000.8447839770987,,1055.1802457717713,,1137.8629871114783,,1136.1695077250458,,1161.463741757352,,1106.4946286780755,,1288.3356441343392,,1394.7456402283274,,1540.4403184792407,,1636.2824601229313,,2571.915272033233,,3362.0543801283848,,4035.1225022965923,,4609.695007832273,,5154.796673473729,,5063.4832440034925,,5330.408378394045,,6011.460890887855,,5304,,5681,,6018,,6343,,6577,,7548,,8151,,8713,,9035,,9615,,10057,,10703,,15868,,17911,,18855,,20711,,22393,,23862,,26617,,30147,,34566,,38468,,51553,,58217,,66461,,75056,,81335,,85233,,92593,,102292,,111592,,120289,,131133,,139668,,149191,,157650,,169010,,182353,
103,,      Human health activities; Veterinary activities,,851; 852,,blank,,blank,,blank,,blank,,blank,,blank,,blank,,blank,,blank,,blank,,blank,,blank,,blank,,blank,,blank,,blank,,blank,,blank,,blank,,blank,,blank,,blank,,blank,,blank,,blank,,blank,,blank,,blank,,blank,,blank,,blank,,blank,,blank,,blank,,blank,,blank,,blank,,blank,,blank,,blank,,blank,,blank,,blank,,blank,,blank,,blank,,blank,,blank,,blank,,blank,,blank,,blank,,blank,,blank,,blank,,blank,,blank,,blank,,blank,,blank,,blank,,blank,,blank,,blank,,blank,,blank,,blank,,blank,,blank,,blank,,blank,,blank,,blank,,blank,,blank,,blank,,blank,,blank,,blank,,blank,,blank,,blank,,blank,,blank,,blank,,blank,,blank,,blank,,blank,,blank,,blank,,blank,,blank,,blank,,blank,,blank,,blank,,blank,,blank,,blank,,blank,,blank,,blank,,blank,,blank,,blank,,blank,,blank,,blank,,blank,,blank,,blank,,blank,,blank,,blank,,blank,,blank,,blank,,blank,,blank,,blank,,blank,,blank,,blank,,blank,,blank,,blank,,blank,,blank,,blank,,blank,,blank,,blank,,blank,,blank,,blank,,blank,,blank,,blank,,blank,,blank,,blank,,blank,,blank,,blank,,blank,,blank,,blank,,blank,,blank,,blank,,blank,,blank,,blank,,blank,,blank,,blank
104,,      Social work activities,853,,,blank,,blank,,blank,,blank,,blank,,blank,,blank,,blank,,blank,,blank,,blank,,blank,,blank,,blank,,blank,,blank,,blank,,blank,,blank,,blank,,blank,,blank,,blank,,blank,,blank,,blank,,blank,,blank,,blank,,blank,,blank,,blank,,blank,,blank,,blank,,blank,,blank,,blank,,blank,,blank,,blank,,blank,,blank,,blank,,blank,,blank,,blank,,blank,,blank,,blank,,blank,,blank,,blank,,blank,,blank,,blank,,blank,,blank,,blank,,blank,,blank,,blank,,blank,,blank,,blank,,blank,,blank,,blank,,blank,,blank,,blank,,blank,,blank,,blank,,blank,,blank,,blank,,blank,,blank,,blank,,blank,,blank,,blank,,blank,,blank,,blank,,blank,,blank,,blank,,blank,,blank,,blank,,blank,,blank,,blank,,blank,,blank,,blank,,blank,,blank,,blank,,blank,,blank,,blank,,blank,,blank,,blank,,blank,,blank,,blank,,blank,,blank,,blank,,blank,,blank,,blank,,blank,,blank,,blank,,blank,,blank,,blank,,blank,,blank,,blank,,blank,,blank,,blank,,blank,,blank,,blank,,blank,,blank,,blank,,blank,,blank,,blank,,blank,,blank,,blank,,blank,,blank,,blank,,blank,,blank,,blank,,blank,,blank,,blank,,blank,,blank,,blank,,blank,,blank,,blank,,blank,,blank
105,,"OTHER COMMUNITY, SOCIAL AND PERSONAL SERVICE ACTIVITIES",,O,,blank,70.31759374592357,,79.92936172005581,,89.21042453912182,,94.14263295330528,,90.36208197551846,,80.27395297532996,,82.70882134496345,,78.91172686807218,,80.18147361478363,,79.37221674415713,,86.46976968734828,,84.87419933506631,,84.0271774044881,,81.29324530753462,,82.09259824388448,,80.54378642535161,,86.85953763357014,,91.92886976316906,,94.1672952383591,,93.39709666070644,,97.79262737065305,,95.70482234721354,,98.27631218294863,,98.82570484170623,,104.05419145129737,,107.9690962995434,,109.85685517639803,,100.30388594896415,,104.09803838208148,,118.25360814668136,,122.31969874267176,,129.29478465132723,,132.2965606198961,,135.45029413646014,,135.6986970782733,,138.31373810199563,,142.5885924924968,,156.66792621582817,,179.5215113269416,,177.16784140001437,,177.04473186129582,,180.4961092759554,,182.3038867645165,,180.74133179487478,,182.72332625972203,,192.2670610583405,,199.42789036780363,,202.2455417219266,,219.76624292747724,,219.2585854037005,,232.82240131955766,,243.07491791362304,,251.0359801460782,,257.2884579137817,,272.67011035969597,,283.48245207415005,,287.32779605768206,,292.01312351147936,,284.1965528181229,,291.4342700389665,,302.55665419752813,,300.87621525480284,,317.6628432164623,,316.15668018616987,,322.4624947046656,,335.9783164471295,,338.0339938789499,,346.38371663244595,,348.1815921134369,,345.68728921207514,,345.06834145158007,,366.9919785773396,,370.078525080736,,361.71260776905535,,381.7334061441427,,386.0900567462369,,390.26223801709006,,400.7585884712851,,405.8020168143592,,,blank,,blank,,blank,,blank,,blank,,blank,3956.722225417653,,3920.77087623645,,3877.4552347370195,,3831.0287736637792,,3903.598288857424,,3977.400548441252,,4012.818947089542,,4017.6681522171066,,3892.6624722780616,,3847.033222417545,,3895.2587674101023,,4191.4070898102655,,4459.458700172059,,4777.898184079731,,5125.2236609563515,,5516.775456594422,,5854.93020487768,,6202.289853657741,,6510.7122619639085,,6915.824931490105,,7337.680368270569,,7421.614409147399,,7182.418884484361,,6988.36171054865,,6623.989715402637,,9941.792401089948,,11206.218563637538,,12095.58221115508,,12865.721959478049,,13470.82386266532,,13940.757009869572,,14504.974186958758,,15745.561561950639,,12338.735270000001,,,blank,,blank,,blank,,blank,,blank,,blank,,blank,,blank,,blank,,blank,,blank,,blank,,blank,,blank,,blank,,blank,,blank,,blank,,blank,,blank,,blank,,blank,,blank,,blank,,blank,,blank,,blank,,blank,,blank,,blank,,blank,,blank,,blank,,blank,,blank,,blank,,blank
106,,PRIVATE HOUSEHOLDS WITH EMPLOYED PERSONS,,P,,blank,59.35702910086456,,68.0767248950526,,76.65816736943053,,81.62625579051179,,79.04802011176675,,70.8464141686528,,73.64978419275342,,70.8914228453657,,72.67397066708891,,72.58251920810814,,79.78036306306342,,78.99979211676524,,78.90258154402107,,77.01543364838327,,78.45947242654633,,77.65982923785984,,84.48902060274855,,90.20629229435913,,93.219039460329,,93.26702413298386,,98.51281320101339,,97.25611467216109,,100.17258502240554,,101.03262288893684,,106.69023964702367,,111.03626703231136,,113.29281396979984,,103.73268058422168,,107.96483953461497,,122.98408859325396,,127.55827718019555,,135.18441597839208,,138.20427580870063,,141.3866468013225,,141.51718217498453,,144.11116144228978,,148.41413162361337,,162.89877926101835,,186.46818492611746,,183.80928061428943,,183.48382147744852,,186.82240786361444,,188.46317892098062,,186.60582956038658,,188.38751964176203,,197.95204043729353,,201.25826187483554,,200.06937135111923,,213.09668523497115,,208.38748650197138,,216.90016915876794,,221.96412408053908,,224.68242464229394,,225.71837529678362,,234.47272743113388,,238.9350920912587,,238.2519858629929,,238.2119114624339,,228.0641215575514,,230.06279838993936,,234.9330072396441,,229.80484432612758,,238.65278659744212,,233.61426322315066,,234.33972321752913,,240.13076398277713,,241.9284924471629,,248.2431326387346,,249.8645330599142,,248.39064469073435,,248.26016264219967,,264.3565055275905,,266.90562361321616,,261.16902893766064,,275.9450450713925,,279.4063405178358,,271.7820340617843,,268.54302724551343,,261.62976484619685,,,blank,,blank,,blank,,blank,,blank,436.96978290799643,,815.2725628635941,,885.4604616297709,,867.1660550625621,,1000.1384546693549,,1196.4590375664338,,1192.8013396623735,,1378.6839587545555,,1724.5503803149102,,1964.1737127096299,,2469.0055766817177,,2724.839287066111,,2411.1615588129002,,2102.3636079794956,,1787.113005851821,,1627.57658236888,,1545.3174055220377,,1627.1781446183227,,1826.2039762416562,,1768.8763881790485,,1614.2252684144403,,1561.7155330846992,,1582.072681653197,,1670.8839492564034,,1700.2296219590585,,1877.384190764487,,2472.076747311141,,3817.9145596289213,,4053.11099504716,,4378.487209981784,,4485.7354080889545,,4577.2544134856,,5027.183973884256,,5056.356065829313,,4956,,4996.07649042002,,5005.335851528869,,5343.157088307971,,5576.449396698156,,5457.040435648555,,5420.999384404911,,5438.997833751761,,8110,,9174,,9851,,11062,,12530,,13755,,14963,,16399,,17730,,16516,,17309,,18103,,21706,,25857,,25670,,27922,,31920,,35444,,38143,,40830,,42191,,43714,,45501,,47304,,49496,,50667,,50564,,50584,,50661,,51633,
107,,EXTRA-TERRITORIAL ORGANIZATION AND BODIES,,Q,,blank,,blank,,blank,,blank,,blank,,blank,,blank,,blank,,blank,,blank,,blank,,blank,,blank,,blank,,blank,,blank,,blank,,blank,,blank,,blank,,blank,,blank,,blank,,blank,,blank,,blank,,blank,,blank,,blank,,blank,,blank,,blank,,blank,,blank,,blank,,blank,,blank,,blank,,blank,,blank,,blank,,blank,,blank,,blank,,blank,,blank,,blank,,blank,,blank,,blank,,blank,,blank,,blank,,blank,,blank,,blank,,blank,,blank,,blank,,blank,,blank,,blank,,blank,,blank,,blank,,blank,,blank,,blank,,blank,,blank,,blank,,blank,,blank,,blank,,blank,,blank,,blank,,blank,,blank,,blank,,blank,,blank,,blank,,blank,,blank,,blank,,blank,,blank,,blank,,blank,,blank,,blank,,blank,,blank,,blank,,blank,,blank,,blank,,blank,,blank,,blank,,blank,,blank,,blank,,blank,,blank,,blank,,blank,,blank,,blank,,blank,,blank,,blank,,blank,,blank,,blank,,blank,,blank,,blank,,blank,,blank,,blank,,blank,,blank,,blank,,blank,,blank,,blank,,blank,,blank,,blank,,blank,,blank,,blank,,blank,,blank,,blank,,blank,,blank,,blank,,blank,,blank,,blank,,blank,,blank,,blank,,blank,,blank,,blank,,blank,,blank,,blank,,blank,,blank,,blank,,blank,,blank
108,,MISCELLANEOUS SERVICES,,MISCs,,blank,,blank,,blank,,blank,,blank,,blank,,blank,,blank,,blank,,blank,,blank,,blank,,blank,,blank,,blank,,blank,,blank,,blank,,blank,,blank,,blank,,blank,,blank,,blank,,blank,,blank,,blank,,blank,,blank,,blank,,blank,,blank,,blank,,blank,,blank,,blank,,blank,,blank,,blank,,blank,,blank,,blank,,blank,,blank,,blank,,blank,,blank,,blank,,blank,,blank,,blank,,blank,,blank,,blank,,blank,,blank,,blank,,blank,,blank,,blank,,blank,,blank,,blank,,blank,,blank,,blank,,blank,,blank,,blank,,blank,,blank,,blank,,blank,,blank,,blank,,blank,,blank,,blank,,blank,,blank,,blank,,blank,,blank,,blank,,blank,,blank,,blank,,blank,,blank,,blank,,blank,,blank,,blank,,blank,,blank,,blank,,blank,,blank,,blank,,blank,,blank,,blank,,blank,,blank,,blank,,blank,,blank,,blank,,blank,,blank,,blank,,blank,,blank,,blank,,blank,,blank,,blank,,blank,,blank,,blank,,blank,,blank,,blank,,blank,,blank,,blank,,blank,,blank,,blank,,blank,,blank,,blank,,blank,,blank,,blank,,blank,,blank,,blank,,blank,,blank,,blank,,blank,,blank,,blank,,blank,,blank,,blank,,blank,,blank,,blank,,blank,,blank,,blank,,blank,,blank,,blank,,blank
109,,blank,,blank,,blank,,blank,,blank,,blank,,blank,,blank,,blank,,blank,,blank,,blank,,blank,,blank,,blank,,blank,,blank,,blank,,blank,,blank,,blank,,blank,,blank,,blank,,blank,,blank,,blank,,blank,,blank,,blank,,blank,,blank,,blank,,blank,,blank,,blank,,blank,,blank,,blank,,blank,,blank,,blank,,blank,,blank,,blank,,blank,,blank,,blank,,blank,,blank,,blank,,blank,,blank,,blank,,blank,,blank,,blank,,blank,,blank,,blank,,blank,,blank,,blank,,blank,,blank,,blank,,blank,,blank,,blank,,blank,,blank,,blank,,blank,,blank,,blank,,blank,,blank,,blank,,blank,,blank,,blank,,blank,,blank,,blank,,blank,,blank,,blank,,blank,,blank,,blank,,blank,,blank,,blank,,blank,,blank,,blank,,blank,,blank,,blank,,blank,,blank,,blank,,blank,,blank,,blank,,blank,,blank,,blank,,blank,,blank,,blank,,blank,,blank,,blank,,blank,,blank,,blank,,blank,,blank,,blank,,blank,,blank,,blank,,blank,,blank,,blank,,blank,,blank,,blank,,blank,,blank,,blank,,blank,,blank,,blank,,blank,,blank,,blank,,blank,,blank,,blank,,blank,,blank,,blank,,blank,,blank,,blank,,blank,,blank,,blank,,blank,,blank,,blank,,blank,,blank,,blank,,blank,,blank,,blank
110,,TOTAL VALUE ADDED,,tVA,,blank,,blank,,blank,,blank,,blank,,blank,,blank,,blank,,blank,,blank,,blank,,blank,,blank,,blank,,blank,,blank,,blank,,blank,,blank,,blank,,blank,,blank,,blank,,blank,,blank,,blank,,blank,,blank,,blank,,blank,,blank,,blank,,blank,,blank,,blank,,blank,,blank,,blank,,blank,,blank,,blank,,blank,,blank,,blank,,blank,,blank,,blank,,blank,,blank,,blank,,blank,,blank,,blank,,blank,,blank,,blank,,blank,,blank,,blank,,blank,,blank,,blank,,blank,,blank,,blank,,blank,,blank,,blank,,blank,,blank,,blank,,blank,,blank,,blank,,blank,,blank,,blank,,blank,,blank,,blank,,blank,,blank,,blank,,blank,,blank,,blank,,blank,,blank,,blank,,blank,,blank,,blank,,blank,,blank,,blank,,blank,,blank,,blank,,blank,,blank,,blank,,blank,,blank,,blank,,blank,,blank,,blank,,blank,,blank,,blank,,blank,,blank,,blank,,blank,,blank,,blank,,blank,,blank,,blank,,blank,,blank,,blank,,blank,,blank,,blank,,blank,,blank,,blank,,blank,,blank,,blank,,blank,,blank,,blank,,blank,,blank,,blank,,blank,,blank,,blank,,blank,,blank,,blank,,blank,,blank,,blank,,blank,,blank,,blank,,blank,,blank,,blank,,blank,,blank,,blank,,blank,,blank
111,,NET INDIRECT TAXES,,iTAX,,blank,,blank,,blank,,blank,,blank,,blank,,blank,,blank,,blank,,blank,,blank,,blank,,blank,,blank,,blank,,blank,,blank,,blank,,blank,,blank,,blank,,blank,,blank,,blank,,blank,,blank,,blank,,blank,,blank,,blank,,blank,,blank,,blank,,blank,,blank,,blank,,blank,,blank,,blank,,blank,,blank,,blank,,blank,,blank,,blank,,blank,,blank,,blank,,blank,,blank,,blank,,blank,,blank,,blank,,blank,,blank,,blank,,blank,,blank,,blank,,blank,,blank,,blank,,blank,,blank,,blank,,blank,,blank,,blank,,blank,,blank,,blank,,blank,,blank,,blank,,blank,,blank,,blank,,blank,,blank,,blank,,blank,,blank,,blank,,blank,,blank,,blank,,blank,,blank,,blank,,blank,,blank,,blank,,blank,,blank,,blank,,blank,,blank,,blank,,blank,,blank,,blank,,blank,,blank,,blank,,blank,,blank,,blank,,blank,,blank,,blank,,blank,,blank,,blank,,blank,,blank,,blank,,blank,,blank,,blank,,blank,,blank,,blank,,blank,,blank,,blank,,blank,,blank,,blank,,blank,,blank,,blank,,blank,,blank,,blank,,blank,,blank,,blank,,blank,,blank,,blank,,blank,,blank,,blank,,blank,,blank,,blank,,blank,,blank,,blank,,blank,,blank,,blank,,blank,,blank,,blank,,blank
112,,TOTAL GDP,,GDP,,blank,1496.530774414731,,1665.1526306980895,,1744.6888211232117,,1770.3928319191027,,1851.9935228266736,,1842.9733577905083,,1863.184138118105,,1791.1088621164688,,1744.2839119552698,,1726.6124510668103,,1795.6730612309348,,1922.2907346814343,,2182.1841934664594,,1842.7549873810167,,1854.8824294616643,,1877.3081368190979,,1925.0351928432087,,2058.3526085005205,,2338.6298198724103,,2758.422230043292,,2851.3411744163795,,3057.7865261038082,,2986.428229953819,,2863.1924916147227,,2873.2160092970084,,3154.5456402759182,,3212.253154860892,,3274.955416490291,,3326.982498339906,,3553.275964363671,,3611.4155250157996,,3896.738820924868,,3894.840106506741,,4052.479083643391,,4255.077816111629,,4518.980512773583,,4664.125886404035,,5585.691244261518,,5974.788186613347,,5791.151247675389,,5204.981034794232,,5073.817241522671,,5083.4169514644545,,4998.7009315382265,,4896.124726113331,,5451.670608552963,,5512.748749271571,,5568.027122964976,,5500.074884497839,,5049.432309461782,,4925.756207693246,,4766.180595951705,,5041.73848839769,,5146.136798062948,,5388.417748637416,,5587.050666545611,,5540.403322062591,,5366.1190385106165,,5349.661528820263,,5210.059716521282,,5334.312164771869,,5435.035072809547,,5730.720809420356,,5778.265772341035,,6091.436613513599,,6328.970307159834,,6127.252098358124,,6258.8082738493795,,6442.475869420605,,6656.8328035417935,,6883.68362151347,,7329.4234781316545,,7655.000568576767,,7290.1777415860215,,7312.521685749077,,7735.108175538628,,7984.995226999849,,8402.65480165666,,8647.446067183248,,,blank,,blank,,blank,,blank,,blank,,blank,28518.85921277743,,28480.632420517533,,29126.700612238696,,35221.87216042219,,42557.84427444949,,44716.55620676836,,55235.21490189992,,70110.25267036581,,79721.4567860227,,89484.65352126441,,90645.23740693557,,82336.78322807243,,70724.01182110178,,68935.51359804395,,66675.46759877128,,65362.04866312105,,71496.47262924876,,85638.00281326784,,83018.09465186713,,81957.5457407248,,,blank,,blank,,blank,,blank,,blank,,blank,215198.7007465352,,261754.46488131993,,331220.79733129265,,322539.18062999286,,337527.54604202945,,394747.03451742174,,402089.7462108158,,412357,,426845.07649042003,,454066.33585152886,,482319.15708830795,,514972.44939669815,,514675.0404356485,,531443.9993844049,,568543.9978337518,,604632,,644517,,698511,,778356,,847506,,917000,,978054,,1040807,,1145968,,1286626,,1417448,,1588045,,1813335,,2123424,,2343449,,2688133,,2910990,,3133679,,3328919,,3613097,,3744989,,4098377,,4345857,,4652462,,5009229,,5303832,,5523472,,5860411,,6347934,,6760830,
