sheet,sourceRow,A,A_state,B,B_state,C,C_state,D,D_state,E,E_state,F,F_state,G,G_state,H,H_state,I,I_state,J,J_state,K,K_state,L,L_state,M,M_state,N,N_state,O,O_state,P,P_state,Q,Q_state,R,R_state,S,S_state,T,T_state,U,U_state,V,V_state,W,W_state,X,X_state,Y,Y_state,Z,Z_state,AA,AA_state,AB,AB_state,AC,AC_state,AD,AD_state,AE,AE_state,AF,AF_state,AG,AG_state,AH,AH_state,AI,AI_state,AJ,AJ_state,AK,AK_state,AL,AL_state,AM,AM_state,AN,AN_state,AO,AO_state,AP,AP_state,AQ,AQ_state,AR,AR_state,AS,AS_state,AT,AT_state,AU,AU_state,AV,AV_state,AW,AW_state,AX,AX_state,AY,AY_state,AZ,AZ_state,BA,BA_state,BB,BB_state,BC,BC_state,BD,BD_state,BE,BE_state,BF,BF_state,BG,BG_state,BH,BH_state,BI,BI_state,BJ,BJ_state,BK,BK_state,BL,BL_state,BM,BM_state,BN,BN_state,BO,BO_state,BP,BP_state,BQ,BQ_state,BR,BR_state,BS,BS_state,BT,BT_state,BU,BU_state,BV,BV_state,BW,BW_state,BX,BX_state,BY,BY_state,BZ,BZ_state,CA,CA_state,CB,CB_state,CC,CC_state,CD,CD_state,CE,CE_state,CF,CF_state,CG,CG_state,CH,CH_state,CI,CI_state,CJ,CJ_state,CK,CK_state,CL,CL_state,CM,CM_state,CN,CN_state,CO,CO_state,CP,CP_state,CQ,CQ_state,CR,CR_state,CS,CS_state,CT,CT_state,CU,CU_state,CV,CV_state,CW,CW_state,CX,CX_state,CY,CY_state,CZ,CZ_state,DA,DA_state,DB,DB_state,DC,DC_state,DD,DD_state,DE,DE_state,DF,DF_state,DG,DG_state,DH,DH_state,DI,DI_state,DJ,DJ_state,DK,DK_state,DL,DL_state,DM,DM_state,DN,DN_state,DO,DO_state,DP,DP_state,DQ,DQ_state,DR,DR_state,DS,DS_state,DT,DT_state,DU,DU_state,DV,DV_state,DW,DW_state,DX,DX_state,DY,DY_state,DZ,DZ_state,EA,EA_state,EB,EB_state,EC,EC_state,ED,ED_state,EE,EE_state,EF,EF_state,EG,EG_state,EH,EH_state,EI,EI_state,EJ,EJ_state,EK,EK_state,EL,EL_state,EM,EM_state,EN,EN_state,EO,EO_state,EP,EP_state,EQ,EQ_state,ER,ER_state,ES,ES_state,ET,ET_state,EU,EU_state,EV,EV_state,EW,EW_state,EX,EX_state,EY,EY_state,EZ,EZ_state,FA,FA_state,FB,FB_state,FC,FC_state
VA-K,1,,"BELGIUM, Value Added at Market Prices in Constant Prices",,blank,,blank,,blank,,blank,,blank,,blank,,blank,,blank,,blank,,blank,,blank,,blank,,blank,,blank,,blank,,blank,,blank,,blank,,blank,,blank,,blank,,blank,,blank,,blank,,blank,,blank,,blank,,blank,,blank,,blank,,blank,,blank,,blank,,blank,,blank,,blank,,blank,,blank,,blank,,blank,,blank,,blank,,blank,,blank,,blank,,blank,,blank,,blank,,blank,,blank,,blank,,blank,,blank,,blank,,blank,,blank,,blank,,blank,,blank,,blank,,blank,,blank,,blank,,blank,,blank,,blank,,blank,,blank,,blank,,blank,,blank,,blank,,blank,,blank,,blank,,blank,,blank,,blank,,blank,,blank,,blank,,blank,,blank,,blank,,blank,,blank,,blank,,blank,,blank,,blank,,blank,,blank,,blank,,blank,,blank,,blank,,blank,,blank,,blank,,blank,,blank,,blank,,blank,,blank,,blank,,blank,,blank,,blank,,blank,,blank,,blank,,blank,,blank,,blank,,blank,,blank,,blank,,blank,,blank,,blank,,blank,,blank,,blank,,blank,,blank,,blank,,blank,,blank,,blank,,blank,,blank,,blank,,blank,,blank,,blank,,blank,,blank,,blank,,blank,,blank,,blank,,blank,,blank,,blank,,blank,,blank,,blank,,blank,,blank,,blank,,blank,,blank,,blank,,blank,,blank,,blank,,blank,,blank
VA-K,2,,Millions BF (1910 prices),,blank,,blank,,blank,,blank,,blank,,blank,,blank,,blank,,blank,,blank,,blank,,blank,,blank,,blank,,blank,,blank,,blank,,blank,,blank,,blank,,blank,,blank,,blank,,blank,,blank,,blank,,blank,,blank,,blank,,blank,,blank,,blank,,blank,,blank,,blank,,blank,,blank,,blank,,blank,,blank,,blank,,blank,,blank,,blank,,blank,,blank,,blank,,blank,,blank,,blank,,blank,,blank,,blank,,blank,,blank,,blank,,blank,,blank,,blank,,blank,,blank,,blank,,blank,,blank,,blank,,blank,,blank,,blank,,blank,,blank,,blank,,blank,,blank,,blank,,blank,,blank,,blank,,blank,,blank,,blank,,blank,,blank,,blank,,blank,,blank,,blank,,blank,,blank,,blank,,blank,,blank,,blank,,blank,,blank,,blank,,blank,,blank,,blank,,blank,,blank,,blank,,blank,,blank,,blank,,blank,,blank,,blank,,blank,,blank,,blank,,blank,,blank,,blank,,blank,,blank,,blank,,blank,,blank,,blank,,blank,,blank,,blank,,blank,,blank,,blank,,blank,,blank,,blank,,blank,,blank,,blank,,blank,,blank,,blank,,blank,,blank,,blank,,blank,,blank,,blank,,blank,,blank,,blank,,blank,,blank,,blank,,blank,,blank,,blank,,blank,,blank,,blank,,blank,,blank,,blank,,blank,,blank,,blank
VA-K,3,,blank,,blank,,blank,,blank,,blank,,blank,,blank,,blank,,blank,,blank,,blank,,blank,,blank,,blank,,blank,,blank,,blank,,blank,,blank,,blank,,blank,,blank,,blank,,blank,,blank,,blank,,blank,,blank,,blank,,blank,,blank,,blank,,blank,,blank,,blank,,blank,,blank,,blank,,blank,,blank,,blank,,blank,,blank,,blank,,blank,,blank,,blank,,blank,,blank,,blank,,blank,,blank,,blank,,blank,,blank,,blank,,blank,,blank,,blank,,blank,,blank,,blank,,blank,,blank,,blank,,blank,,blank,,blank,,blank,,blank,,blank,,blank,,blank,,blank,,blank,,blank,,blank,,blank,,blank,,blank,,blank,,blank,,blank,,blank,,blank,,blank,,blank,,blank,,blank,,blank,,blank,,blank,,blank,,blank,,blank,,blank,,blank,,blank,,blank,,blank,,blank,,blank,,blank,,blank,,blank,,blank,,blank,,blank,,blank,,blank,,blank,,blank,,blank,,blank,,blank,,blank,,blank,,blank,,blank,,blank,,blank,,blank,,blank,,blank,,blank,,blank,,blank,,blank,,blank,,blank,,blank,,blank,,blank,,blank,,blank,,blank,,blank,,blank,,blank,,blank,,blank,,blank,,blank,,blank,,blank,,blank,,blank,,blank,,blank,,blank,,blank,,blank,,blank,,blank,,blank,,blank,,blank,,blank,,blank
VA-K,4,,blank,,ID,,blank,1835,,1836,,1837,,1838,,1839,,1840,,1841,,1842,,1843,,1844,,1845,,1846,,1847,,1848,,1849,,1850,,1851,,1852,,1853,,1854,,1855,,1856,,1857,,1858,,1859,,1860,,1861,,1862,,1863,,1864,,1865,,1866,,1867,,1868,,1869,,1870,,1871,,1872,,1873,,1874,,1875,,1876,,1877,,1878,,1879,,1880,,1881,,1882,,1883,,1884,,1885,,1886,,1887,,1888,,1889,,1890,,1891,,1892,,1893,,1894,,1895,,1896,,1897,,1898,,1899,,1900,,1901,,1902,,1903,,1904,,1905,,1906,,1907,,1908,,1909,,1910,,1911,,1912,,1913,,1914,,1915,,1916,,1917,,1918,,1919,,1920,,1921,,1922,,1923,,1924,,1925,,1926,,1927,,1928,,1929,,1930,,1931,,1932,,1933,,1934,,1935,,1936,,1937,,1938,,1939,,1940,,1941,,1942,,1943,,1944,,1945,,1946,,1947,,1948,,1949,,1950,,1951,,1952,,1953,,1954,,1955,,1956,,1957,,1958,,1959,,1960,,1961,,1962,,1963,,1964,,1965,,1966,,1967,,1968,,1969,,1970,,1971,,1972,,1973,,1974,,1975,,1976,,1977,,1978,,1979,,1980,,1981,,1982,,1983,,1984,,1985,,1986,,1987,,1988,,1989,,1990,
VA-K,5,,"AGRICULTURE, HUNTING, FORESTRY AND FISHING",,A; B,,blank,,blank,,blank,,blank,,blank,,blank,,blank,,blank,,blank,,blank,,blank,,blank,,blank,,blank,,blank,,blank,,blank,,blank,,blank,,blank,,blank,,blank,,blank,,blank,,blank,,blank,,blank,,blank,,blank,,blank,,blank,,blank,,blank,,blank,,blank,,blank,,blank,,blank,,blank,,blank,,blank,,blank,,blank,,blank,,blank,,blank,,blank,,blank,,blank,,blank,,blank,,blank,,blank,,blank,,blank,,blank,,blank,,blank,,blank,,blank,,blank,,blank,,blank,,blank,,blank,,blank,,blank,,blank,,blank,,blank,,blank,,blank,,blank,,blank,,blank,,blank,,blank,,blank,,blank,,blank,,blank,,blank,,blank,,blank,,blank,,blank,,blank,,blank,,blank,,blank,,blank,,blank,,blank,,blank,,blank,,blank,,blank,,blank,,blank,,blank,,blank,,blank,,blank,,blank,,blank,,blank,,blank,,blank,,blank,,blank,,blank,,blank,,blank,,blank,,blank,,blank,,blank,,blank,,blank,,blank,,blank,,blank,,blank,,blank,,blank,,blank,,blank,,blank,,blank,,blank,,blank,,blank,,blank,,blank,,blank,,blank,,blank,,blank,,blank,,blank,,blank,,blank,,blank,,blank,,blank,,blank,,blank,,blank,,blank,,blank,,blank,,blank,,blank,,blank,,blank,,blank,,blank
VA-K,6,,"   AGRICULTURE, HUNTING AND FORESTRY",,A,,blank,401.52155643438067,,401.57529163487624,,412.4429418540574,,423.82803539486235,,432.89704090363665,,444.54895696206444,,458.23690641365783,,470.5471442487582,,483.4465547819557,,494.4639507410598,,511.64712451592874,,493.5431991039501,,653.8566751522136,,572.334414180631,,624.0592541200554,,573.1544934849469,,577.1894047485902,,566.316991303156,,580.6933548411471,,645.6289245241617,,600.8600182199052,,692.476115636592,,722.2280735595486,,673.4709991225427,,588.7379292383589,,641.934420078183,,614.0684061590063,,677.413822200478,,759.6343706824597,,742.8456718099542,,680.6101217597328,,654.106544004453,,636.4008581791132,,772.4805005096241,,687.0223697144891,,693.2656100411828,,608.5998295779516,,740.4114732263861,,651.2825385017375,,797.3936377700243,,655.2540440517878,,706.9732190889971,,692.9713931937481,,653.3129192452403,,621.0390350353701,,676.4193404046148,,696.3046695602496,,696.2846044242027,,689.8269225288166,,668.0299257554593,,676.7847814740308,,689.3973407334929,,693.2511902407696,,670.2509233294777,,716.2803682624402,,716.1113902497469,,705.8956422111248,,732.2138656981732,,741.2065350215122,,725.1042348965793,,747.148674042394,,722.5477097191197,,801.5174664582286,,781.7157146868532,,733.8218764275421,,786.7441495404569,,767.2781457615501,,787.5731065902648,,762.9704178368299,,809.8759138571609,,800.7055855240844,,797.7835054826384,,824.1210501516147,,845.9978751200067,,811.3154571658148,,824.9950610812621,,791.0260320953525,,762.8389620629441,,790.5516311061908,,,blank,,blank,,blank,,blank,,blank,,blank,833.1587013300851,,792.707064313765,,724.1699713606793,,827.287981941922,,824.3607876867136,,797.7411232311011,,802.1154477439709,,728.3129370600883,,781.2721955020289,,784.4163855078702,,770.4039577604248,,747.2716750843513,,824.1355020669655,,869.5299752939055,,755.6040141008194,,354.6309415287384,,296.9068324904335,,780.421229998303,,798.7754809015446,,776.8622963391228,,,blank,,blank,,blank,,blank,,blank,,blank,809.4159425791285,,724.5021102225655,,679.4307731480695,,851.462432946314,,848.127940065301,,852.2060585236334,,824.1593914658611,,998.9242468800941,,,blank,,blank,,blank,,blank,,blank,,blank,,blank,,blank,,blank,,blank,,blank,,blank,,blank,,blank,,blank,,blank,,blank,,blank,,blank,,blank,,blank,,blank,,blank,,blank,,blank,,blank,,blank,,blank,,blank,,blank,,blank,,blank,,blank,,blank,,blank,,blank,,blank
VA-K,7,,   FISHING,,B,,blank,,blank,,blank,,blank,,blank,,blank,,blank,,blank,,blank,,blank,,blank,,blank,,blank,,blank,,blank,,blank,,blank,,blank,,blank,,blank,,blank,,blank,,blank,,blank,,blank,,blank,,blank,,blank,,blank,,blank,,blank,,blank,,blank,,blank,,blank,,blank,,blank,,blank,,blank,,blank,,blank,,blank,,blank,,blank,,blank,,blank,,blank,,blank,,blank,,blank,,blank,,blank,,blank,,blank,,blank,,blank,,blank,,blank,,blank,,blank,,blank,,blank,,blank,,blank,,blank,,blank,,blank,,blank,,blank,,blank,,blank,,blank,,blank,,blank,,blank,,blank,,blank,,blank,,blank,,blank,,blank,,blank,,blank,,blank,,blank,,blank,,blank,,blank,,blank,,blank,,blank,,blank,,blank,,blank,,blank,,blank,,blank,,blank,,blank,,blank,,blank,,blank,,blank,,blank,,blank,,blank,,blank,,blank,,blank,,blank,,blank,,blank,,blank,,blank,,blank,,blank,,blank,,blank,,blank,,blank,,blank,,blank,,blank,,blank,,blank,,blank,,blank,,blank,,blank,,blank,,blank,,blank,,blank,,blank,,blank,,blank,,blank,,blank,,blank,,blank,,blank,,blank,,blank,,blank,,blank,,blank,,blank,,blank,,blank,,blank,,blank,,blank,,blank,,blank,,blank,,blank,,blank
VA-K,8,,TOTAL INDUSTRY,,C; D; E; F,,blank,359.075125561721,,378.05022512848296,,395.18454326108304,,387.2343218413173,,397.49469327942774,,404.1578100251747,,423.78928164018765,,427.80392090875364,,422.0454012815935,,435.2352937788513,,455.1709160543056,,466.8097551159657,,478.3497819434743,,470.40700914135226,,476.1363672647532,,500.9171651509825,,534.7704001077379,,559.5192076332712,,608.6683099011193,,640.4000675146417,,670.1549555070313,,720.3844468800307,,727.6758375154272,,723.0167347514363,,765.3405469162774,,847.7010004258663,,869.0044789582818,,913.2732869332228,,929.9030686399981,,1018.3629589671441,,1057.5159799081805,,1164.4156054558584,,1179.8335214044207,,1219.748693906238,,1441.4089404307208,,1492.6263145767796,,1484.6984030416804,,1599.891401489392,,1582.8110128549922,,1673.8772340173036,,1586.0797624741172,,1569.0171569807328,,1604.6781585118486,,1675.9749152197166,,1671.3870600965788,,1758.9029785308571,,1795.987256283945,,1900.3213731137582,,1930.1377827396689,,1852.6222636126408,,1874.0156353398907,,1828.472695515156,,1979.6522606466833,,1948.0285768463395,,2135.289913985854,,2074.0388409263737,,2057.401500479125,,2074.21146052192,,2149.0317567475995,,2185.858417148356,,2194.7629920097215,,2320.528468990558,,2365.1973478496498,,2368.3279263370027,,2409.0566640293923,,2332.0654550469644,,2314.1233891538527,,2471.7757858805116,,2564.885548800589,,2678.721688059537,,2744.733365897694,,2795.3242641585452,,2813.5907618396477,,2843.2198126570847,,2876.289896174992,,3048.7774873144494,,3141.98468630476,,3263.399655485101,,3275.308298764012,,,blank,,blank,,blank,,blank,,blank,,blank,1867.377678706275,,2175.9009473620954,,2575.0867554913343,,2706.3444618931526,,2995.92331931572,,3082.526342096301,,3354.5139605165623,,3588.6127564703193,,3802.413968959879,,3893.076508433299,,3734.7553574125513,,3457.3550500685024,,2972.9193913896283,,2898.494918687565,,2918.7925021517644,,3102.8239255605,,3454.648705606609,,3818.652035731239,,3420.819399832945,,3228.668943038531,,,blank,,blank,,blank,,blank,,blank,,blank,2690.1063951217934,,3423.525744294838,,3788.882246650414,,3878.191613892889,,4124.468959925164,,4450.583467583289,,4353.155066955136,,4465.7010510336495,,,blank,,blank,,blank,,blank,,blank,,blank,,blank,,blank,,blank,,blank,,blank,,blank,,blank,,blank,,blank,,blank,,blank,,blank,,blank,,blank,,blank,,blank,,blank,,blank,,blank,,blank,,blank,,blank,,blank,,blank,,blank,,blank,,blank,,blank,,blank,,blank,,blank
VA-K,9,,   MINING AND QUARRYING,,C,,blank,,blank,,blank,,blank,,blank,,blank,,blank,,blank,,blank,,blank,,blank,,blank,,blank,,blank,,blank,,blank,,blank,,blank,,blank,,blank,,blank,,blank,,blank,,blank,,blank,,blank,,blank,,blank,,blank,,blank,,blank,,blank,,blank,,blank,,blank,,blank,,blank,,blank,,blank,,blank,,blank,,blank,,blank,,blank,,blank,,blank,,blank,,blank,,blank,,blank,,blank,,blank,,blank,,blank,,blank,,blank,,blank,,blank,,blank,,blank,,blank,,blank,,blank,,blank,,blank,,blank,,blank,,blank,,blank,,blank,,blank,,blank,,blank,,blank,,blank,,blank,,blank,,blank,,blank,,blank,,blank,,blank,,blank,,blank,,blank,,blank,,blank,,blank,,blank,,blank,,blank,,blank,,blank,,blank,,blank,,blank,,blank,,blank,,blank,,blank,,blank,,blank,,blank,,blank,,blank,,blank,,blank,,blank,,blank,,blank,,blank,,blank,,blank,,blank,,blank,,blank,,blank,,blank,,blank,,blank,,blank,,blank,,blank,,blank,,blank,,blank,,blank,,blank,,blank,,blank,,blank,,blank,,blank,,blank,,blank,,blank,,blank,,blank,,blank,,blank,,blank,,blank,,blank,,blank,,blank,,blank,,blank,,blank,,blank,,blank,,blank,,blank,,blank,,blank,,blank,,blank,,blank
VA-K,10,,   MANUFACTURING,,D,,blank,,blank,,blank,,blank,,blank,,blank,,blank,,blank,,blank,,blank,,blank,,blank,,blank,,blank,,blank,,blank,,blank,,blank,,blank,,blank,,blank,,blank,,blank,,blank,,blank,,blank,,blank,,blank,,blank,,blank,,blank,,blank,,blank,,blank,,blank,,blank,,blank,,blank,,blank,,blank,,blank,,blank,,blank,,blank,,blank,,blank,,blank,,blank,,blank,,blank,,blank,,blank,,blank,,blank,,blank,,blank,,blank,,blank,,blank,,blank,,blank,,blank,,blank,,blank,,blank,,blank,,blank,,blank,,blank,,blank,,blank,,blank,,blank,,blank,,blank,,blank,,blank,,blank,,blank,,blank,,blank,,blank,,blank,,blank,,blank,,blank,,blank,,blank,,blank,,blank,,blank,,blank,,blank,,blank,,blank,,blank,,blank,,blank,,blank,,blank,,blank,,blank,,blank,,blank,,blank,,blank,,blank,,blank,,blank,,blank,,blank,,blank,,blank,,blank,,blank,,blank,,blank,,blank,,blank,,blank,,blank,,blank,,blank,,blank,,blank,,blank,,blank,,blank,,blank,,blank,,blank,,blank,,blank,,blank,,blank,,blank,,blank,,blank,,blank,,blank,,blank,,blank,,blank,,blank,,blank,,blank,,blank,,blank,,blank,,blank,,blank,,blank,,blank,,blank,,blank,,blank,,blank
VA-K,11,,"   ELECTRICITY, GAS AND WATER SUPPLY",,E,,blank,,blank,,blank,,blank,,blank,,blank,,blank,,blank,,blank,,blank,,blank,,blank,,blank,,blank,,blank,,blank,,blank,,blank,,blank,,blank,,blank,,blank,,blank,,blank,,blank,,blank,,blank,,blank,,blank,,blank,,blank,,blank,,blank,,blank,,blank,,blank,,blank,,blank,,blank,,blank,,blank,,blank,,blank,,blank,,blank,,blank,,blank,,blank,,blank,,blank,,blank,,blank,,blank,,blank,,blank,,blank,,blank,,blank,,blank,,blank,,blank,,blank,,blank,,blank,,blank,,blank,,blank,,blank,,blank,,blank,,blank,,blank,,blank,,blank,,blank,,blank,,blank,,blank,,blank,,blank,,blank,,blank,,blank,,blank,,blank,,blank,,blank,,blank,,blank,,blank,,blank,,blank,,blank,,blank,,blank,,blank,,blank,,blank,,blank,,blank,,blank,,blank,,blank,,blank,,blank,,blank,,blank,,blank,,blank,,blank,,blank,,blank,,blank,,blank,,blank,,blank,,blank,,blank,,blank,,blank,,blank,,blank,,blank,,blank,,blank,,blank,,blank,,blank,,blank,,blank,,blank,,blank,,blank,,blank,,blank,,blank,,blank,,blank,,blank,,blank,,blank,,blank,,blank,,blank,,blank,,blank,,blank,,blank,,blank,,blank,,blank,,blank,,blank,,blank,,blank,,blank,,blank
VA-K,12,,   CONSTRUCTION,,F,,blank,,blank,,blank,,blank,,blank,,blank,,blank,,blank,,blank,,blank,,blank,,blank,,blank,,blank,,blank,,blank,,blank,,blank,,blank,,blank,,blank,,blank,,blank,,blank,,blank,,blank,,blank,,blank,,blank,,blank,,blank,,blank,,blank,,blank,,blank,,blank,,blank,,blank,,blank,,blank,,blank,,blank,,blank,,blank,,blank,,blank,,blank,,blank,,blank,,blank,,blank,,blank,,blank,,blank,,blank,,blank,,blank,,blank,,blank,,blank,,blank,,blank,,blank,,blank,,blank,,blank,,blank,,blank,,blank,,blank,,blank,,blank,,blank,,blank,,blank,,blank,,blank,,blank,,blank,,blank,,blank,,blank,,blank,,blank,,blank,,blank,,blank,,blank,,blank,,blank,,blank,,blank,,blank,,blank,,blank,,blank,,blank,,blank,,blank,,blank,,blank,,blank,,blank,,blank,,blank,,blank,,blank,,blank,,blank,,blank,,blank,,blank,,blank,,blank,,blank,,blank,,blank,,blank,,blank,,blank,,blank,,blank,,blank,,blank,,blank,,blank,,blank,,blank,,blank,,blank,,blank,,blank,,blank,,blank,,blank,,blank,,blank,,blank,,blank,,blank,,blank,,blank,,blank,,blank,,blank,,blank,,blank,,blank,,blank,,blank,,blank,,blank,,blank,,blank,,blank,,blank,,blank
VA-K,13,,WHOLESALE AND RETAIL TRADE; HOTELS AND RESTAURANTS,,G; H,,blank,229.7766232603228,,234.91267759542563,,239.63308145600627,,246.07980929308866,,236.88536820918762,,242.5574648785651,,247.38406651284595,,247.93868357646988,,240.576170221793,,254.14086757480442,,264.95759798415753,,251.76584113811896,,258.6526314097099,,254.92662953333513,,272.57582632749694,,278.97277380028015,,288.3378276401861,,296.64373710334723,,299.25973385924345,,304.4540545206544,,310.0990930758535,,338.4622731475492,,363.9311584052985,,383.36041381658833,,390.83351462566327,,403.33087885805674,,399.2670962334762,,422.34270377495284,,449.19308841318946,,480.15352105022635,,496.83077254164675,,516.3178573072826,,505.628992849508,,539.3612628255909,,602.6454746017417,,623.1514750373825,,633.7135280177279,,687.1279366388219,,674.4723950537391,,705.9015486718733,,738.5552826348425,,719.2113731007533,,708.3519630462343,,728.4771275698088,,727.8246735481224,,771.8386842309485,,766.7182188292234,,791.3623935330047,,808.5534447762673,,785.6832016857899,,791.6890476908884,,787.899850925786,,840.6557914690597,,844.3961053344781,,890.6863935999971,,890.5946888357338,,910.097358356594,,895.9850291115612,,932.6273570913124,,957.0989324273685,,991.7757976622884,,1049.9778725376311,,1084.8481646506712,,1088.3461745988861,,1119.7515271554425,,1115.9399791515775,,1128.329431556047,,1182.1194746290707,,1228.5085580351783,,1275.3772568570444,,1353.7219038325798,,1383.819826140867,,1404.8761990001713,,1371.9854702296502,,1415.365637086361,,1493.7408067772897,,1548.0605689899344,,1607.603672557825,,1634.2744496581604,,,blank,,blank,,blank,,blank,,blank,,blank,1109.6606357626001,,1162.632474016592,,1455.4566859045135,,1536.6495054227328,,1690.9729588516425,,1697.4773158537557,,1809.7880835845947,,1863.7180076239729,,1960.4518632178833,,2022.8943755142236,,1964.260447042429,,1830.6758901094377,,1604.5604769231495,,1558.375661578801,,1539.4297400429227,,1660.9929636738148,,1804.6002722597455,,1963.4643401067888,,1775.051306581799,,1603.2918202605354,,,blank,,blank,,blank,,blank,,blank,,blank,1652.3957453174198,,2059.01149979595,,2058.0820440161615,,2090.701933951405,,2280.595672498921,,2483.3016597627575,,2516.0967455844266,,2669.61263198617,,,blank,,blank,,blank,,blank,,blank,,blank,,blank,,blank,,blank,,blank,,blank,,blank,,blank,,blank,,blank,,blank,,blank,,blank,,blank,,blank,,blank,,blank,,blank,,blank,,blank,,blank,,blank,,blank,,blank,,blank,,blank,,blank,,blank,,blank,,blank,,blank,,blank
VA-K,14,,   TRADE,,G,,blank,119.11566659818271,,124.37373163477787,,128.47590205952014,,128.04451063921624,,126.34760708501045,,133.0846408212501,,137.6217549449072,,140.55112474032262,,138.59800522690006,,138.78636094057276,,152.08182023800447,,149.02955483281903,,164.17975910912037,,151.8698889003974,,163.4007461891193,,164.65713359249895,,172.85599932208623,,184.7250475617547,,189.63805123679302,,203.08476290738548,,206.03925458663005,,229.38511995277273,,239.60982495529146,,237.15036030309415,,238.66746258841593,,259.2056696217039,,264.8139263480188,,279.4073817890322,,296.88238396781077,,319.9299670567397,,327.4724926459345,,343.1137180232575,,341.8451467509799,,372.50815747756604,,417.381725138889,,430.94880921662775,,459.0462554022331,,486.9176750692344,,457.24771979429397,,489.8461567188939,,498.32612810436734,,481.3882065792293,,486.0856107120425,,506.4424180116523,,505.92274456704286,,535.6995457330875,,534.5745151410999,,560.5568954931811,,574.838778875593,,543.8663929484245,,544.0132680619831,,543.1174203934893,,580.7931892759619,,586.2951461325777,,625.0642276681936,,619.5000398786328,,630.6630779792763,,616.2437412374868,,645.2484938991557,,660.8012966950796,,680.1608042755843,,722.1295151385864,,729.7315503889513,,741.992151464173,,758.317541795681,,740.2377615510298,,741.6094402199468,,803.5748713754663,,855.4269486649188,,891.0430625160243,,929.8126815330994,,954.9831733468895,,986.62110249133,,954.9190838497866,,999.1691635489017,,1064.8381354942971,,1103.7708949579016,,1157.6192289976575,,1165.9097453547774,,,blank,,blank,,blank,,blank,,blank,,blank,858.4863760322833,,862.3838071418062,,1065.557714942238,,1135.8013318742503,,1281.2782135977468,,1277.2661923157718,,1372.5496015094145,,1433.8382149679287,,1493.015480585752,,1535.5026752965382,,1428.4132208418919,,1259.2638269251624,,1075.8157877299557,,1046.6738089362555,,1015.9926523934633,,1138.6018775448067,,1282.7204191891788,,1445.4664107178553,,1257.3734698486635,,1126.9201067715137,,,blank,,blank,,blank,,blank,,blank,,blank,1027.8109375326,,1311.4707485705833,,1318.898479466416,,1338.8370939638814,,1496.1652957699123,,1666.811752212702,,1618.051486047148,,1705.1638145252177,,,blank,,blank,,blank,,blank,,blank,,blank,,blank,,blank,,blank,,blank,,blank,,blank,,blank,,blank,,blank,,blank,,blank,,blank,,blank,,blank,,blank,,blank,,blank,,blank,,blank,,blank,,blank,,blank,,blank,,blank,,blank,,blank,,blank,,blank,,blank,,blank,,blank
VA-K,15,,   HOTELS AND RESTAURANTS,,H,,blank,110.66095666214008,,110.53894596064775,,111.15717939648613,,118.03529865387243,,110.53776112417715,,109.47282405731498,,109.76231156793877,,107.38755883614726,,101.97816499489296,,115.35450663423164,,112.87577774615305,,102.73628630529994,,94.47287230058951,,103.05674063293775,,109.17508013837764,,114.31564020778117,,115.48182831809986,,111.91868954159254,,109.62168262245042,,101.36929161326891,,104.05983848922342,,109.07715319477644,,124.32133345000706,,146.21005351349416,,152.16605203724737,,144.1252092363528,,134.45316988545736,,142.93532198592067,,152.31070444537872,,160.22355399348663,,169.3582798957123,,173.20413928402502,,163.78384609852813,,166.85310534802485,,185.26374946285273,,192.2026658207548,,174.66727261549482,,200.2102615695875,,217.22467525944515,,216.0553919529795,,240.2291545304751,,237.82316652152403,,222.26635233419185,,222.03470955815652,,221.90192898107958,,236.139138497861,,232.14370368812348,,230.80549803982368,,233.7146659006743,,241.81680873736536,,247.67577962890533,,244.78243053229676,,259.86260219309776,,258.10095920190037,,265.6221659318036,,271.09464895710096,,279.43428037731763,,279.7412878740744,,287.3788631921567,,296.29763573228894,,311.61499338670416,,327.8483573990447,,355.1166142617198,,346.354023134713,,361.4339853597616,,375.70221760054767,,386.7199913361001,,378.54460325360446,,373.0816093702596,,384.3341943410202,,423.90922229948035,,428.8366527939775,,418.2550965088411,,417.06638637986373,,416.1964735374593,,428.90267128299246,,444.28967403203285,,449.98444356016745,,468.36470430338306,,,blank,,blank,,blank,,blank,,blank,,blank,251.17425973031678,,300.2486668747856,,389.8989709622757,,400.8481735484824,,409.69474525389575,,420.21112353798395,,437.2384820751802,,429.87979265604406,,467.4363826321314,,487.3917002176853,,535.8472262005371,,571.4120631842751,,528.7446891931938,,511.70185264254576,,523.4370876494594,,522.3910861290079,,521.8798530705666,,517.9979293889335,,517.6778367331355,,476.3717134890216,,,blank,,blank,,blank,,blank,,blank,,blank,624.5848077848196,,747.5407512253664,,739.1835645497454,,751.8648399875235,,784.4303767290085,,816.4899075500554,,898.0452595372785,,964.4488174609522,,,blank,,blank,,blank,,blank,,blank,,blank,,blank,,blank,,blank,,blank,,blank,,blank,,blank,,blank,,blank,,blank,,blank,,blank,,blank,,blank,,blank,,blank,,blank,,blank,,blank,,blank,,blank,,blank,,blank,,blank,,blank,,blank,,blank,,blank,,blank,,blank,,blank
VA-K,16,,"TRANSPORT, STORAGE AND COMMUNICATIONS",,I,,blank,364.9778689960606,,415.13670090244335,,466.97596105868087,,488.67880515070976,,515.734870848069,,496.5218092059646,,546.5992845863652,,587.2384022783991,,613.4374571120117,,616.6231436129648,,704.2577635016748,,728.2724724542796,,782.2993332700848,,671.9645698155375,,735.7363488957765,,780.9467343528993,,815.9600273695183,,858.5556468151246,,925.6912089849095,,1011.9686758354649,,1021.0202213236495,,1126.003773018365,,1166.5705035916642,,1250.2901639416007,,1370.9077044005762,,1484.637570226777,,1643.8441957702653,,1805.8461113954468,,1960.7749551193879,,2024.3726084352397,,2296.0510976136884,,2343.634392975099,,2415.1559354634755,,2628.3105998185993,,2905.578746798697,,3024.814749059896,,2970.1990195276667,,3231.135186178931,,2744.1526839523517,,3123.9335751611525,,3446.768180776569,,3799.402968719739,,4028.378992000808,,4152.022197673169,,4302.293269241021,,4428.312655559639,,4510.6879595123,,4629.682189289599,,4771.021074078832,,4825.238306195621,,4920.412728001117,,5158.942456014613,,5494.269166384467,,5774.234536839182,,5849.7276460907915,,5928.69270661335,,6202.614107393229,,6246.983587628211,,6630.096104057503,,6707.280899733872,,6852.336248428022,,7277.319275799829,,6985.280209676339,,7637.651153932243,,7989.66275256297,,7898.433964184867,,8130.10821461476,,8821.908955211336,,9452.178638323394,,9994.573850762139,,10216.866664017904,,10581.828484232043,,10503.393835195633,,10960.183947392621,,11424.05889563486,,12187.344371757194,,13408.479375124421,,13966.447860202752,,14523.17831941645,,,blank,,blank,,blank,,blank,,blank,,blank,12325.820497295808,,13612.147502012966,,16337.961655491772,,17197.628054784298,,18770.16794992917,,19948.728305106626,,21111.86475105189,,22546.142452311826,,24501.240940135256,,25845.736678828238,,24128.555937186225,,22395.431159352403,,19955.1039411889,,20592.364414483978,,20733.432366702335,,19963.61508091446,,21172.58957705871,,23465.447261905658,,21195.101270880645,,21076.94096619238,,,blank,,blank,,blank,,blank,,blank,,blank,17754.67170432556,,21631.24915486179,,25373.78437077677,,26852.821804279993,,26530.927834897368,,30446.33518238618,,28374.04980575257,,29924.697757518,,,blank,,blank,,blank,,blank,,blank,,blank,,blank,,blank,,blank,,blank,,blank,,blank,,blank,,blank,,blank,,blank,,blank,,blank,,blank,,blank,,blank,,blank,,blank,,blank,,blank,,blank,,blank,,blank,,blank,,blank,,blank,,blank,,blank,,blank,,blank,,blank,,blank
VA-K,17,,"FINANCIAL INTERMEDIATION; REAL ESTATE, RENTING AND BUSINESS ACTIVITIES",,J; K,,blank,6227.490057120133,,6245.3196821623615,,6136.5592315181675,,6212.093697216737,,6266.149581892814,,6242.045854240298,,6580.154373161769,,6610.1085219338775,,6802.267336720972,,6986.284446320862,,6930.75690114344,,7009.127278098954,,6929.098697717221,,7037.640114063618,,7002.103542063874,,6984.104495351784,,7115.781389586023,,7121.765650590654,,7040.33103849304,,6964.304129802643,,6842.476668340726,,6946.24150888406,,7106.821862513286,,7265.216606811873,,7403.91454838263,,7648.459545931052,,7903.880165350159,,8277.650873555642,,8588.621853461213,,8738.272001319932,,8946.357950766878,,8976.03432485462,,9211.864938062447,,9446.819271286948,,9625.300331877796,,9669.926655553378,,10060.286837294847,,9685.43469355862,,9339.085600464716,,9911.283056616452,,10523.254228101412,,10773.50563466064,,10827.216871967794,,11115.151127898984,,11350.346317624319,,11341.705009882104,,11457.71219041719,,11777.78386117238,,11978.19067573393,,12264.257806904434,,12457.834700293388,,12582.84878122261,,12630.763643736307,,12705.260604289351,,12880.526023956005,,12982.598008296398,,13119.07072363226,,13254.542946362366,,13392.96232455037,,13576.920253963122,,13689.41887139481,,13870.205930727578,,14182.615296951282,,14438.848022996419,,14482.604017390902,,14324.864529115746,,14570.384566863844,,14889.321498804315,,15210.609463141587,,15553.000948826982,,16109.942139289427,,16069.295226477769,,16513.61497541181,,16871.45090186942,,17215.329379389826,,17509.013834384732,,17904.37040641322,,18325.83366448688,,18649.945305870493,,,blank,,blank,,blank,,blank,,blank,,blank,13454.310704376623,,15163.54856395169,,15807.995921118543,,17145.5385847383,,17931.945504070365,,19093.652880756355,,19437.761292775558,,19991.15038005036,,20373.551049869242,,20582.281720410756,,22332.99895682399,,23525.8297394087,,24312.14035181797,,24792.506318801,,25185.646189932562,,25394.153574208918,,25569.8786317315,,25709.146286520252,,25864.533833172667,,26105.533050067454,,,blank,,blank,,blank,,blank,,blank,,blank,24591.979335811862,,24812.217087199708,,25885.213278590654,,26045.98927707093,,26023.305617776132,,26720.214875812188,,27107.39726580421,,27814.07919772814,,,blank,,blank,,blank,,blank,,blank,,blank,,blank,,blank,,blank,,blank,,blank,,blank,,blank,,blank,,blank,,blank,,blank,,blank,,blank,,blank,,blank,,blank,,blank,,blank,,blank,,blank,,blank,,blank,,blank,,blank,,blank,,blank,,blank,,blank,,blank,,blank,,blank
VA-K,18,,   FINANCIAL INTERMEDIATION,,J,,blank,58.461623116224416,,59.172843690011085,,70.53691526825871,,63.04525805749765,,63.817664185743624,,68.88447026187588,,66.2173854799604,,75.3871839482591,,47.696191920231115,,64.05960128403555,,64.87839089975303,,60.23317704522104,,64.35739632403677,,57.541907870646206,,66.2861868322777,,69.73232813196826,,70.47028878870366,,63.38775400333678,,64.6419023111561,,63.11500904966086,,63.488284170427704,,67.58984308196737,,78.65453738843567,,77.95548681744775,,77.25490709461052,,75.01418293795243,,75.26727013257579,,72.09906848607737,,84.51243354796307,,78.54888350646627,,92.7724818261624,,88.3994008819832,,77.07081636282624,,62.36595040982963,,86.44091547981037,,84.33572384256237,,77.13627866761752,,82.99972221121286,,80.69471744147678,,101.6093884397794,,118.13410500576438,,109.654666803443,,95.08393870938791,,98.62045225455107,,97.82112597599775,,93.3192258597985,,81.5659262456648,,96.2145123047982,,102.08656981736407,,88.97691438011412,,114.7052067914843,,109.94757414163371,,81.4909206389285,,79.95199496521045,,77.29484119486182,,84.43394660109605,,84.17255653920088,,86.48358108073,,96.7881640522348,,84.38535654208975,,81.12972725556097,,84.2509868881771,,89.58166398248261,,102.13530318747901,,104.01875613248355,,101.65298565658415,,118.00929794519419,,114.87835607649832,,121.5484947771309,,115.56924137024232,,127.73176110465903,,130.34433086456107,,132.5404230225863,,147.08493149289447,,161.33909569465976,,178.8890802916751,,185.06943700057647,,201.82956233483696,,223.1669242936656,,,blank,,blank,,blank,,blank,,blank,,blank,110.93803376255894,,127.03885192857561,,146.38204496352913,,158.8089908773867,,166.67721653964927,,170.99045267041248,,199.50654813181546,,217.826761532648,,255.65952078136726,,301.2599605820895,,296.22683201083447,,232.72426868688606,,218.32529124549384,,208.7082975369831,,199.16683573104388,,198.6267755492958,,193.5034366858131,,214.81733653109143,,201.17934846478147,,204.95705206063883,,,blank,,blank,,blank,,blank,,blank,,blank,117.42179873979615,,156.86570903846751,,170.86211404915326,,178.16742905599568,,203.4950625843374,,218.753641179343,,248.5849741356899,,254.07919772813997,,,blank,,blank,,blank,,blank,,blank,,blank,,blank,,blank,,blank,,blank,,blank,,blank,,blank,,blank,,blank,,blank,,blank,,blank,,blank,,blank,,blank,,blank,,blank,,blank,,blank,,blank,,blank,,blank,,blank,,blank,,blank,,blank,,blank,,blank,,blank,,blank,,blank
VA-K,19,,"   REAL ESTATE, RENTING AND BUSINESS ACTIVITIES",,K,,blank,6169.028434003909,,6186.14683847235,,6066.022316249909,,6149.04843915924,,6202.331917707071,,6173.161383978421,,6513.936987681809,,6534.721337985618,,6754.5711448007405,,6922.224845036827,,6865.878510243687,,6948.894101053733,,6864.741301393184,,6980.098206192972,,6935.817355231596,,6914.372167219815,,7045.311100797319,,7058.377896587318,,6975.689136181884,,6901.189120752982,,6778.988384170299,,6878.651665802093,,7028.16732512485,,7187.261119994426,,7326.659641288019,,7573.4453629930995,,7828.612895217583,,8205.551805069565,,8504.10941991325,,8659.723117813466,,8853.585468940715,,8887.634923972637,,9134.79412169962,,9384.453320877117,,9538.859416397985,,9585.590931710816,,9983.150558627229,,9602.434971347408,,9258.39088302324,,9809.673668176672,,10405.120123095649,,10663.850967857197,,10732.132933258406,,11016.530675644433,,11252.525191648321,,11248.385784022305,,11376.146264171526,,11681.569348867582,,11876.104105916565,,12175.280892524319,,12343.129493501903,,12472.901207080977,,12549.272723097378,,12625.30860932414,,12803.231182761143,,12898.164061695303,,13034.898167093059,,13168.059365281635,,13296.174160498134,,13492.534897421032,,13608.28914413925,,13785.9549438394,,14093.0336329688,,14336.71271980894,,14378.585261258419,,14223.211543459161,,14452.37526891865,,14774.443142727816,,15089.060968364456,,15437.43170745674,,15982.210378184769,,15938.950895613207,,16381.074552389222,,16724.365970376526,,17053.990283695166,,17330.124754093056,,17719.300969412645,,18124.00410215204,,18426.778381576827,,,blank,,blank,,blank,,blank,,blank,,blank,13343.372670614064,,15036.509712023115,,15661.613876155014,,16986.729593860913,,17765.268287530715,,18922.662428085943,,19238.254744643742,,19773.323618517712,,20117.891529087876,,20281.021759828665,,22036.772124813157,,23293.105470721814,,24093.815060572473,,24583.798021264014,,24986.479354201518,,25195.526798659623,,25376.375195045686,,25494.32894998916,,25663.354484707885,,25900.575998006814,,,blank,,blank,,blank,,blank,,blank,,blank,24474.557537072065,,24655.351378161242,,25714.351164541502,,25867.821848014933,,25819.810555191794,,26501.461234632843,,26858.81229166852,,27560,,,blank,,blank,,blank,,blank,,blank,,blank,,blank,,blank,,blank,,blank,,blank,,blank,,blank,,blank,,blank,,blank,,blank,,blank,,blank,,blank,,blank,,blank,,blank,,blank,,blank,,blank,,blank,,blank,,blank,,blank,,blank,,blank,,blank,,blank,,blank,,blank,,blank
VA-K,20,,"COMMUNITY, SOCIAL AND PERSONAL SERVICES",,L; M; N; O; P; MISCs,,blank,461.9297478099327,,442.92761247063936,,437.75704762415944,,434.31922021757924,,447.11572135945823,,447.4313975050308,,444.5067853695437,,455.78665821042614,,458.3519661367899,,463.7972808918683,,462.55263614610686,,466.2637130801027,,468.7313670720633,,481.86170813542526,,467.59011571142287,,475.2169354410508,,465.39127949320084,,465.4190005692263,,464.0004278193,,469.551406179962,,465.14885893948986,,472.06547971168885,,470.44922469523243,,471.61354587621383,,466.475396779963,,465.2293291845342,,470.29641356448695,,488.1482816816698,,495.5373016684343,,490.919901244941,,485.27443295503315,,473.65383678371313,,486.003307152003,,492.0630943871155,,504.1908835521762,,525.4859412942633,,525.3682272240128,,524.6675447767651,,517.5693406034741,,536.1118276322015,,568.7686854434761,,588.943686058834,,613.0409036788889,,627.4357773204313,,643.4025970143462,,665.1717677960896,,669.703309467117,,697.8719639109358,,695.5113580818194,,691.1468585785444,,702.0412320743374,,697.8652723071732,,705.2649045893035,,718.5690557074117,,717.4337173187162,,726.4525205692833,,740.0944897628438,,745.4846087794793,,768.4872936057532,,775.6785762571906,,773.8388677318129,,797.4841535176225,,809.9375162537215,,825.0769497510463,,839.4106574301484,,846.9919226235588,,863.4741212066804,,871.424200875819,,888.4353148666471,,906.3824139814636,,921.9230631989099,,920.0585400568858,,936.0088701675118,,957.8160762745536,,952.8099789288493,,967.0893523927261,,994.2307696177131,,1023.0637862407276,,1049.32765230036,,,blank,,blank,,blank,,blank,,blank,,blank,965.6810609947813,,980.2459769667774,,929.0111010846271,,910.341628130601,,905.2810156283836,,957.8262296652883,,902.4473240442974,,934.6179253105716,,946.229313919944,,915.7346562092939,,954.8101231553595,,970.8150037622198,,959.7804660904758,,960.2110858388614,,966.3938077673265,,964.0756456942321,,984.9274267283181,,1004.158349457469,,1045.1095751042867,,1087.6845211629177,,,blank,,blank,,blank,,blank,,blank,,blank,1244.738689217616,,1235.1248003788498,,1696.1127040730755,,1329.1096682220173,,1405.0552106980847,,1400.2885719095266,,1526.826658126082,,1476.9436191697503,,,blank,,blank,,blank,,blank,,blank,,blank,,blank,,blank,,blank,,blank,,blank,,blank,,blank,,blank,,blank,,blank,,blank,,blank,,blank,,blank,,blank,,blank,,blank,,blank,,blank,,blank,,blank,,blank,,blank,,blank,,blank,,blank,,blank,,blank,,blank,,blank,,blank
VA-K,21,,   PUBLIC ADMINISTRATION AND DEFENCE; COMPULSORY SOCIAL SECURITY,,L,,blank,150.88869972526777,,129.3856867756403,,122.3717828620701,,117.0913753648393,,127.08587464818315,,122.62553962264148,,118.94329100917433,,125.53395384615385,,124.7307909090909,,126.79744061302685,,121.27335492957745,,124.92425714285713,,127.07104571428569,,138.24834495412847,,125.35747581227437,,128.40183823529412,,119.3964497444634,,118.642,,117.76014999999995,,121.87684772370486,,116.01780952380952,,119.54651515151514,,119.39266962962958,,118.69971555555551,,116.11429137199431,,113.3150714285714,,113.87646892808685,,126.65521556886222,,129.07476395348837,,119.03225192802051,,115.14885379825654,,107.91298944900352,,109.15723906976741,,110.25451612903221,,112.78507537922984,,126.07738425925923,,121.75597288135589,,113.9983458333333,,102.87478709677423,,107.1868132701422,,114.8415346153846,,125.298113135187,,129.28003085824494,,128.66128331688057,,130.19218235877105,,125.5382540592168,,124.77130798479091,,132.45167860600196,,129.38514705882355,,135.06505323193917,,132.23225161887143,,133.3795214611872,,131.72212043795625,,134.15947619047617,,129.2719644128114,,131.73587676056334,,132.95403309859154,,131.6775635407537,,138.18215671232878,,139.76666184448462,,138.92842544169608,,147.49659620596205,,151.97630774586597,,155.6514915555555,,160.54909876106194,,157.89148275862064,,162.46510865051903,,163.87344340425528,,168.95940068259378,,176.03084675324675,,179.72095161572054,,174.79947768595036,,178.747403960396,,185.742505942275,,181.27342732417137,,187.018,,195.19701865369012,,208.49339677419349,,216.34514379116806,,,blank,,blank,,blank,,blank,,blank,,blank,268.5010872907864,,275.3543383206196,,253.2569483765856,,239.9372578928775,,224.06943141696138,,257.4936860393095,,221.08373938935983,,227.44825952589318,,240.2151841672022,,221.54555084116984,,248.4455862507604,,256.1640667300651,,244.46129833301583,,242.6974467539883,,246.78868430713607,,243.10227143895756,,256.1708085211536,,275.74647446759604,,300.5793473944934,,345.21802481936265,,,blank,,blank,,blank,,blank,,blank,,blank,500.58956254154134,,479.98076785884854,,903.5878530729753,,497.6515306690448,,513.62601425236,,500.611678895271,,582.552493427634,,507.25737997395885,,,blank,,blank,,blank,,blank,,blank,,blank,,blank,,blank,,blank,,blank,,blank,,blank,,blank,,blank,,blank,,blank,,blank,,blank,,blank,,blank,,blank,,blank,,blank,,blank,,blank,,blank,,blank,,blank,,blank,,blank,,blank,,blank,,blank,,blank,,blank,,blank,,blank
VA-K,22,,   EDUCATION,,M,,blank,14.349443106891197,,15.299038606611937,,16.359562463809688,,16.679040196653254,,18.433529397667332,,21.982595154033575,,21.327651164777713,,24.95585738421675,,27.102495520182035,,29.12087987254384,,32.031178600707825,,32.01509886351976,,32.92599886912066,,34.65587319168385,,33.15982942170163,,36.50744336173034,,34.3313608470975,,33.84291296264708,,32.62540186727236,,33.16343346398718,,34.45226243406084,,36.88206519647586,,36.60657468434421,,39.25659646853979,,37.460537260038734,,39.210741779558894,,44.305912601689116,,49.46277938597096,,54.332007775934834,,60.13719687362508,,59.06957771480271,,56.52406843665011,,60.45325581357288,,58.093872185162134,,60.14108340363193,,61.30694408066526,,59.32192542690304,,58.300636691809814,,53.92841461116266,,59.81352216240763,,76.14937195540354,,76.14553460690294,,86.8111422116978,,91.90264685663041,,96.14289258983794,,112.2716012251924,,112.16469392161275,,127.05359081671712,,121.7373205524549,,106.30076070431475,,114.09467767964725,,102.84069381955716,,106.06688104147399,,111.8616348758443,,110.23813439075762,,111.4026430324057,,117.93460861247529,,119.12858314558072,,129.45616600756236,,128.42690779388536,,120.94091259287076,,128.4153420000736,,128.22005003701605,,131.94085646756864,,133.8549017787936,,136.9424034167383,,142.52317614739013,,143.52951899884033,,149.85683359492597,,154.9715099629833,,161.46907851248494,,159.30983643961267,,165.62947912622633,,176.108571631802,,170.8154251192868,,174.0641066222609,,183.2292476040586,,188.4916566428605,,196.2389427008539,,,blank,,blank,,blank,,blank,,blank,,blank,83.70857649339688,,100.05068801608962,,80.08384001235696,,81.61731398280851,,95.62869425102146,,118.39326938552188,,103.84999912562579,,133.53265434703874,,135.64316789510468,,126.39447119964883,,137.99647249646148,,142.90611181180947,,142.0271436554512,,143.12905265715284,,144.56188254347148,,144.57991493003505,,151.72402981430986,,150.36942886111234,,167.612645362556,,166.6401514040951,,,blank,,blank,,blank,,blank,,blank,,blank,167.80190922051077,,168.95032433283822,,183.9484539149261,,200.3371612176906,,240.16446407694576,,226.64729799559095,,240.2416407141792,,237.22526557406871,,,blank,,blank,,blank,,blank,,blank,,blank,,blank,,blank,,blank,,blank,,blank,,blank,,blank,,blank,,blank,,blank,,blank,,blank,,blank,,blank,,blank,,blank,,blank,,blank,,blank,,blank,,blank,,blank,,blank,,blank,,blank,,blank,,blank,,blank,,blank,,blank,,blank
VA-K,23,,   HEALTH AND SOCIAL WORK,,N,,blank,8.038884272743356,,8.1820830712136,,8.2931855872681,,8.441322275340765,,8.56476951540132,,8.700561479467932,,8.764754044299421,,8.80919505072122,,8.861042891546655,,8.92029756677572,,8.977083297203576,,8.735126706684888,,8.811663995522432,,8.932642290781777,,9.041275862035066,,9.20916410851742,,9.423962306222785,,9.63629155912694,,9.821462419217774,,10.021446948115871,,10.181928360194593,,10.394257613098748,,10.831260842913112,,11.305298244745645,,11.796618260186657,,12.33731717165189,,12.885422917520753,,13.485376504215049,,14.12730215252994,,14.749476242435138,,15.361774553135493,,15.897535574998301,,15.993824422245535,,16.08270643508913,,16.176526337535154,,15.974072863835842,,15.811122506955908,,16.171588447932734,,16.4308276520599,,16.225905233559377,,16.309849356800555,,16.62093640175316,,16.507364940897443,,16.8085762066452,,17.10731852759174,,17.408529793339497,,17.544321757406106,,17.660362163063027,,18.391169824221514,,18.410921382631205,,18.46523816825785,,19.121977485380004,,19.329368848681735,,19.526884432778623,,19.707117403267038,,20.097210681858392,,20.511993408461855,,20.889741963047154,,21.210704787204595,,21.5217918321572,,21.86003726992312,,22.35382623016534,,23.15623329055895,,23.598174409975734,,24.03023975018768,,24.099370204621586,,25.08201023550361,,25.672088042993064,,26.358454697729744,,27.234930102159687,,27.78056690322735,,28.303983201084097,,29.061949255055907,,28.817523719736005,,29.128610764688606,,29.614992890527198,,30.20013280841423,,30.59516397660801,,31.3062200793568,,,blank,,blank,,blank,,blank,,blank,,blank,31.358067920182243,,33.79738538377881,,36.105848772911195,,38.81675016464099,,42.79175129459086,,47.221038267963586,,51.44046493323336,,55.93147552663636,,60.1879363639243,,64.24194372751295,,70.21185225684138,,72.37217895790108,,73.6165271377115,,75.69784760513247,,77.89027058860793,,80.72215027559706,,81.9344021729917,,82.72446450937927,,82.70718189577077,,83.8922754003521,,,blank,,blank,,blank,,blank,,blank,,blank,93.28167247935795,,96.37526031527544,,99.3133046287167,,103.08832122976843,,102.92537087288854,,102.42417507824267,,109.19155277836232,,112.26292011106894,,,blank,,blank,,blank,,blank,,blank,,blank,,blank,,blank,,blank,,blank,,blank,,blank,,blank,,blank,,blank,,blank,,blank,,blank,,blank,,blank,,blank,,blank,,blank,,blank,,blank,,blank,,blank,,blank,,blank,,blank,,blank,,blank,,blank,,blank,,blank,,blank,,blank
VA-K,24,,"   OTHER COMMUNITY, SOCIAL AND PERSONAL SERVICE ACTIVITIES",,O,,blank,174.72345764047458,,175.6335840841416,,175.80541729611173,,176.6785808705866,,177.09796027269968,,177.6825050946419,,178.52236175491538,,179.0275093707388,,179.6841564817643,,180.46992211631368,,181.26413428631986,,181.06227841226104,,179.87371700248104,,179.45103275221643,,178.93092359944401,,179.46916003679624,,180.0785742938719,,180.60333852968276,,180.5625468787283,,180.7204796403687,,180.18644454784794,,180.38908939383884,,177.85288712717636,,175.66709399492356,,173.49336992714257,,171.8231513491286,,169.74636501967277,,168.11674033633875,,166.6224029645617,,164.66076729643288,,162.38790475503188,,159.04104011970003,,164.4173491779217,,169.92577675689233,,175.6352812843899,,180.9058186226581,,185.46657056649184,,191.3703522262204,,197.67163257014408,,204.36177983619316,,211.0599612620247,,218.56293986976723,,226.19397716406655,,233.858623310137,,241.7743028077581,,249.76123491361085,,253.31394423970036,,257.06213217544774,,260.6000970832923,,264.19985014939317,,268.28787712283355,,271.7517515479424,,275.54487831909177,,278.5698501833019,,281.89554956334433,,285.00783219517314,,290.7684822193228,,296.1459718746999,,302.27814201185424,,308.8847535617587,,315.31269406431693,,322.7022922736181,,330.34952992768007,,337.9317336205486,,345.30146369121405,,352.66345304319407,,356.5724207692092,,360.069055834951,,363.5203064255466,,366.93304714580034,,370.2561286117345,,373.4521506489801,,376.86865553870837,,379.92530550070205,,382.83706206070394,,386.0900567462369,,393.74389626379553,,402.0513581115149,,410.4209015585876,,,blank,,blank,,blank,,blank,,blank,,blank,436.24368994789563,,423.2311250713561,,410.01686516174095,,398.2847612375606,,388.3716375699577,,377.88297114984505,,367.06914786748047,,356.5367005032392,,346.6791761216083,,337.5023396314192,,329.21425080048687,,333.6260683688055,,337.4338432839089,,340.35087424764004,,342.87189739646834,,345.3873493595509,,348.50083770854667,,352.15249801242715,,354.8238134660943,,356.6099646506078,,,blank,,blank,,blank,,blank,,blank,,blank,372.69888452665447,,381.0014138161265,,402.76376884451054,,424.21345456173503,,447.1022307372985,,471.79654989567285,,498.3382759246209,,526.0313335004045,,,blank,,blank,,blank,,blank,,blank,,blank,,blank,,blank,,blank,,blank,,blank,,blank,,blank,,blank,,blank,,blank,,blank,,blank,,blank,,blank,,blank,,blank,,blank,,blank,,blank,,blank,,blank,,blank,,blank,,blank,,blank,,blank,,blank,,blank,,blank,,blank,,blank
VA-K,25,,   PRIVATE HOUSEHOLDS WITH EMPLOYED PERSONS,,P,,blank,113.92926306455584,,114.42721993303189,,114.92709941489979,,115.42890151015939,,115.93358752550674,,116.44019615424594,,116.94872739637685,,117.46014255859554,,117.97348033420596,,118.48874072320821,,119.00688503229814,,119.52695195477993,,120.04894149065346,,120.57381494661472,,121.10061101596776,,121.62932969871262,,122.16093230154522,,122.69445751776954,,123.23086665408157,,123.7691984037854,,124.31041407357695,,124.85355235676032,,125.76583241116914,,126.68484161244929,,127.6105799606007,,128.54304745562342,,129.48224409751748,,130.42816988628283,,131.38082482191942,,132.34020890442739,,133.30632213380656,,134.27820320336116,,135.98163866849552,,137.70622288093963,,139.45291714738943,,141.22172146784493,,143.01263584230608,,144.82662157746887,,146.6636786733332,,148.52380712989924,,150.40796825386272,,152.31616204522368,,154.2483885039821,,156.20464763013803,,158.18590073038735,,160.19214780473007,,161.90904156360693,,163.644200149706,,165.39762356302708,,167.17027311026615,,168.96118748472736,,170.77132799310655,,172.60165594209965,,174.45121002501065,,176.32095154853567,,178.20895789928267,,177.92537242399226,,177.6427482553978,,177.36012408680324,,177.07846122490463,,176.796798363006,,176.51609680780334,,176.2353952526005,,175.95469369739786,,175.67495344889105,,175.3952132003842,,176.83140540405844,,178.2800945947793,,179.74031946585094,,181.21208001727345,,182.69633755574256,,184.19309208125858,,185.70138228712517,,187.2221694800385,,188.7554536599986,,190.30219613370122,,191.8604742877547,,193.4322107355507,,195.01644417039344,,,blank,,blank,,blank,,blank,,blank,,blank,145.8696393425201,,147.8124401749334,,149.54759876103242,,151.6855448527134,,154.41950109585224,,156.8352648226482,,159.00397272859803,,161.1688354077642,,163.5038493721046,,166.050350809543,,168.94196135080938,,165.74657789363866,,162.2416536803883,,158.33586457494772,,154.28107293164265,,150.2839596900916,,146.59734851131617,,143.16548360695413,,139.38658698537233,,135.32410488850007,,,blank,,blank,,blank,,blank,,blank,,blank,110.36666044955147,,108.81703405576111,,106.49932361194689,,103.81920054377841,,101.2371307585918,,98.80887004474909,,96.50269528128564,,94.16672001024929,,,blank,,blank,,blank,,blank,,blank,,blank,,blank,,blank,,blank,,blank,,blank,,blank,,blank,,blank,,blank,,blank,,blank,,blank,,blank,,blank,,blank,,blank,,blank,,blank,,blank,,blank,,blank,,blank,,blank,,blank,,blank,,blank,,blank,,blank,,blank,,blank,,blank
VA-K,26,,   EXTRA-TERRITORIAL ORGANIZATION AND BODIES,,Q,,blank,,blank,,blank,,blank,,blank,,blank,,blank,,blank,,blank,,blank,,blank,,blank,,blank,,blank,,blank,,blank,,blank,,blank,,blank,,blank,,blank,,blank,,blank,,blank,,blank,,blank,,blank,,blank,,blank,,blank,,blank,,blank,,blank,,blank,,blank,,blank,,blank,,blank,,blank,,blank,,blank,,blank,,blank,,blank,,blank,,blank,,blank,,blank,,blank,,blank,,blank,,blank,,blank,,blank,,blank,,blank,,blank,,blank,,blank,,blank,,blank,,blank,,blank,,blank,,blank,,blank,,blank,,blank,,blank,,blank,,blank,,blank,,blank,,blank,,blank,,blank,,blank,,blank,,blank,,blank,,blank,,blank,,blank,,blank,,blank,,blank,,blank,,blank,,blank,,blank,,blank,,blank,,blank,,blank,,blank,,blank,,blank,,blank,,blank,,blank,,blank,,blank,,blank,,blank,,blank,,blank,,blank,,blank,,blank,,blank,,blank,,blank,,blank,,blank,,blank,,blank,,blank,,blank,,blank,,blank,,blank,,blank,,blank,,blank,,blank,,blank,,blank,,blank,,blank,,blank,,blank,,blank,,blank,,blank,,blank,,blank,,blank,,blank,,blank,,blank,,blank,,blank,,blank,,blank,,blank,,blank,,blank,,blank,,blank,,blank,,blank,,blank,,blank,,blank,,blank,,blank,,blank
VA-K,27,,blank,,blank,,blank,,blank,,blank,,blank,,blank,,blank,,blank,,blank,,blank,,blank,,blank,,blank,,blank,,blank,,blank,,blank,,blank,,blank,,blank,,blank,,blank,,blank,,blank,,blank,,blank,,blank,,blank,,blank,,blank,,blank,,blank,,blank,,blank,,blank,,blank,,blank,,blank,,blank,,blank,,blank,,blank,,blank,,blank,,blank,,blank,,blank,,blank,,blank,,blank,,blank,,blank,,blank,,blank,,blank,,blank,,blank,,blank,,blank,,blank,,blank,,blank,,blank,,blank,,blank,,blank,,blank,,blank,,blank,,blank,,blank,,blank,,blank,,blank,,blank,,blank,,blank,,blank,,blank,,blank,,blank,,blank,,blank,,blank,,blank,,blank,,blank,,blank,,blank,,blank,,blank,,blank,,blank,,blank,,blank,,blank,,blank,,blank,,blank,,blank,,blank,,blank,,blank,,blank,,blank,,blank,,blank,,blank,,blank,,blank,,blank,,blank,,blank,,blank,,blank,,blank,,blank,,blank,,blank,,blank,,blank,,blank,,blank,,blank,,blank,,blank,,blank,,blank,,blank,,blank,,blank,,blank,,blank,,blank,,blank,,blank,,blank,,blank,,blank,,blank,,blank,,blank,,blank,,blank,,blank,,blank,,blank,,blank,,blank,,blank,,blank,,blank,,blank,,blank,,blank,,blank,,blank,,blank
VA-K,28,,TOTAL VALUE ADDED,,tVA,,blank,,blank,,blank,,blank,,blank,,blank,,blank,,blank,,blank,,blank,,blank,,blank,,blank,,blank,,blank,,blank,,blank,,blank,,blank,,blank,,blank,,blank,,blank,,blank,,blank,,blank,,blank,,blank,,blank,,blank,,blank,,blank,,blank,,blank,,blank,,blank,,blank,,blank,,blank,,blank,,blank,,blank,,blank,,blank,,blank,,blank,,blank,,blank,,blank,,blank,,blank,,blank,,blank,,blank,,blank,,blank,,blank,,blank,,blank,,blank,,blank,,blank,,blank,,blank,,blank,,blank,,blank,,blank,,blank,,blank,,blank,,blank,,blank,,blank,,blank,,blank,,blank,,blank,,blank,,blank,,blank,,blank,,blank,,blank,,blank,,blank,,blank,,blank,,blank,,blank,,blank,,blank,,blank,,blank,,blank,,blank,,blank,,blank,,blank,,blank,,blank,,blank,,blank,,blank,,blank,,blank,,blank,,blank,,blank,,blank,,blank,,blank,,blank,,blank,,blank,,blank,,blank,,blank,,blank,,blank,,blank,,blank,,blank,,blank,,blank,,blank,,blank,,blank,,blank,,blank,,blank,,blank,,blank,,blank,,blank,,blank,,blank,,blank,,blank,,blank,,blank,,blank,,blank,,blank,,blank,,blank,,blank,,blank,,blank,,blank,,blank,,blank,,blank,,blank,,blank,,blank,,blank
VA-K,29,,NET INDIRECT TAXES,,iTAX,,blank,,blank,,blank,,blank,,blank,,blank,,blank,,blank,,blank,,blank,,blank,,blank,,blank,,blank,,blank,,blank,,blank,,blank,,blank,,blank,,blank,,blank,,blank,,blank,,blank,,blank,,blank,,blank,,blank,,blank,,blank,,blank,,blank,,blank,,blank,,blank,,blank,,blank,,blank,,blank,,blank,,blank,,blank,,blank,,blank,,blank,,blank,,blank,,blank,,blank,,blank,,blank,,blank,,blank,,blank,,blank,,blank,,blank,,blank,,blank,,blank,,blank,,blank,,blank,,blank,,blank,,blank,,blank,,blank,,blank,,blank,,blank,,blank,,blank,,blank,,blank,,blank,,blank,,blank,,blank,,blank,,blank,,blank,,blank,,blank,,blank,,blank,,blank,,blank,,blank,,blank,,blank,,blank,,blank,,blank,,blank,,blank,,blank,,blank,,blank,,blank,,blank,,blank,,blank,,blank,,blank,,blank,,blank,,blank,,blank,,blank,,blank,,blank,,blank,,blank,,blank,,blank,,blank,,blank,,blank,,blank,,blank,,blank,,blank,,blank,,blank,,blank,,blank,,blank,,blank,,blank,,blank,,blank,,blank,,blank,,blank,,blank,,blank,,blank,,blank,,blank,,blank,,blank,,blank,,blank,,blank,,blank,,blank,,blank,,blank,,blank,,blank,,blank,,blank,,blank,,blank,,blank
VA-K,30,,TOTAL GDP,,GDP,,blank,1524.9080768342333,,1560.2160197747403,,1618.2979085612783,,1616.9037723740512,,1640.5484627826213,,1662.8894804195525,,1714.386681819154,,1746.8494915144092,,1718.6246835955742,,1789.158403513899,,1864.9306005495764,,1851.701599684053,,2003.8641636294549,,1903.6692504826785,,2000.1002055173633,,2009.7050794176162,,2066.36381435556,,2091.793951235113,,2170.37018547431,,2280.117085972132,,2276.6600982352566,,2464.96573838882,,2542.510622592989,,2523.9465845675318,,2518.420166589269,,2696.841623325296,,2719.845767821257,,2884.2864259433677,,3032.944102286413,,3155.4710940759396,,3206.3950086285076,,3324.5681228049134,,3322.268248223014,,3535.4810695761066,,3874.80755183102,,3981.9520183983577,,3928.4315255853826,,4212.218080820284,,4044.1954641020047,,4383.308426239141,,4290.556308784064,,4341.42270310273,,4380.228238814917,,4487.804834671157,,4491.474836684303,,4702.92425815297,,4752.6990003531255,,4963.307292436818,,5026.5968825307955,,4899.638488225476,,4986.496434776617,,4947.73794820296,,5188.8013355740295,,5176.529101002542,,5471.360469464049,,5423.128851780988,,5452.476274789928,,5489.262030989729,,5694.818113831135,,5756.144216887902,,5826.1688360822145,,6052.876856307982,,6217.153414817571,,6294.211091808445,,6353.726166506088,,6305.16805844694,,6332.033323511172,,6638.113892981734,,6837.314418567077,,7120.016056668192,,7326.219829597282,,7432.241365922851,,7512.061859829709,,7619.851579775327,,7739.50977770273,,8108.215237691108,,8350.9269226396,,8618.455817452657,,8781.398256488937,,,blank,,blank,,blank,,blank,,blank,,blank,6209.5223127131885,,6657.14883245576,,7354.003577595922,,7683.320001472653,,8231.503822430861,,8456.263132617234,,8873.80128942347,,9221.090555690913,,9707.294785555076,,9922.051829594599,,9722.192334038671,,9212.84828616312,,8491.751202811445,,8444.003922004977,,8352.853723134976,,8271.10063184128,,8776.44600280481,,9915.362792832546,,9263.500913732147,,8933.173685445949,,,blank,,blank,,blank,,blank,,blank,,blank,8470.560095422103,,9759.466257551854,,10876.003336313026,,10733.893735297237,,11339.426588960927,,12136.935843572817,,12084.804892126887,,12439.020160541999,,12281.202600937868,,12913.624710329836,,13227.70479331736,,13630.639422677636,,13426.914877717962,,13774.326492690045,,14659.7618813931,,15387.411984067016,,16095.38089167822,,17090.819570169544,,18312.992098748582,,18943.411506122957,,19655.43329090401,,20312.929470917014,,21370.012255266178,,22978.986455722214,,24148.887472422135,,25334.539105758136,,26937.593922710177,,28931.541446758496,,29836.719546838976,,28972.438823549863,,30628.232037276153,,30970.23487790865,,31924.84878555224,,32864.477838270286,,34181.6344803245,,33615.72738318011,,34451.061926797374,,34367.94684327001,,34761.90968574118,,35497.41625763925,,36236.22560661325,,36989.43936456185,,38729.735192997665,,40138.272328218496,,41517.64188175284,
VA-K,31,,blank,,blank,,blank,,blank,,blank,,blank,,blank,,blank,,blank,,blank,,blank,,blank,,blank,,blank,,blank,,blank,,blank,,blank,,blank,,blank,,blank,,blank,,blank,,blank,,blank,,blank,,blank,,blank,,blank,,blank,,blank,,blank,,blank,,blank,,blank,,blank,,blank,,blank,,blank,,blank,,blank,,blank,,blank,,blank,,blank,,blank,,blank,,blank,,blank,,blank,,blank,,blank,,blank,,blank,,blank,,blank,,blank,,blank,,blank,,blank,,blank,,blank,,blank,,blank,,blank,,blank,,blank,,blank,,blank,,blank,,blank,,blank,,blank,,blank,,blank,,blank,,blank,,blank,,blank,,blank,,blank,,blank,,blank,,blank,,blank,,blank,,blank,,blank,,blank,,blank,,blank,,blank,,blank,,blank,,blank,,blank,,blank,,blank,,blank,,blank,,blank,,blank,,blank,,blank,,blank,,blank,,blank,,blank,,blank,,blank,,blank,,blank,,blank,,blank,,blank,,blank,,blank,,blank,,blank,,blank,,blank,,blank,,blank,,blank,,blank,,blank,,blank,,blank,,blank,,blank,,blank,,blank,,blank,,blank,,blank,,blank,,blank,,blank,,blank,,blank,,blank,,blank,,blank,,blank,,blank,,blank,,blank,,blank,,blank,,blank,,blank,,blank,,blank,,blank,,blank,,blank,,blank,,blank,,blank
VA-K,32,,blank,,blank,,blank,,blank,,blank,,blank,,blank,,blank,,blank,,blank,,blank,,blank,,blank,,blank,,blank,,blank,,blank,,blank,,blank,,blank,,blank,,blank,,blank,,blank,,blank,,blank,,blank,,blank,,blank,,blank,,blank,,blank,,blank,,blank,,blank,,blank,,blank,,blank,,blank,,blank,,blank,,blank,,blank,,blank,,blank,,blank,,blank,,blank,,blank,,blank,,blank,,blank,,blank,,blank,,blank,,blank,,blank,,blank,,blank,,blank,,blank,,blank,,blank,,blank,,blank,,blank,,blank,,blank,,blank,,blank,,blank,,blank,,blank,,blank,,blank,,blank,,blank,,blank,,blank,,blank,,blank,,blank,,blank,,blank,,blank,,blank,,blank,,blank,,blank,,blank,,blank,,blank,,blank,,blank,,blank,,blank,,blank,,blank,,blank,,blank,,blank,,blank,,blank,,blank,,blank,,blank,,blank,,blank,,blank,,blank,,blank,,blank,,blank,,blank,,blank,,blank,,blank,,blank,,blank,,blank,,blank,,blank,,blank,,blank,,blank,,blank,,blank,,blank,,blank,,blank,,blank,,blank,,blank,,blank,,blank,,blank,,blank,,blank,,blank,,blank,,blank,,blank,,blank,,blank,,blank,,blank,,blank,,blank,,blank,,blank,,blank,,blank,,blank,,blank,,blank,,blank,,blank,,blank,,blank
VA-K,33,,blank,,ID,,blank,1835,,1836,,1837,,1838,,1839,,1840,,1841,,1842,,1843,,1844,,1845,,1846,,1847,,1848,,1849,,1850,,1851,,1852,,1853,,1854,,1855,,1856,,1857,,1858,,1859,,1860,,1861,,1862,,1863,,1864,,1865,,1866,,1867,,1868,,1869,,1870,,1871,,1872,,1873,,1874,,1875,,1876,,1877,,1878,,1879,,1880,,1881,,1882,,1883,,1884,,1885,,1886,,1887,,1888,,1889,,1890,,1891,,1892,,1893,,1894,,1895,,1896,,1897,,1898,,1899,,1900,,1901,,1902,,1903,,1904,,1905,,1906,,1907,,1908,,1909,,1910,,1911,,1912,,1913,,1914,,1915,,1916,,1917,,1918,,1919,,1920,,1921,,1922,,1923,,1924,,1925,,1926,,1927,,1928,,1929,,1930,,1931,,1932,,1933,,1934,,1935,,1936,,1937,,1938,,1939,,1940,,1941,,1942,,1943,,1944,,1945,,1946,,1947,,1948,,1949,,1950,,1951,,1952,,1953,,1954,,1955,,1956,,1957,,1958,,1959,,1960,,1961,,1962,,1963,,1964,,1965,,1966,,1967,,1968,,1969,,1970,,1971,,1972,,1973,,1974,,1975,,1976,,1977,,1978,,1979,,1980,,1981,,1982,,1983,,1984,,1985,,1986,,1987,,1988,,1989,,1990,
VA-K,34,,"AGRICULTURE, HUNTING, FORESTRY AND FISHING",,A; B,,blank,,blank,,blank,,blank,,blank,,blank,,blank,,blank,,blank,,blank,,blank,,blank,,blank,,blank,,blank,,blank,,blank,,blank,,blank,,blank,,blank,,blank,,blank,,blank,,blank,,blank,,blank,,blank,,blank,,blank,,blank,,blank,,blank,,blank,,blank,,blank,,blank,,blank,,blank,,blank,,blank,,blank,,blank,,blank,,blank,,blank,,blank,,blank,,blank,,blank,,blank,,blank,,blank,,blank,,blank,,blank,,blank,,blank,,blank,,blank,,blank,,blank,,blank,,blank,,blank,,blank,,blank,,blank,,blank,,blank,,blank,,blank,,blank,,blank,,blank,,blank,,blank,,blank,,blank,,blank,,blank,,blank,,blank,,blank,,blank,,blank,,blank,,blank,,blank,,blank,,blank,,blank,,blank,,blank,,blank,,blank,,blank,,blank,,blank,,blank,,blank,,blank,,blank,,blank,,blank,,blank,,blank,,blank,,blank,,blank,,blank,,blank,,blank,,blank,,blank,,blank,,blank,,blank,,blank,,blank,,blank,,blank,,blank,,blank,,blank,,blank,,blank,,blank,,blank,,blank,,blank,,blank,,blank,,blank,,blank,,blank,,blank,,blank,,blank,,blank,,blank,,blank,,blank,,blank,,blank,,blank,,blank,,blank,,blank,,blank,,blank,,blank,,blank,,blank,,blank,,blank,,blank
VA-K,35,,"   AGRICULTURE, HUNTING AND FORESTRY",,A,,blank,401.52155643438067,,401.57529163487624,,412.4429418540574,,423.82803539486235,,432.89704090363665,,444.54895696206444,,458.23690641365783,,470.5471442487582,,483.4465547819557,,494.4639507410598,,511.64712451592874,,493.5431991039501,,653.8566751522136,,572.334414180631,,624.0592541200554,,573.1544934849469,,577.1894047485902,,566.316991303156,,580.6933548411471,,645.6289245241617,,600.8600182199052,,692.476115636592,,722.2280735595486,,673.4709991225427,,588.7379292383589,,641.934420078183,,614.0684061590063,,677.413822200478,,759.6343706824597,,742.8456718099542,,680.6101217597328,,654.106544004453,,636.4008581791132,,772.4805005096241,,687.0223697144891,,693.2656100411828,,608.5998295779516,,740.4114732263861,,651.2825385017375,,797.3936377700243,,655.2540440517878,,706.9732190889971,,692.9713931937481,,653.3129192452403,,621.0390350353701,,676.4193404046148,,696.3046695602496,,696.2846044242027,,689.8269225288166,,668.0299257554593,,676.7847814740308,,689.3973407334929,,693.2511902407696,,670.2509233294777,,716.2803682624402,,716.1113902497469,,705.8956422111248,,732.2138656981732,,741.2065350215122,,725.1042348965793,,747.148674042394,,722.5477097191197,,801.5174664582286,,781.7157146868532,,733.8218764275421,,786.7441495404569,,767.2781457615501,,787.5731065902648,,762.9704178368299,,809.8759138571609,,800.7055855240844,,797.7835054826384,,824.1210501516147,,845.9978751200067,,811.3154571658148,,824.9950610812621,,791.0260320953525,,762.8389620629441,,790.5516311061908,,,blank,,blank,,blank,,blank,,blank,,blank,833.1587013300851,,792.707064313765,,724.1699713606793,,827.287981941922,,824.3607876867136,,797.7411232311011,,802.1154477439709,,728.3129370600883,,781.2721955020289,,784.4163855078702,,770.4039577604248,,747.2716750843513,,824.1355020669655,,869.5299752939055,,755.6040141008194,,354.6309415287384,,296.9068324904335,,780.421229998303,,798.7754809015446,,776.8622963391228,,,blank,,blank,,blank,,blank,,blank,,blank,809.4159425791285,,724.5021102225655,,679.4307731480695,,851.462432946314,,848.127940065301,,852.2060585236334,,824.1593914658611,,998.9242468800941,,,blank,,blank,,blank,,blank,,blank,,blank,,blank,,blank,,blank,,blank,,blank,,blank,,blank,,blank,,blank,,blank,,blank,,blank,,blank,,blank,,blank,,blank,,blank,,blank,,blank,,blank,,blank,,blank,,blank,,blank,,blank,,blank,,blank,,blank,,blank,,blank,,blank
VA-K,36,,      Agriculture,1,,,blank,,blank,,blank,,blank,,blank,,blank,,blank,,blank,,blank,,blank,,blank,,blank,,blank,,blank,,blank,,blank,,blank,,blank,,blank,,blank,,blank,,blank,,blank,,blank,,blank,,blank,,blank,,blank,,blank,,blank,,blank,,blank,,blank,,blank,,blank,,blank,,blank,,blank,,blank,,blank,,blank,,blank,,blank,,blank,,blank,,blank,,blank,,blank,,blank,,blank,,blank,,blank,,blank,,blank,,blank,,blank,,blank,,blank,,blank,,blank,,blank,,blank,,blank,,blank,,blank,,blank,,blank,,blank,,blank,,blank,,blank,,blank,,blank,,blank,,blank,,blank,,blank,,blank,,blank,,blank,,blank,,blank,,blank,,blank,,blank,,blank,,blank,,blank,,blank,,blank,,blank,,blank,,blank,,blank,,blank,,blank,,blank,,blank,,blank,,blank,,blank,,blank,,blank,,blank,,blank,,blank,,blank,,blank,,blank,,blank,,blank,,blank,,blank,,blank,,blank,,blank,,blank,,blank,,blank,,blank,,blank,,blank,,blank,,blank,,blank,,blank,,blank,,blank,,blank,,blank,,blank,,blank,,blank,,blank,,blank,,blank,,blank,,blank,,blank,,blank,,blank,,blank,,blank,,blank,,blank,,blank,,blank,,blank,,blank,,blank,,blank,,blank,,blank,,blank,,blank,,blank,,blank
VA-K,37,,      Forestry,2,,,blank,,blank,,blank,,blank,,blank,,blank,,blank,,blank,,blank,,blank,,blank,,blank,,blank,,blank,,blank,,blank,,blank,,blank,,blank,,blank,,blank,,blank,,blank,,blank,,blank,,blank,,blank,,blank,,blank,,blank,,blank,,blank,,blank,,blank,,blank,,blank,,blank,,blank,,blank,,blank,,blank,,blank,,blank,,blank,,blank,,blank,,blank,,blank,,blank,,blank,,blank,,blank,,blank,,blank,,blank,,blank,,blank,,blank,,blank,,blank,,blank,,blank,,blank,,blank,,blank,,blank,,blank,,blank,,blank,,blank,,blank,,blank,,blank,,blank,,blank,,blank,,blank,,blank,,blank,,blank,,blank,,blank,,blank,,blank,,blank,,blank,,blank,,blank,,blank,,blank,,blank,,blank,,blank,,blank,,blank,,blank,,blank,,blank,,blank,,blank,,blank,,blank,,blank,,blank,,blank,,blank,,blank,,blank,,blank,,blank,,blank,,blank,,blank,,blank,,blank,,blank,,blank,,blank,,blank,,blank,,blank,,blank,,blank,,blank,,blank,,blank,,blank,,blank,,blank,,blank,,blank,,blank,,blank,,blank,,blank,,blank,,blank,,blank,,blank,,blank,,blank,,blank,,blank,,blank,,blank,,blank,,blank,,blank,,blank,,blank,,blank,,blank,,blank,,blank,,blank,,blank,,blank
VA-K,38,,   FISHING,,B,,blank,,blank,,blank,,blank,,blank,,blank,,blank,,blank,,blank,,blank,,blank,,blank,,blank,,blank,,blank,,blank,,blank,,blank,,blank,,blank,,blank,,blank,,blank,,blank,,blank,,blank,,blank,,blank,,blank,,blank,,blank,,blank,,blank,,blank,,blank,,blank,,blank,,blank,,blank,,blank,,blank,,blank,,blank,,blank,,blank,,blank,,blank,,blank,,blank,,blank,,blank,,blank,,blank,,blank,,blank,,blank,,blank,,blank,,blank,,blank,,blank,,blank,,blank,,blank,,blank,,blank,,blank,,blank,,blank,,blank,,blank,,blank,,blank,,blank,,blank,,blank,,blank,,blank,,blank,,blank,,blank,,blank,,blank,,blank,,blank,,blank,,blank,,blank,,blank,,blank,,blank,,blank,,blank,,blank,,blank,,blank,,blank,,blank,,blank,,blank,,blank,,blank,,blank,,blank,,blank,,blank,,blank,,blank,,blank,,blank,,blank,,blank,,blank,,blank,,blank,,blank,,blank,,blank,,blank,,blank,,blank,,blank,,blank,,blank,,blank,,blank,,blank,,blank,,blank,,blank,,blank,,blank,,blank,,blank,,blank,,blank,,blank,,blank,,blank,,blank,,blank,,blank,,blank,,blank,,blank,,blank,,blank,,blank,,blank,,blank,,blank,,blank,,blank,,blank,,blank,,blank,,blank
VA-K,39,,TOTAL INDUSTRY,,C; D; E; F,,blank,359.075125561721,,378.05022512848296,,395.18454326108304,,387.2343218413173,,397.49469327942774,,404.1578100251747,,423.78928164018765,,427.80392090875364,,422.0454012815935,,435.2352937788513,,455.1709160543056,,466.8097551159657,,478.3497819434743,,470.40700914135226,,476.1363672647532,,500.9171651509825,,534.7704001077379,,559.5192076332712,,608.6683099011193,,640.4000675146417,,670.1549555070313,,720.3844468800307,,727.6758375154272,,723.0167347514363,,765.3405469162774,,847.7010004258663,,869.0044789582818,,913.2732869332228,,929.9030686399981,,1018.3629589671441,,1057.5159799081805,,1164.4156054558584,,1179.8335214044207,,1219.748693906238,,1441.4089404307208,,1492.6263145767796,,1484.6984030416804,,1599.891401489392,,1582.8110128549922,,1673.8772340173036,,1586.0797624741172,,1569.0171569807328,,1604.6781585118486,,1675.9749152197166,,1671.3870600965788,,1758.9029785308571,,1795.987256283945,,1900.3213731137582,,1930.1377827396689,,1852.6222636126408,,1874.0156353398907,,1828.472695515156,,1979.6522606466833,,1948.0285768463395,,2135.289913985854,,2074.0388409263737,,2057.401500479125,,2074.21146052192,,2149.0317567475995,,2185.858417148356,,2194.7629920097215,,2320.528468990558,,2365.1973478496498,,2368.3279263370027,,2409.0566640293923,,2332.0654550469644,,2314.1233891538527,,2471.7757858805116,,2564.885548800589,,2678.721688059537,,2744.733365897694,,2795.3242641585452,,2813.5907618396477,,2843.2198126570847,,2876.289896174992,,3048.7774873144494,,3141.98468630476,,3263.399655485101,,3275.308298764012,,,blank,,blank,,blank,,blank,,blank,,blank,1867.377678706275,,2175.9009473620954,,2575.0867554913343,,2706.3444618931526,,2995.92331931572,,3082.526342096301,,3354.5139605165623,,3588.6127564703193,,3802.413968959879,,3893.076508433299,,3734.7553574125513,,3457.3550500685024,,2972.9193913896283,,2898.494918687565,,2918.7925021517644,,3102.8239255605,,3454.648705606609,,3818.652035731239,,3420.819399832945,,3228.668943038531,,,blank,,blank,,blank,,blank,,blank,,blank,2690.1063951217934,,3423.525744294838,,3788.882246650414,,3878.191613892889,,4124.468959925164,,4450.583467583289,,4353.155066955136,,4465.7010510336495,,,blank,,blank,,blank,,blank,,blank,,blank,,blank,,blank,,blank,,blank,,blank,,blank,,blank,,blank,,blank,,blank,,blank,,blank,,blank,,blank,,blank,,blank,,blank,,blank,,blank,,blank,,blank,,blank,,blank,,blank,,blank,,blank,,blank,,blank,,blank,,blank,,blank
VA-K,40,,   MINING AND QUARRYING,,C,,blank,,blank,,blank,,blank,,blank,,blank,,blank,,blank,,blank,,blank,,blank,,blank,,blank,,blank,,blank,,blank,,blank,,blank,,blank,,blank,,blank,,blank,,blank,,blank,,blank,,blank,,blank,,blank,,blank,,blank,,blank,,blank,,blank,,blank,,blank,,blank,,blank,,blank,,blank,,blank,,blank,,blank,,blank,,blank,,blank,,blank,,blank,,blank,,blank,,blank,,blank,,blank,,blank,,blank,,blank,,blank,,blank,,blank,,blank,,blank,,blank,,blank,,blank,,blank,,blank,,blank,,blank,,blank,,blank,,blank,,blank,,blank,,blank,,blank,,blank,,blank,,blank,,blank,,blank,,blank,,blank,,blank,,blank,,blank,,blank,,blank,,blank,,blank,,blank,,blank,,blank,,blank,,blank,,blank,,blank,,blank,,blank,,blank,,blank,,blank,,blank,,blank,,blank,,blank,,blank,,blank,,blank,,blank,,blank,,blank,,blank,,blank,,blank,,blank,,blank,,blank,,blank,,blank,,blank,,blank,,blank,,blank,,blank,,blank,,blank,,blank,,blank,,blank,,blank,,blank,,blank,,blank,,blank,,blank,,blank,,blank,,blank,,blank,,blank,,blank,,blank,,blank,,blank,,blank,,blank,,blank,,blank,,blank,,blank,,blank,,blank,,blank,,blank,,blank,,blank,,blank,,blank
VA-K,41,,   MANUFACTURING,,D,,blank,,blank,,blank,,blank,,blank,,blank,,blank,,blank,,blank,,blank,,blank,,blank,,blank,,blank,,blank,,blank,,blank,,blank,,blank,,blank,,blank,,blank,,blank,,blank,,blank,,blank,,blank,,blank,,blank,,blank,,blank,,blank,,blank,,blank,,blank,,blank,,blank,,blank,,blank,,blank,,blank,,blank,,blank,,blank,,blank,,blank,,blank,,blank,,blank,,blank,,blank,,blank,,blank,,blank,,blank,,blank,,blank,,blank,,blank,,blank,,blank,,blank,,blank,,blank,,blank,,blank,,blank,,blank,,blank,,blank,,blank,,blank,,blank,,blank,,blank,,blank,,blank,,blank,,blank,,blank,,blank,,blank,,blank,,blank,,blank,,blank,,blank,,blank,,blank,,blank,,blank,,blank,,blank,,blank,,blank,,blank,,blank,,blank,,blank,,blank,,blank,,blank,,blank,,blank,,blank,,blank,,blank,,blank,,blank,,blank,,blank,,blank,,blank,,blank,,blank,,blank,,blank,,blank,,blank,,blank,,blank,,blank,,blank,,blank,,blank,,blank,,blank,,blank,,blank,,blank,,blank,,blank,,blank,,blank,,blank,,blank,,blank,,blank,,blank,,blank,,blank,,blank,,blank,,blank,,blank,,blank,,blank,,blank,,blank,,blank,,blank,,blank,,blank,,blank,,blank,,blank,,blank
VA-K,42,,"      Manufacture of food products, beverages and tobacco",,15; 16,,blank,,blank,,blank,,blank,,blank,,blank,,blank,,blank,,blank,,blank,,blank,,blank,,blank,,blank,,blank,,blank,,blank,,blank,,blank,,blank,,blank,,blank,,blank,,blank,,blank,,blank,,blank,,blank,,blank,,blank,,blank,,blank,,blank,,blank,,blank,,blank,,blank,,blank,,blank,,blank,,blank,,blank,,blank,,blank,,blank,,blank,,blank,,blank,,blank,,blank,,blank,,blank,,blank,,blank,,blank,,blank,,blank,,blank,,blank,,blank,,blank,,blank,,blank,,blank,,blank,,blank,,blank,,blank,,blank,,blank,,blank,,blank,,blank,,blank,,blank,,blank,,blank,,blank,,blank,,blank,,blank,,blank,,blank,,blank,,blank,,blank,,blank,,blank,,blank,,blank,,blank,,blank,,blank,,blank,,blank,,blank,,blank,,blank,,blank,,blank,,blank,,blank,,blank,,blank,,blank,,blank,,blank,,blank,,blank,,blank,,blank,,blank,,blank,,blank,,blank,,blank,,blank,,blank,,blank,,blank,,blank,,blank,,blank,,blank,,blank,,blank,,blank,,blank,,blank,,blank,,blank,,blank,,blank,,blank,,blank,,blank,,blank,,blank,,blank,,blank,,blank,,blank,,blank,,blank,,blank,,blank,,blank,,blank,,blank,,blank,,blank,,blank,,blank,,blank,,blank,,blank,,blank
VA-K,43,,"      Manufacture of textiles, wearing apparel and leather",,17; 18; 19,,blank,,blank,,blank,,blank,,blank,,blank,,blank,,blank,,blank,,blank,,blank,,blank,,blank,,blank,,blank,,blank,,blank,,blank,,blank,,blank,,blank,,blank,,blank,,blank,,blank,,blank,,blank,,blank,,blank,,blank,,blank,,blank,,blank,,blank,,blank,,blank,,blank,,blank,,blank,,blank,,blank,,blank,,blank,,blank,,blank,,blank,,blank,,blank,,blank,,blank,,blank,,blank,,blank,,blank,,blank,,blank,,blank,,blank,,blank,,blank,,blank,,blank,,blank,,blank,,blank,,blank,,blank,,blank,,blank,,blank,,blank,,blank,,blank,,blank,,blank,,blank,,blank,,blank,,blank,,blank,,blank,,blank,,blank,,blank,,blank,,blank,,blank,,blank,,blank,,blank,,blank,,blank,,blank,,blank,,blank,,blank,,blank,,blank,,blank,,blank,,blank,,blank,,blank,,blank,,blank,,blank,,blank,,blank,,blank,,blank,,blank,,blank,,blank,,blank,,blank,,blank,,blank,,blank,,blank,,blank,,blank,,blank,,blank,,blank,,blank,,blank,,blank,,blank,,blank,,blank,,blank,,blank,,blank,,blank,,blank,,blank,,blank,,blank,,blank,,blank,,blank,,blank,,blank,,blank,,blank,,blank,,blank,,blank,,blank,,blank,,blank,,blank,,blank,,blank,,blank,,blank,,blank
VA-K,44,,         Manufacture of textiles and wearing apparel,,17; 18,,blank,,blank,,blank,,blank,,blank,,blank,,blank,,blank,,blank,,blank,,blank,,blank,,blank,,blank,,blank,,blank,,blank,,blank,,blank,,blank,,blank,,blank,,blank,,blank,,blank,,blank,,blank,,blank,,blank,,blank,,blank,,blank,,blank,,blank,,blank,,blank,,blank,,blank,,blank,,blank,,blank,,blank,,blank,,blank,,blank,,blank,,blank,,blank,,blank,,blank,,blank,,blank,,blank,,blank,,blank,,blank,,blank,,blank,,blank,,blank,,blank,,blank,,blank,,blank,,blank,,blank,,blank,,blank,,blank,,blank,,blank,,blank,,blank,,blank,,blank,,blank,,blank,,blank,,blank,,blank,,blank,,blank,,blank,,blank,,blank,,blank,,blank,,blank,,blank,,blank,,blank,,blank,,blank,,blank,,blank,,blank,,blank,,blank,,blank,,blank,,blank,,blank,,blank,,blank,,blank,,blank,,blank,,blank,,blank,,blank,,blank,,blank,,blank,,blank,,blank,,blank,,blank,,blank,,blank,,blank,,blank,,blank,,blank,,blank,,blank,,blank,,blank,,blank,,blank,,blank,,blank,,blank,,blank,,blank,,blank,,blank,,blank,,blank,,blank,,blank,,blank,,blank,,blank,,blank,,blank,,blank,,blank,,blank,,blank,,blank,,blank,,blank,,blank,,blank,,blank,,blank,,blank
VA-K,45,,            Manufacture of textiles,17,,,blank,,blank,,blank,,blank,,blank,,blank,,blank,,blank,,blank,,blank,,blank,,blank,,blank,,blank,,blank,,blank,,blank,,blank,,blank,,blank,,blank,,blank,,blank,,blank,,blank,,blank,,blank,,blank,,blank,,blank,,blank,,blank,,blank,,blank,,blank,,blank,,blank,,blank,,blank,,blank,,blank,,blank,,blank,,blank,,blank,,blank,,blank,,blank,,blank,,blank,,blank,,blank,,blank,,blank,,blank,,blank,,blank,,blank,,blank,,blank,,blank,,blank,,blank,,blank,,blank,,blank,,blank,,blank,,blank,,blank,,blank,,blank,,blank,,blank,,blank,,blank,,blank,,blank,,blank,,blank,,blank,,blank,,blank,,blank,,blank,,blank,,blank,,blank,,blank,,blank,,blank,,blank,,blank,,blank,,blank,,blank,,blank,,blank,,blank,,blank,,blank,,blank,,blank,,blank,,blank,,blank,,blank,,blank,,blank,,blank,,blank,,blank,,blank,,blank,,blank,,blank,,blank,,blank,,blank,,blank,,blank,,blank,,blank,,blank,,blank,,blank,,blank,,blank,,blank,,blank,,blank,,blank,,blank,,blank,,blank,,blank,,blank,,blank,,blank,,blank,,blank,,blank,,blank,,blank,,blank,,blank,,blank,,blank,,blank,,blank,,blank,,blank,,blank,,blank,,blank,,blank,,blank
VA-K,46,,         Manufacture of wearing apparel and leather,,18; 19,,blank,,blank,,blank,,blank,,blank,,blank,,blank,,blank,,blank,,blank,,blank,,blank,,blank,,blank,,blank,,blank,,blank,,blank,,blank,,blank,,blank,,blank,,blank,,blank,,blank,,blank,,blank,,blank,,blank,,blank,,blank,,blank,,blank,,blank,,blank,,blank,,blank,,blank,,blank,,blank,,blank,,blank,,blank,,blank,,blank,,blank,,blank,,blank,,blank,,blank,,blank,,blank,,blank,,blank,,blank,,blank,,blank,,blank,,blank,,blank,,blank,,blank,,blank,,blank,,blank,,blank,,blank,,blank,,blank,,blank,,blank,,blank,,blank,,blank,,blank,,blank,,blank,,blank,,blank,,blank,,blank,,blank,,blank,,blank,,blank,,blank,,blank,,blank,,blank,,blank,,blank,,blank,,blank,,blank,,blank,,blank,,blank,,blank,,blank,,blank,,blank,,blank,,blank,,blank,,blank,,blank,,blank,,blank,,blank,,blank,,blank,,blank,,blank,,blank,,blank,,blank,,blank,,blank,,blank,,blank,,blank,,blank,,blank,,blank,,blank,,blank,,blank,,blank,,blank,,blank,,blank,,blank,,blank,,blank,,blank,,blank,,blank,,blank,,blank,,blank,,blank,,blank,,blank,,blank,,blank,,blank,,blank,,blank,,blank,,blank,,blank,,blank,,blank,,blank,,blank,,blank,,blank
VA-K,47,,            Manufacture of wearing apparel; dressing and dyeing of fur,18,,,blank,,blank,,blank,,blank,,blank,,blank,,blank,,blank,,blank,,blank,,blank,,blank,,blank,,blank,,blank,,blank,,blank,,blank,,blank,,blank,,blank,,blank,,blank,,blank,,blank,,blank,,blank,,blank,,blank,,blank,,blank,,blank,,blank,,blank,,blank,,blank,,blank,,blank,,blank,,blank,,blank,,blank,,blank,,blank,,blank,,blank,,blank,,blank,,blank,,blank,,blank,,blank,,blank,,blank,,blank,,blank,,blank,,blank,,blank,,blank,,blank,,blank,,blank,,blank,,blank,,blank,,blank,,blank,,blank,,blank,,blank,,blank,,blank,,blank,,blank,,blank,,blank,,blank,,blank,,blank,,blank,,blank,,blank,,blank,,blank,,blank,,blank,,blank,,blank,,blank,,blank,,blank,,blank,,blank,,blank,,blank,,blank,,blank,,blank,,blank,,blank,,blank,,blank,,blank,,blank,,blank,,blank,,blank,,blank,,blank,,blank,,blank,,blank,,blank,,blank,,blank,,blank,,blank,,blank,,blank,,blank,,blank,,blank,,blank,,blank,,blank,,blank,,blank,,blank,,blank,,blank,,blank,,blank,,blank,,blank,,blank,,blank,,blank,,blank,,blank,,blank,,blank,,blank,,blank,,blank,,blank,,blank,,blank,,blank,,blank,,blank,,blank,,blank,,blank,,blank,,blank,,blank
VA-K,48,,"            Tanning and dressing of leather; manufacture of luggage, handbags, saddlery, harness and footwear",19,,,blank,,blank,,blank,,blank,,blank,,blank,,blank,,blank,,blank,,blank,,blank,,blank,,blank,,blank,,blank,,blank,,blank,,blank,,blank,,blank,,blank,,blank,,blank,,blank,,blank,,blank,,blank,,blank,,blank,,blank,,blank,,blank,,blank,,blank,,blank,,blank,,blank,,blank,,blank,,blank,,blank,,blank,,blank,,blank,,blank,,blank,,blank,,blank,,blank,,blank,,blank,,blank,,blank,,blank,,blank,,blank,,blank,,blank,,blank,,blank,,blank,,blank,,blank,,blank,,blank,,blank,,blank,,blank,,blank,,blank,,blank,,blank,,blank,,blank,,blank,,blank,,blank,,blank,,blank,,blank,,blank,,blank,,blank,,blank,,blank,,blank,,blank,,blank,,blank,,blank,,blank,,blank,,blank,,blank,,blank,,blank,,blank,,blank,,blank,,blank,,blank,,blank,,blank,,blank,,blank,,blank,,blank,,blank,,blank,,blank,,blank,,blank,,blank,,blank,,blank,,blank,,blank,,blank,,blank,,blank,,blank,,blank,,blank,,blank,,blank,,blank,,blank,,blank,,blank,,blank,,blank,,blank,,blank,,blank,,blank,,blank,,blank,,blank,,blank,,blank,,blank,,blank,,blank,,blank,,blank,,blank,,blank,,blank,,blank,,blank,,blank,,blank,,blank,,blank,,blank,,blank,,blank
VA-K,49,,      Manufacture of wood and paper products,,20; 21; 36,,blank,,blank,,blank,,blank,,blank,,blank,,blank,,blank,,blank,,blank,,blank,,blank,,blank,,blank,,blank,,blank,,blank,,blank,,blank,,blank,,blank,,blank,,blank,,blank,,blank,,blank,,blank,,blank,,blank,,blank,,blank,,blank,,blank,,blank,,blank,,blank,,blank,,blank,,blank,,blank,,blank,,blank,,blank,,blank,,blank,,blank,,blank,,blank,,blank,,blank,,blank,,blank,,blank,,blank,,blank,,blank,,blank,,blank,,blank,,blank,,blank,,blank,,blank,,blank,,blank,,blank,,blank,,blank,,blank,,blank,,blank,,blank,,blank,,blank,,blank,,blank,,blank,,blank,,blank,,blank,,blank,,blank,,blank,,blank,,blank,,blank,,blank,,blank,,blank,,blank,,blank,,blank,,blank,,blank,,blank,,blank,,blank,,blank,,blank,,blank,,blank,,blank,,blank,,blank,,blank,,blank,,blank,,blank,,blank,,blank,,blank,,blank,,blank,,blank,,blank,,blank,,blank,,blank,,blank,,blank,,blank,,blank,,blank,,blank,,blank,,blank,,blank,,blank,,blank,,blank,,blank,,blank,,blank,,blank,,blank,,blank,,blank,,blank,,blank,,blank,,blank,,blank,,blank,,blank,,blank,,blank,,blank,,blank,,blank,,blank,,blank,,blank,,blank,,blank,,blank,,blank,,blank
VA-K,50,,     Manufacture of paper and printing products,,21; 22,,blank,,blank,,blank,,blank,,blank,,blank,,blank,,blank,,blank,,blank,,blank,,blank,,blank,,blank,,blank,,blank,,blank,,blank,,blank,,blank,,blank,,blank,,blank,,blank,,blank,,blank,,blank,,blank,,blank,,blank,,blank,,blank,,blank,,blank,,blank,,blank,,blank,,blank,,blank,,blank,,blank,,blank,,blank,,blank,,blank,,blank,,blank,,blank,,blank,,blank,,blank,,blank,,blank,,blank,,blank,,blank,,blank,,blank,,blank,,blank,,blank,,blank,,blank,,blank,,blank,,blank,,blank,,blank,,blank,,blank,,blank,,blank,,blank,,blank,,blank,,blank,,blank,,blank,,blank,,blank,,blank,,blank,,blank,,blank,,blank,,blank,,blank,,blank,,blank,,blank,,blank,,blank,,blank,,blank,,blank,,blank,,blank,,blank,,blank,,blank,,blank,,blank,,blank,,blank,,blank,,blank,,blank,,blank,,blank,,blank,,blank,,blank,,blank,,blank,,blank,,blank,,blank,,blank,,blank,,blank,,blank,,blank,,blank,,blank,,blank,,blank,,blank,,blank,,blank,,blank,,blank,,blank,,blank,,blank,,blank,,blank,,blank,,blank,,blank,,blank,,blank,,blank,,blank,,blank,,blank,,blank,,blank,,blank,,blank,,blank,,blank,,blank,,blank,,blank,,blank,,blank,,blank
VA-K,51,,         Manufacture of wood and of products of wood and cork; manufacture of furniture,,20; 36,,blank,,blank,,blank,,blank,,blank,,blank,,blank,,blank,,blank,,blank,,blank,,blank,,blank,,blank,,blank,,blank,,blank,,blank,,blank,,blank,,blank,,blank,,blank,,blank,,blank,,blank,,blank,,blank,,blank,,blank,,blank,,blank,,blank,,blank,,blank,,blank,,blank,,blank,,blank,,blank,,blank,,blank,,blank,,blank,,blank,,blank,,blank,,blank,,blank,,blank,,blank,,blank,,blank,,blank,,blank,,blank,,blank,,blank,,blank,,blank,,blank,,blank,,blank,,blank,,blank,,blank,,blank,,blank,,blank,,blank,,blank,,blank,,blank,,blank,,blank,,blank,,blank,,blank,,blank,,blank,,blank,,blank,,blank,,blank,,blank,,blank,,blank,,blank,,blank,,blank,,blank,,blank,,blank,,blank,,blank,,blank,,blank,,blank,,blank,,blank,,blank,,blank,,blank,,blank,,blank,,blank,,blank,,blank,,blank,,blank,,blank,,blank,,blank,,blank,,blank,,blank,,blank,,blank,,blank,,blank,,blank,,blank,,blank,,blank,,blank,,blank,,blank,,blank,,blank,,blank,,blank,,blank,,blank,,blank,,blank,,blank,,blank,,blank,,blank,,blank,,blank,,blank,,blank,,blank,,blank,,blank,,blank,,blank,,blank,,blank,,blank,,blank,,blank,,blank,,blank,,blank,,blank
VA-K,52,,         Manufacture of paper and paper products,21,,,blank,,blank,,blank,,blank,,blank,,blank,,blank,,blank,,blank,,blank,,blank,,blank,,blank,,blank,,blank,,blank,,blank,,blank,,blank,,blank,,blank,,blank,,blank,,blank,,blank,,blank,,blank,,blank,,blank,,blank,,blank,,blank,,blank,,blank,,blank,,blank,,blank,,blank,,blank,,blank,,blank,,blank,,blank,,blank,,blank,,blank,,blank,,blank,,blank,,blank,,blank,,blank,,blank,,blank,,blank,,blank,,blank,,blank,,blank,,blank,,blank,,blank,,blank,,blank,,blank,,blank,,blank,,blank,,blank,,blank,,blank,,blank,,blank,,blank,,blank,,blank,,blank,,blank,,blank,,blank,,blank,,blank,,blank,,blank,,blank,,blank,,blank,,blank,,blank,,blank,,blank,,blank,,blank,,blank,,blank,,blank,,blank,,blank,,blank,,blank,,blank,,blank,,blank,,blank,,blank,,blank,,blank,,blank,,blank,,blank,,blank,,blank,,blank,,blank,,blank,,blank,,blank,,blank,,blank,,blank,,blank,,blank,,blank,,blank,,blank,,blank,,blank,,blank,,blank,,blank,,blank,,blank,,blank,,blank,,blank,,blank,,blank,,blank,,blank,,blank,,blank,,blank,,blank,,blank,,blank,,blank,,blank,,blank,,blank,,blank,,blank,,blank,,blank,,blank,,blank,,blank,,blank
VA-K,53,,"      Publishing, printing and reproduction of recorded media",22,,,blank,,blank,,blank,,blank,,blank,,blank,,blank,,blank,,blank,,blank,,blank,,blank,,blank,,blank,,blank,,blank,,blank,,blank,,blank,,blank,,blank,,blank,,blank,,blank,,blank,,blank,,blank,,blank,,blank,,blank,,blank,,blank,,blank,,blank,,blank,,blank,,blank,,blank,,blank,,blank,,blank,,blank,,blank,,blank,,blank,,blank,,blank,,blank,,blank,,blank,,blank,,blank,,blank,,blank,,blank,,blank,,blank,,blank,,blank,,blank,,blank,,blank,,blank,,blank,,blank,,blank,,blank,,blank,,blank,,blank,,blank,,blank,,blank,,blank,,blank,,blank,,blank,,blank,,blank,,blank,,blank,,blank,,blank,,blank,,blank,,blank,,blank,,blank,,blank,,blank,,blank,,blank,,blank,,blank,,blank,,blank,,blank,,blank,,blank,,blank,,blank,,blank,,blank,,blank,,blank,,blank,,blank,,blank,,blank,,blank,,blank,,blank,,blank,,blank,,blank,,blank,,blank,,blank,,blank,,blank,,blank,,blank,,blank,,blank,,blank,,blank,,blank,,blank,,blank,,blank,,blank,,blank,,blank,,blank,,blank,,blank,,blank,,blank,,blank,,blank,,blank,,blank,,blank,,blank,,blank,,blank,,blank,,blank,,blank,,blank,,blank,,blank,,blank,,blank,,blank,,blank,,blank
VA-K,54,,"      Manufacture of coke, refined petroleum products and nuclear fuel",23,,,blank,,blank,,blank,,blank,,blank,,blank,,blank,,blank,,blank,,blank,,blank,,blank,,blank,,blank,,blank,,blank,,blank,,blank,,blank,,blank,,blank,,blank,,blank,,blank,,blank,,blank,,blank,,blank,,blank,,blank,,blank,,blank,,blank,,blank,,blank,,blank,,blank,,blank,,blank,,blank,,blank,,blank,,blank,,blank,,blank,,blank,,blank,,blank,,blank,,blank,,blank,,blank,,blank,,blank,,blank,,blank,,blank,,blank,,blank,,blank,,blank,,blank,,blank,,blank,,blank,,blank,,blank,,blank,,blank,,blank,,blank,,blank,,blank,,blank,,blank,,blank,,blank,,blank,,blank,,blank,,blank,,blank,,blank,,blank,,blank,,blank,,blank,,blank,,blank,,blank,,blank,,blank,,blank,,blank,,blank,,blank,,blank,,blank,,blank,,blank,,blank,,blank,,blank,,blank,,blank,,blank,,blank,,blank,,blank,,blank,,blank,,blank,,blank,,blank,,blank,,blank,,blank,,blank,,blank,,blank,,blank,,blank,,blank,,blank,,blank,,blank,,blank,,blank,,blank,,blank,,blank,,blank,,blank,,blank,,blank,,blank,,blank,,blank,,blank,,blank,,blank,,blank,,blank,,blank,,blank,,blank,,blank,,blank,,blank,,blank,,blank,,blank,,blank,,blank,,blank,,blank,,blank
VA-K,55,,      Manufacture of chemicals and rubber,,24; 25,,blank,,blank,,blank,,blank,,blank,,blank,,blank,,blank,,blank,,blank,,blank,,blank,,blank,,blank,,blank,,blank,,blank,,blank,,blank,,blank,,blank,,blank,,blank,,blank,,blank,,blank,,blank,,blank,,blank,,blank,,blank,,blank,,blank,,blank,,blank,,blank,,blank,,blank,,blank,,blank,,blank,,blank,,blank,,blank,,blank,,blank,,blank,,blank,,blank,,blank,,blank,,blank,,blank,,blank,,blank,,blank,,blank,,blank,,blank,,blank,,blank,,blank,,blank,,blank,,blank,,blank,,blank,,blank,,blank,,blank,,blank,,blank,,blank,,blank,,blank,,blank,,blank,,blank,,blank,,blank,,blank,,blank,,blank,,blank,,blank,,blank,,blank,,blank,,blank,,blank,,blank,,blank,,blank,,blank,,blank,,blank,,blank,,blank,,blank,,blank,,blank,,blank,,blank,,blank,,blank,,blank,,blank,,blank,,blank,,blank,,blank,,blank,,blank,,blank,,blank,,blank,,blank,,blank,,blank,,blank,,blank,,blank,,blank,,blank,,blank,,blank,,blank,,blank,,blank,,blank,,blank,,blank,,blank,,blank,,blank,,blank,,blank,,blank,,blank,,blank,,blank,,blank,,blank,,blank,,blank,,blank,,blank,,blank,,blank,,blank,,blank,,blank,,blank,,blank,,blank,,blank,,blank
VA-K,56,,         Manufacture of chemicals and chemical products,24,,,blank,,blank,,blank,,blank,,blank,,blank,,blank,,blank,,blank,,blank,,blank,,blank,,blank,,blank,,blank,,blank,,blank,,blank,,blank,,blank,,blank,,blank,,blank,,blank,,blank,,blank,,blank,,blank,,blank,,blank,,blank,,blank,,blank,,blank,,blank,,blank,,blank,,blank,,blank,,blank,,blank,,blank,,blank,,blank,,blank,,blank,,blank,,blank,,blank,,blank,,blank,,blank,,blank,,blank,,blank,,blank,,blank,,blank,,blank,,blank,,blank,,blank,,blank,,blank,,blank,,blank,,blank,,blank,,blank,,blank,,blank,,blank,,blank,,blank,,blank,,blank,,blank,,blank,,blank,,blank,,blank,,blank,,blank,,blank,,blank,,blank,,blank,,blank,,blank,,blank,,blank,,blank,,blank,,blank,,blank,,blank,,blank,,blank,,blank,,blank,,blank,,blank,,blank,,blank,,blank,,blank,,blank,,blank,,blank,,blank,,blank,,blank,,blank,,blank,,blank,,blank,,blank,,blank,,blank,,blank,,blank,,blank,,blank,,blank,,blank,,blank,,blank,,blank,,blank,,blank,,blank,,blank,,blank,,blank,,blank,,blank,,blank,,blank,,blank,,blank,,blank,,blank,,blank,,blank,,blank,,blank,,blank,,blank,,blank,,blank,,blank,,blank,,blank,,blank,,blank,,blank,,blank
VA-K,57,,         Manufacture of rubber and plastics products,25,,,blank,,blank,,blank,,blank,,blank,,blank,,blank,,blank,,blank,,blank,,blank,,blank,,blank,,blank,,blank,,blank,,blank,,blank,,blank,,blank,,blank,,blank,,blank,,blank,,blank,,blank,,blank,,blank,,blank,,blank,,blank,,blank,,blank,,blank,,blank,,blank,,blank,,blank,,blank,,blank,,blank,,blank,,blank,,blank,,blank,,blank,,blank,,blank,,blank,,blank,,blank,,blank,,blank,,blank,,blank,,blank,,blank,,blank,,blank,,blank,,blank,,blank,,blank,,blank,,blank,,blank,,blank,,blank,,blank,,blank,,blank,,blank,,blank,,blank,,blank,,blank,,blank,,blank,,blank,,blank,,blank,,blank,,blank,,blank,,blank,,blank,,blank,,blank,,blank,,blank,,blank,,blank,,blank,,blank,,blank,,blank,,blank,,blank,,blank,,blank,,blank,,blank,,blank,,blank,,blank,,blank,,blank,,blank,,blank,,blank,,blank,,blank,,blank,,blank,,blank,,blank,,blank,,blank,,blank,,blank,,blank,,blank,,blank,,blank,,blank,,blank,,blank,,blank,,blank,,blank,,blank,,blank,,blank,,blank,,blank,,blank,,blank,,blank,,blank,,blank,,blank,,blank,,blank,,blank,,blank,,blank,,blank,,blank,,blank,,blank,,blank,,blank,,blank,,blank,,blank,,blank,,blank
VA-K,58,,      Manufacture of other non-metallic mineral products,26,,,blank,,blank,,blank,,blank,,blank,,blank,,blank,,blank,,blank,,blank,,blank,,blank,,blank,,blank,,blank,,blank,,blank,,blank,,blank,,blank,,blank,,blank,,blank,,blank,,blank,,blank,,blank,,blank,,blank,,blank,,blank,,blank,,blank,,blank,,blank,,blank,,blank,,blank,,blank,,blank,,blank,,blank,,blank,,blank,,blank,,blank,,blank,,blank,,blank,,blank,,blank,,blank,,blank,,blank,,blank,,blank,,blank,,blank,,blank,,blank,,blank,,blank,,blank,,blank,,blank,,blank,,blank,,blank,,blank,,blank,,blank,,blank,,blank,,blank,,blank,,blank,,blank,,blank,,blank,,blank,,blank,,blank,,blank,,blank,,blank,,blank,,blank,,blank,,blank,,blank,,blank,,blank,,blank,,blank,,blank,,blank,,blank,,blank,,blank,,blank,,blank,,blank,,blank,,blank,,blank,,blank,,blank,,blank,,blank,,blank,,blank,,blank,,blank,,blank,,blank,,blank,,blank,,blank,,blank,,blank,,blank,,blank,,blank,,blank,,blank,,blank,,blank,,blank,,blank,,blank,,blank,,blank,,blank,,blank,,blank,,blank,,blank,,blank,,blank,,blank,,blank,,blank,,blank,,blank,,blank,,blank,,blank,,blank,,blank,,blank,,blank,,blank,,blank,,blank,,blank,,blank,,blank
VA-K,59,,         Manufacture of glass and glass products,261,,,blank,,blank,,blank,,blank,,blank,,blank,,blank,,blank,,blank,,blank,,blank,,blank,,blank,,blank,,blank,,blank,,blank,,blank,,blank,,blank,,blank,,blank,,blank,,blank,,blank,,blank,,blank,,blank,,blank,,blank,,blank,,blank,,blank,,blank,,blank,,blank,,blank,,blank,,blank,,blank,,blank,,blank,,blank,,blank,,blank,,blank,,blank,,blank,,blank,,blank,,blank,,blank,,blank,,blank,,blank,,blank,,blank,,blank,,blank,,blank,,blank,,blank,,blank,,blank,,blank,,blank,,blank,,blank,,blank,,blank,,blank,,blank,,blank,,blank,,blank,,blank,,blank,,blank,,blank,,blank,,blank,,blank,,blank,,blank,,blank,,blank,,blank,,blank,,blank,,blank,,blank,,blank,,blank,,blank,,blank,,blank,,blank,,blank,,blank,,blank,,blank,,blank,,blank,,blank,,blank,,blank,,blank,,blank,,blank,,blank,,blank,,blank,,blank,,blank,,blank,,blank,,blank,,blank,,blank,,blank,,blank,,blank,,blank,,blank,,blank,,blank,,blank,,blank,,blank,,blank,,blank,,blank,,blank,,blank,,blank,,blank,,blank,,blank,,blank,,blank,,blank,,blank,,blank,,blank,,blank,,blank,,blank,,blank,,blank,,blank,,blank,,blank,,blank,,blank,,blank,,blank,,blank
VA-K,60,,         Manufacture of building materials,269,,,blank,,blank,,blank,,blank,,blank,,blank,,blank,,blank,,blank,,blank,,blank,,blank,,blank,,blank,,blank,,blank,,blank,,blank,,blank,,blank,,blank,,blank,,blank,,blank,,blank,,blank,,blank,,blank,,blank,,blank,,blank,,blank,,blank,,blank,,blank,,blank,,blank,,blank,,blank,,blank,,blank,,blank,,blank,,blank,,blank,,blank,,blank,,blank,,blank,,blank,,blank,,blank,,blank,,blank,,blank,,blank,,blank,,blank,,blank,,blank,,blank,,blank,,blank,,blank,,blank,,blank,,blank,,blank,,blank,,blank,,blank,,blank,,blank,,blank,,blank,,blank,,blank,,blank,,blank,,blank,,blank,,blank,,blank,,blank,,blank,,blank,,blank,,blank,,blank,,blank,,blank,,blank,,blank,,blank,,blank,,blank,,blank,,blank,,blank,,blank,,blank,,blank,,blank,,blank,,blank,,blank,,blank,,blank,,blank,,blank,,blank,,blank,,blank,,blank,,blank,,blank,,blank,,blank,,blank,,blank,,blank,,blank,,blank,,blank,,blank,,blank,,blank,,blank,,blank,,blank,,blank,,blank,,blank,,blank,,blank,,blank,,blank,,blank,,blank,,blank,,blank,,blank,,blank,,blank,,blank,,blank,,blank,,blank,,blank,,blank,,blank,,blank,,blank,,blank,,blank,,blank,,blank
VA-K,61,,      Manufacture of basic metals and metal products,,27; 28; 29; 30; 31; 32; 33; 34; 35,,blank,,blank,,blank,,blank,,blank,,blank,,blank,,blank,,blank,,blank,,blank,,blank,,blank,,blank,,blank,,blank,,blank,,blank,,blank,,blank,,blank,,blank,,blank,,blank,,blank,,blank,,blank,,blank,,blank,,blank,,blank,,blank,,blank,,blank,,blank,,blank,,blank,,blank,,blank,,blank,,blank,,blank,,blank,,blank,,blank,,blank,,blank,,blank,,blank,,blank,,blank,,blank,,blank,,blank,,blank,,blank,,blank,,blank,,blank,,blank,,blank,,blank,,blank,,blank,,blank,,blank,,blank,,blank,,blank,,blank,,blank,,blank,,blank,,blank,,blank,,blank,,blank,,blank,,blank,,blank,,blank,,blank,,blank,,blank,,blank,,blank,,blank,,blank,,blank,,blank,,blank,,blank,,blank,,blank,,blank,,blank,,blank,,blank,,blank,,blank,,blank,,blank,,blank,,blank,,blank,,blank,,blank,,blank,,blank,,blank,,blank,,blank,,blank,,blank,,blank,,blank,,blank,,blank,,blank,,blank,,blank,,blank,,blank,,blank,,blank,,blank,,blank,,blank,,blank,,blank,,blank,,blank,,blank,,blank,,blank,,blank,,blank,,blank,,blank,,blank,,blank,,blank,,blank,,blank,,blank,,blank,,blank,,blank,,blank,,blank,,blank,,blank,,blank,,blank,,blank,,blank,,blank
VA-K,62,,         Manufacture of basic metals,27,,,blank,,blank,,blank,,blank,,blank,,blank,,blank,,blank,,blank,,blank,,blank,,blank,,blank,,blank,,blank,,blank,,blank,,blank,,blank,,blank,,blank,,blank,,blank,,blank,,blank,,blank,,blank,,blank,,blank,,blank,,blank,,blank,,blank,,blank,,blank,,blank,,blank,,blank,,blank,,blank,,blank,,blank,,blank,,blank,,blank,,blank,,blank,,blank,,blank,,blank,,blank,,blank,,blank,,blank,,blank,,blank,,blank,,blank,,blank,,blank,,blank,,blank,,blank,,blank,,blank,,blank,,blank,,blank,,blank,,blank,,blank,,blank,,blank,,blank,,blank,,blank,,blank,,blank,,blank,,blank,,blank,,blank,,blank,,blank,,blank,,blank,,blank,,blank,,blank,,blank,,blank,,blank,,blank,,blank,,blank,,blank,,blank,,blank,,blank,,blank,,blank,,blank,,blank,,blank,,blank,,blank,,blank,,blank,,blank,,blank,,blank,,blank,,blank,,blank,,blank,,blank,,blank,,blank,,blank,,blank,,blank,,blank,,blank,,blank,,blank,,blank,,blank,,blank,,blank,,blank,,blank,,blank,,blank,,blank,,blank,,blank,,blank,,blank,,blank,,blank,,blank,,blank,,blank,,blank,,blank,,blank,,blank,,blank,,blank,,blank,,blank,,blank,,blank,,blank,,blank,,blank,,blank
VA-K,63,,            Manufacture of basic iron and steel; casting of metals,,271; 273,,blank,,blank,,blank,,blank,,blank,,blank,,blank,,blank,,blank,,blank,,blank,,blank,,blank,,blank,,blank,,blank,,blank,,blank,,blank,,blank,,blank,,blank,,blank,,blank,,blank,,blank,,blank,,blank,,blank,,blank,,blank,,blank,,blank,,blank,,blank,,blank,,blank,,blank,,blank,,blank,,blank,,blank,,blank,,blank,,blank,,blank,,blank,,blank,,blank,,blank,,blank,,blank,,blank,,blank,,blank,,blank,,blank,,blank,,blank,,blank,,blank,,blank,,blank,,blank,,blank,,blank,,blank,,blank,,blank,,blank,,blank,,blank,,blank,,blank,,blank,,blank,,blank,,blank,,blank,,blank,,blank,,blank,,blank,,blank,,blank,,blank,,blank,,blank,,blank,,blank,,blank,,blank,,blank,,blank,,blank,,blank,,blank,,blank,,blank,,blank,,blank,,blank,,blank,,blank,,blank,,blank,,blank,,blank,,blank,,blank,,blank,,blank,,blank,,blank,,blank,,blank,,blank,,blank,,blank,,blank,,blank,,blank,,blank,,blank,,blank,,blank,,blank,,blank,,blank,,blank,,blank,,blank,,blank,,blank,,blank,,blank,,blank,,blank,,blank,,blank,,blank,,blank,,blank,,blank,,blank,,blank,,blank,,blank,,blank,,blank,,blank,,blank,,blank,,blank,,blank,,blank,,blank
VA-K,64,,            Manufacture of basic precious and non-ferrous metals,272,,,blank,,blank,,blank,,blank,,blank,,blank,,blank,,blank,,blank,,blank,,blank,,blank,,blank,,blank,,blank,,blank,,blank,,blank,,blank,,blank,,blank,,blank,,blank,,blank,,blank,,blank,,blank,,blank,,blank,,blank,,blank,,blank,,blank,,blank,,blank,,blank,,blank,,blank,,blank,,blank,,blank,,blank,,blank,,blank,,blank,,blank,,blank,,blank,,blank,,blank,,blank,,blank,,blank,,blank,,blank,,blank,,blank,,blank,,blank,,blank,,blank,,blank,,blank,,blank,,blank,,blank,,blank,,blank,,blank,,blank,,blank,,blank,,blank,,blank,,blank,,blank,,blank,,blank,,blank,,blank,,blank,,blank,,blank,,blank,,blank,,blank,,blank,,blank,,blank,,blank,,blank,,blank,,blank,,blank,,blank,,blank,,blank,,blank,,blank,,blank,,blank,,blank,,blank,,blank,,blank,,blank,,blank,,blank,,blank,,blank,,blank,,blank,,blank,,blank,,blank,,blank,,blank,,blank,,blank,,blank,,blank,,blank,,blank,,blank,,blank,,blank,,blank,,blank,,blank,,blank,,blank,,blank,,blank,,blank,,blank,,blank,,blank,,blank,,blank,,blank,,blank,,blank,,blank,,blank,,blank,,blank,,blank,,blank,,blank,,blank,,blank,,blank,,blank,,blank,,blank,,blank,,blank
VA-K,65,,"         Manufacture of metal products, machinery and transport equipment",,28; 29; 30; 31; 32; 33; 34; 35,,blank,,blank,,blank,,blank,,blank,,blank,,blank,,blank,,blank,,blank,,blank,,blank,,blank,,blank,,blank,,blank,,blank,,blank,,blank,,blank,,blank,,blank,,blank,,blank,,blank,,blank,,blank,,blank,,blank,,blank,,blank,,blank,,blank,,blank,,blank,,blank,,blank,,blank,,blank,,blank,,blank,,blank,,blank,,blank,,blank,,blank,,blank,,blank,,blank,,blank,,blank,,blank,,blank,,blank,,blank,,blank,,blank,,blank,,blank,,blank,,blank,,blank,,blank,,blank,,blank,,blank,,blank,,blank,,blank,,blank,,blank,,blank,,blank,,blank,,blank,,blank,,blank,,blank,,blank,,blank,,blank,,blank,,blank,,blank,,blank,,blank,,blank,,blank,,blank,,blank,,blank,,blank,,blank,,blank,,blank,,blank,,blank,,blank,,blank,,blank,,blank,,blank,,blank,,blank,,blank,,blank,,blank,,blank,,blank,,blank,,blank,,blank,,blank,,blank,,blank,,blank,,blank,,blank,,blank,,blank,,blank,,blank,,blank,,blank,,blank,,blank,,blank,,blank,,blank,,blank,,blank,,blank,,blank,,blank,,blank,,blank,,blank,,blank,,blank,,blank,,blank,,blank,,blank,,blank,,blank,,blank,,blank,,blank,,blank,,blank,,blank,,blank,,blank,,blank,,blank,,blank,,blank
VA-K,66,,            Manufacture of metal products and machinery,,28; 29; 30; 31; 32,,blank,,blank,,blank,,blank,,blank,,blank,,blank,,blank,,blank,,blank,,blank,,blank,,blank,,blank,,blank,,blank,,blank,,blank,,blank,,blank,,blank,,blank,,blank,,blank,,blank,,blank,,blank,,blank,,blank,,blank,,blank,,blank,,blank,,blank,,blank,,blank,,blank,,blank,,blank,,blank,,blank,,blank,,blank,,blank,,blank,,blank,,blank,,blank,,blank,,blank,,blank,,blank,,blank,,blank,,blank,,blank,,blank,,blank,,blank,,blank,,blank,,blank,,blank,,blank,,blank,,blank,,blank,,blank,,blank,,blank,,blank,,blank,,blank,,blank,,blank,,blank,,blank,,blank,,blank,,blank,,blank,,blank,,blank,,blank,,blank,,blank,,blank,,blank,,blank,,blank,,blank,,blank,,blank,,blank,,blank,,blank,,blank,,blank,,blank,,blank,,blank,,blank,,blank,,blank,,blank,,blank,,blank,,blank,,blank,,blank,,blank,,blank,,blank,,blank,,blank,,blank,,blank,,blank,,blank,,blank,,blank,,blank,,blank,,blank,,blank,,blank,,blank,,blank,,blank,,blank,,blank,,blank,,blank,,blank,,blank,,blank,,blank,,blank,,blank,,blank,,blank,,blank,,blank,,blank,,blank,,blank,,blank,,blank,,blank,,blank,,blank,,blank,,blank,,blank,,blank,,blank,,blank
VA-K,67,,"               Manufacture of fabricated metal products, except machinery and equipment",28,,,blank,,blank,,blank,,blank,,blank,,blank,,blank,,blank,,blank,,blank,,blank,,blank,,blank,,blank,,blank,,blank,,blank,,blank,,blank,,blank,,blank,,blank,,blank,,blank,,blank,,blank,,blank,,blank,,blank,,blank,,blank,,blank,,blank,,blank,,blank,,blank,,blank,,blank,,blank,,blank,,blank,,blank,,blank,,blank,,blank,,blank,,blank,,blank,,blank,,blank,,blank,,blank,,blank,,blank,,blank,,blank,,blank,,blank,,blank,,blank,,blank,,blank,,blank,,blank,,blank,,blank,,blank,,blank,,blank,,blank,,blank,,blank,,blank,,blank,,blank,,blank,,blank,,blank,,blank,,blank,,blank,,blank,,blank,,blank,,blank,,blank,,blank,,blank,,blank,,blank,,blank,,blank,,blank,,blank,,blank,,blank,,blank,,blank,,blank,,blank,,blank,,blank,,blank,,blank,,blank,,blank,,blank,,blank,,blank,,blank,,blank,,blank,,blank,,blank,,blank,,blank,,blank,,blank,,blank,,blank,,blank,,blank,,blank,,blank,,blank,,blank,,blank,,blank,,blank,,blank,,blank,,blank,,blank,,blank,,blank,,blank,,blank,,blank,,blank,,blank,,blank,,blank,,blank,,blank,,blank,,blank,,blank,,blank,,blank,,blank,,blank,,blank,,blank,,blank,,blank,,blank,,blank
VA-K,68,,"               Manufacture of machinery and equipment; office, accounting and computing machinery",,29; 30,,blank,,blank,,blank,,blank,,blank,,blank,,blank,,blank,,blank,,blank,,blank,,blank,,blank,,blank,,blank,,blank,,blank,,blank,,blank,,blank,,blank,,blank,,blank,,blank,,blank,,blank,,blank,,blank,,blank,,blank,,blank,,blank,,blank,,blank,,blank,,blank,,blank,,blank,,blank,,blank,,blank,,blank,,blank,,blank,,blank,,blank,,blank,,blank,,blank,,blank,,blank,,blank,,blank,,blank,,blank,,blank,,blank,,blank,,blank,,blank,,blank,,blank,,blank,,blank,,blank,,blank,,blank,,blank,,blank,,blank,,blank,,blank,,blank,,blank,,blank,,blank,,blank,,blank,,blank,,blank,,blank,,blank,,blank,,blank,,blank,,blank,,blank,,blank,,blank,,blank,,blank,,blank,,blank,,blank,,blank,,blank,,blank,,blank,,blank,,blank,,blank,,blank,,blank,,blank,,blank,,blank,,blank,,blank,,blank,,blank,,blank,,blank,,blank,,blank,,blank,,blank,,blank,,blank,,blank,,blank,,blank,,blank,,blank,,blank,,blank,,blank,,blank,,blank,,blank,,blank,,blank,,blank,,blank,,blank,,blank,,blank,,blank,,blank,,blank,,blank,,blank,,blank,,blank,,blank,,blank,,blank,,blank,,blank,,blank,,blank,,blank,,blank,,blank,,blank,,blank,,blank,,blank
VA-K,69,,               Manufacture of electrical machinery and apparatus,31,,,blank,,blank,,blank,,blank,,blank,,blank,,blank,,blank,,blank,,blank,,blank,,blank,,blank,,blank,,blank,,blank,,blank,,blank,,blank,,blank,,blank,,blank,,blank,,blank,,blank,,blank,,blank,,blank,,blank,,blank,,blank,,blank,,blank,,blank,,blank,,blank,,blank,,blank,,blank,,blank,,blank,,blank,,blank,,blank,,blank,,blank,,blank,,blank,,blank,,blank,,blank,,blank,,blank,,blank,,blank,,blank,,blank,,blank,,blank,,blank,,blank,,blank,,blank,,blank,,blank,,blank,,blank,,blank,,blank,,blank,,blank,,blank,,blank,,blank,,blank,,blank,,blank,,blank,,blank,,blank,,blank,,blank,,blank,,blank,,blank,,blank,,blank,,blank,,blank,,blank,,blank,,blank,,blank,,blank,,blank,,blank,,blank,,blank,,blank,,blank,,blank,,blank,,blank,,blank,,blank,,blank,,blank,,blank,,blank,,blank,,blank,,blank,,blank,,blank,,blank,,blank,,blank,,blank,,blank,,blank,,blank,,blank,,blank,,blank,,blank,,blank,,blank,,blank,,blank,,blank,,blank,,blank,,blank,,blank,,blank,,blank,,blank,,blank,,blank,,blank,,blank,,blank,,blank,,blank,,blank,,blank,,blank,,blank,,blank,,blank,,blank,,blank,,blank,,blank,,blank,,blank,,blank
VA-K,70,,"               Manufacture of radio, television and communication equipment and apparatus",32,,,blank,,blank,,blank,,blank,,blank,,blank,,blank,,blank,,blank,,blank,,blank,,blank,,blank,,blank,,blank,,blank,,blank,,blank,,blank,,blank,,blank,,blank,,blank,,blank,,blank,,blank,,blank,,blank,,blank,,blank,,blank,,blank,,blank,,blank,,blank,,blank,,blank,,blank,,blank,,blank,,blank,,blank,,blank,,blank,,blank,,blank,,blank,,blank,,blank,,blank,,blank,,blank,,blank,,blank,,blank,,blank,,blank,,blank,,blank,,blank,,blank,,blank,,blank,,blank,,blank,,blank,,blank,,blank,,blank,,blank,,blank,,blank,,blank,,blank,,blank,,blank,,blank,,blank,,blank,,blank,,blank,,blank,,blank,,blank,,blank,,blank,,blank,,blank,,blank,,blank,,blank,,blank,,blank,,blank,,blank,,blank,,blank,,blank,,blank,,blank,,blank,,blank,,blank,,blank,,blank,,blank,,blank,,blank,,blank,,blank,,blank,,blank,,blank,,blank,,blank,,blank,,blank,,blank,,blank,,blank,,blank,,blank,,blank,,blank,,blank,,blank,,blank,,blank,,blank,,blank,,blank,,blank,,blank,,blank,,blank,,blank,,blank,,blank,,blank,,blank,,blank,,blank,,blank,,blank,,blank,,blank,,blank,,blank,,blank,,blank,,blank,,blank,,blank,,blank,,blank,,blank,,blank
VA-K,71,,"               Manufacture of medical, precision and optical instruments, watches and clocks",33,,,blank,,blank,,blank,,blank,,blank,,blank,,blank,,blank,,blank,,blank,,blank,,blank,,blank,,blank,,blank,,blank,,blank,,blank,,blank,,blank,,blank,,blank,,blank,,blank,,blank,,blank,,blank,,blank,,blank,,blank,,blank,,blank,,blank,,blank,,blank,,blank,,blank,,blank,,blank,,blank,,blank,,blank,,blank,,blank,,blank,,blank,,blank,,blank,,blank,,blank,,blank,,blank,,blank,,blank,,blank,,blank,,blank,,blank,,blank,,blank,,blank,,blank,,blank,,blank,,blank,,blank,,blank,,blank,,blank,,blank,,blank,,blank,,blank,,blank,,blank,,blank,,blank,,blank,,blank,,blank,,blank,,blank,,blank,,blank,,blank,,blank,,blank,,blank,,blank,,blank,,blank,,blank,,blank,,blank,,blank,,blank,,blank,,blank,,blank,,blank,,blank,,blank,,blank,,blank,,blank,,blank,,blank,,blank,,blank,,blank,,blank,,blank,,blank,,blank,,blank,,blank,,blank,,blank,,blank,,blank,,blank,,blank,,blank,,blank,,blank,,blank,,blank,,blank,,blank,,blank,,blank,,blank,,blank,,blank,,blank,,blank,,blank,,blank,,blank,,blank,,blank,,blank,,blank,,blank,,blank,,blank,,blank,,blank,,blank,,blank,,blank,,blank,,blank,,blank,,blank,,blank,,blank
VA-K,72,,"            Manufacture of motor vehicles, and other transport equipment",,34; 35,,blank,,blank,,blank,,blank,,blank,,blank,,blank,,blank,,blank,,blank,,blank,,blank,,blank,,blank,,blank,,blank,,blank,,blank,,blank,,blank,,blank,,blank,,blank,,blank,,blank,,blank,,blank,,blank,,blank,,blank,,blank,,blank,,blank,,blank,,blank,,blank,,blank,,blank,,blank,,blank,,blank,,blank,,blank,,blank,,blank,,blank,,blank,,blank,,blank,,blank,,blank,,blank,,blank,,blank,,blank,,blank,,blank,,blank,,blank,,blank,,blank,,blank,,blank,,blank,,blank,,blank,,blank,,blank,,blank,,blank,,blank,,blank,,blank,,blank,,blank,,blank,,blank,,blank,,blank,,blank,,blank,,blank,,blank,,blank,,blank,,blank,,blank,,blank,,blank,,blank,,blank,,blank,,blank,,blank,,blank,,blank,,blank,,blank,,blank,,blank,,blank,,blank,,blank,,blank,,blank,,blank,,blank,,blank,,blank,,blank,,blank,,blank,,blank,,blank,,blank,,blank,,blank,,blank,,blank,,blank,,blank,,blank,,blank,,blank,,blank,,blank,,blank,,blank,,blank,,blank,,blank,,blank,,blank,,blank,,blank,,blank,,blank,,blank,,blank,,blank,,blank,,blank,,blank,,blank,,blank,,blank,,blank,,blank,,blank,,blank,,blank,,blank,,blank,,blank,,blank,,blank,,blank
VA-K,73,,      Other industry,,MISCi,,blank,,blank,,blank,,blank,,blank,,blank,,blank,,blank,,blank,,blank,,blank,,blank,,blank,,blank,,blank,,blank,,blank,,blank,,blank,,blank,,blank,,blank,,blank,,blank,,blank,,blank,,blank,,blank,,blank,,blank,,blank,,blank,,blank,,blank,,blank,,blank,,blank,,blank,,blank,,blank,,blank,,blank,,blank,,blank,,blank,,blank,,blank,,blank,,blank,,blank,,blank,,blank,,blank,,blank,,blank,,blank,,blank,,blank,,blank,,blank,,blank,,blank,,blank,,blank,,blank,,blank,,blank,,blank,,blank,,blank,,blank,,blank,,blank,,blank,,blank,,blank,,blank,,blank,,blank,,blank,,blank,,blank,,blank,,blank,,blank,,blank,,blank,,blank,,blank,,blank,,blank,,blank,,blank,,blank,,blank,,blank,,blank,,blank,,blank,,blank,,blank,,blank,,blank,,blank,,blank,,blank,,blank,,blank,,blank,,blank,,blank,,blank,,blank,,blank,,blank,,blank,,blank,,blank,,blank,,blank,,blank,,blank,,blank,,blank,,blank,,blank,,blank,,blank,,blank,,blank,,blank,,blank,,blank,,blank,,blank,,blank,,blank,,blank,,blank,,blank,,blank,,blank,,blank,,blank,,blank,,blank,,blank,,blank,,blank,,blank,,blank,,blank,,blank,,blank,,blank,,blank,,blank
VA-K,74,,"   ELECTRICITY, GAS AND WATER SUPPLY",,E,,blank,,blank,,blank,,blank,,blank,,blank,,blank,,blank,,blank,,blank,,blank,,blank,,blank,,blank,,blank,,blank,,blank,,blank,,blank,,blank,,blank,,blank,,blank,,blank,,blank,,blank,,blank,,blank,,blank,,blank,,blank,,blank,,blank,,blank,,blank,,blank,,blank,,blank,,blank,,blank,,blank,,blank,,blank,,blank,,blank,,blank,,blank,,blank,,blank,,blank,,blank,,blank,,blank,,blank,,blank,,blank,,blank,,blank,,blank,,blank,,blank,,blank,,blank,,blank,,blank,,blank,,blank,,blank,,blank,,blank,,blank,,blank,,blank,,blank,,blank,,blank,,blank,,blank,,blank,,blank,,blank,,blank,,blank,,blank,,blank,,blank,,blank,,blank,,blank,,blank,,blank,,blank,,blank,,blank,,blank,,blank,,blank,,blank,,blank,,blank,,blank,,blank,,blank,,blank,,blank,,blank,,blank,,blank,,blank,,blank,,blank,,blank,,blank,,blank,,blank,,blank,,blank,,blank,,blank,,blank,,blank,,blank,,blank,,blank,,blank,,blank,,blank,,blank,,blank,,blank,,blank,,blank,,blank,,blank,,blank,,blank,,blank,,blank,,blank,,blank,,blank,,blank,,blank,,blank,,blank,,blank,,blank,,blank,,blank,,blank,,blank,,blank,,blank,,blank,,blank,,blank,,blank
VA-K,75,,"      Electricity, gas, steam and hot water supply",40,,,blank,,blank,,blank,,blank,,blank,,blank,,blank,,blank,,blank,,blank,,blank,,blank,,blank,,blank,,blank,,blank,,blank,,blank,,blank,,blank,,blank,,blank,,blank,,blank,,blank,,blank,,blank,,blank,,blank,,blank,,blank,,blank,,blank,,blank,,blank,,blank,,blank,,blank,,blank,,blank,,blank,,blank,,blank,,blank,,blank,,blank,,blank,,blank,,blank,,blank,,blank,,blank,,blank,,blank,,blank,,blank,,blank,,blank,,blank,,blank,,blank,,blank,,blank,,blank,,blank,,blank,,blank,,blank,,blank,,blank,,blank,,blank,,blank,,blank,,blank,,blank,,blank,,blank,,blank,,blank,,blank,,blank,,blank,,blank,,blank,,blank,,blank,,blank,,blank,,blank,,blank,,blank,,blank,,blank,,blank,,blank,,blank,,blank,,blank,,blank,,blank,,blank,,blank,,blank,,blank,,blank,,blank,,blank,,blank,,blank,,blank,,blank,,blank,,blank,,blank,,blank,,blank,,blank,,blank,,blank,,blank,,blank,,blank,,blank,,blank,,blank,,blank,,blank,,blank,,blank,,blank,,blank,,blank,,blank,,blank,,blank,,blank,,blank,,blank,,blank,,blank,,blank,,blank,,blank,,blank,,blank,,blank,,blank,,blank,,blank,,blank,,blank,,blank,,blank,,blank,,blank,,blank
VA-K,76,,"      Collection, purification and distribution of water",41,,,blank,,blank,,blank,,blank,,blank,,blank,,blank,,blank,,blank,,blank,,blank,,blank,,blank,,blank,,blank,,blank,,blank,,blank,,blank,,blank,,blank,,blank,,blank,,blank,,blank,,blank,,blank,,blank,,blank,,blank,,blank,,blank,,blank,,blank,,blank,,blank,,blank,,blank,,blank,,blank,,blank,,blank,,blank,,blank,,blank,,blank,,blank,,blank,,blank,,blank,,blank,,blank,,blank,,blank,,blank,,blank,,blank,,blank,,blank,,blank,,blank,,blank,,blank,,blank,,blank,,blank,,blank,,blank,,blank,,blank,,blank,,blank,,blank,,blank,,blank,,blank,,blank,,blank,,blank,,blank,,blank,,blank,,blank,,blank,,blank,,blank,,blank,,blank,,blank,,blank,,blank,,blank,,blank,,blank,,blank,,blank,,blank,,blank,,blank,,blank,,blank,,blank,,blank,,blank,,blank,,blank,,blank,,blank,,blank,,blank,,blank,,blank,,blank,,blank,,blank,,blank,,blank,,blank,,blank,,blank,,blank,,blank,,blank,,blank,,blank,,blank,,blank,,blank,,blank,,blank,,blank,,blank,,blank,,blank,,blank,,blank,,blank,,blank,,blank,,blank,,blank,,blank,,blank,,blank,,blank,,blank,,blank,,blank,,blank,,blank,,blank,,blank,,blank,,blank,,blank,,blank,,blank
VA-K,77,,   CONSTRUCTION,,F,,blank,,blank,,blank,,blank,,blank,,blank,,blank,,blank,,blank,,blank,,blank,,blank,,blank,,blank,,blank,,blank,,blank,,blank,,blank,,blank,,blank,,blank,,blank,,blank,,blank,,blank,,blank,,blank,,blank,,blank,,blank,,blank,,blank,,blank,,blank,,blank,,blank,,blank,,blank,,blank,,blank,,blank,,blank,,blank,,blank,,blank,,blank,,blank,,blank,,blank,,blank,,blank,,blank,,blank,,blank,,blank,,blank,,blank,,blank,,blank,,blank,,blank,,blank,,blank,,blank,,blank,,blank,,blank,,blank,,blank,,blank,,blank,,blank,,blank,,blank,,blank,,blank,,blank,,blank,,blank,,blank,,blank,,blank,,blank,,blank,,blank,,blank,,blank,,blank,,blank,,blank,,blank,,blank,,blank,,blank,,blank,,blank,,blank,,blank,,blank,,blank,,blank,,blank,,blank,,blank,,blank,,blank,,blank,,blank,,blank,,blank,,blank,,blank,,blank,,blank,,blank,,blank,,blank,,blank,,blank,,blank,,blank,,blank,,blank,,blank,,blank,,blank,,blank,,blank,,blank,,blank,,blank,,blank,,blank,,blank,,blank,,blank,,blank,,blank,,blank,,blank,,blank,,blank,,blank,,blank,,blank,,blank,,blank,,blank,,blank,,blank,,blank,,blank,,blank,,blank,,blank,,blank
VA-K,78,,"TRADE, HOTELS AND RESTAURANTS",,G; H,,blank,229.7766232603228,,234.91267759542563,,239.63308145600627,,246.07980929308866,,236.88536820918762,,242.5574648785651,,247.38406651284595,,247.93868357646988,,240.576170221793,,254.14086757480442,,264.95759798415753,,251.76584113811896,,258.6526314097099,,254.92662953333513,,272.57582632749694,,278.97277380028015,,288.3378276401861,,296.64373710334723,,299.25973385924345,,304.4540545206544,,310.0990930758535,,338.4622731475492,,363.9311584052985,,383.36041381658833,,390.83351462566327,,403.33087885805674,,399.2670962334762,,422.34270377495284,,449.19308841318946,,480.15352105022635,,496.83077254164675,,516.3178573072826,,505.628992849508,,539.3612628255909,,602.6454746017417,,623.1514750373825,,633.7135280177279,,687.1279366388219,,674.4723950537391,,705.9015486718733,,738.5552826348425,,719.2113731007533,,708.3519630462343,,728.4771275698088,,727.8246735481224,,771.8386842309485,,766.7182188292234,,791.3623935330047,,808.5534447762673,,785.6832016857899,,791.6890476908884,,787.899850925786,,840.6557914690597,,844.3961053344781,,890.6863935999971,,890.5946888357338,,910.097358356594,,895.9850291115612,,932.6273570913124,,957.0989324273685,,991.7757976622884,,1049.9778725376311,,1084.8481646506712,,1088.3461745988861,,1119.7515271554425,,1115.9399791515775,,1128.329431556047,,1182.1194746290707,,1228.5085580351783,,1275.3772568570444,,1353.7219038325798,,1383.819826140867,,1404.8761990001713,,1371.9854702296502,,1415.365637086361,,1493.7408067772897,,1548.0605689899344,,1607.603672557825,,1634.2744496581604,,,blank,,blank,,blank,,blank,,blank,,blank,1109.6606357626001,,1162.632474016592,,1455.4566859045135,,1536.6495054227328,,1690.9729588516425,,1697.4773158537557,,1809.7880835845947,,1863.7180076239729,,1960.4518632178833,,2022.8943755142236,,1964.260447042429,,1830.6758901094377,,1604.5604769231495,,1558.375661578801,,1539.4297400429227,,1660.9929636738148,,1804.6002722597455,,1963.4643401067888,,1775.051306581799,,1603.2918202605354,,,blank,,blank,,blank,,blank,,blank,,blank,1652.3957453174198,,2059.01149979595,,2058.0820440161615,,2090.701933951405,,2280.595672498921,,2483.3016597627575,,2516.0967455844266,,2669.61263198617,,,blank,,blank,,blank,,blank,,blank,,blank,,blank,,blank,,blank,,blank,,blank,,blank,,blank,,blank,,blank,,blank,,blank,,blank,,blank,,blank,,blank,,blank,,blank,,blank,,blank,,blank,,blank,,blank,,blank,,blank,,blank,,blank,,blank,,blank,,blank,,blank,,blank
VA-K,79,,   TRADE,,G,,blank,119.11566659818271,,124.37373163477787,,128.47590205952014,,128.04451063921624,,126.34760708501045,,133.0846408212501,,137.6217549449072,,140.55112474032262,,138.59800522690006,,138.78636094057276,,152.08182023800447,,149.02955483281903,,164.17975910912037,,151.8698889003974,,163.4007461891193,,164.65713359249895,,172.85599932208623,,184.7250475617547,,189.63805123679302,,203.08476290738548,,206.03925458663005,,229.38511995277273,,239.60982495529146,,237.15036030309415,,238.66746258841593,,259.2056696217039,,264.8139263480188,,279.4073817890322,,296.88238396781077,,319.9299670567397,,327.4724926459345,,343.1137180232575,,341.8451467509799,,372.50815747756604,,417.381725138889,,430.94880921662775,,459.0462554022331,,486.9176750692344,,457.24771979429397,,489.8461567188939,,498.32612810436734,,481.3882065792293,,486.0856107120425,,506.4424180116523,,505.92274456704286,,535.6995457330875,,534.5745151410999,,560.5568954931811,,574.838778875593,,543.8663929484245,,544.0132680619831,,543.1174203934893,,580.7931892759619,,586.2951461325777,,625.0642276681936,,619.5000398786328,,630.6630779792763,,616.2437412374868,,645.2484938991557,,660.8012966950796,,680.1608042755843,,722.1295151385864,,729.7315503889513,,741.992151464173,,758.317541795681,,740.2377615510298,,741.6094402199468,,803.5748713754663,,855.4269486649188,,891.0430625160243,,929.8126815330994,,954.9831733468895,,986.62110249133,,954.9190838497866,,999.1691635489017,,1064.8381354942971,,1103.7708949579016,,1157.6192289976575,,1165.9097453547774,,,blank,,blank,,blank,,blank,,blank,,blank,858.4863760322833,,862.3838071418062,,1065.557714942238,,1135.8013318742503,,1281.2782135977468,,1277.2661923157718,,1372.5496015094145,,1433.8382149679287,,1493.015480585752,,1535.5026752965382,,1428.4132208418919,,1259.2638269251624,,1075.8157877299557,,1046.6738089362555,,1015.9926523934633,,1138.6018775448067,,1282.7204191891788,,1445.4664107178553,,1257.3734698486635,,1126.9201067715137,,,blank,,blank,,blank,,blank,,blank,,blank,1027.8109375326,,1311.4707485705833,,1318.898479466416,,1338.8370939638814,,1496.1652957699123,,1666.811752212702,,1618.051486047148,,1705.1638145252177,,,blank,,blank,,blank,,blank,,blank,,blank,,blank,,blank,,blank,,blank,,blank,,blank,,blank,,blank,,blank,,blank,,blank,,blank,,blank,,blank,,blank,,blank,,blank,,blank,,blank,,blank,,blank,,blank,,blank,,blank,,blank,,blank,,blank,,blank,,blank,,blank,,blank
VA-K,80,,   HOTELS AND RESTAURANTS,,H,,blank,110.66095666214008,,110.53894596064775,,111.15717939648613,,118.03529865387243,,110.53776112417715,,109.47282405731498,,109.76231156793877,,107.38755883614726,,101.97816499489296,,115.35450663423164,,112.87577774615305,,102.73628630529994,,94.47287230058951,,103.05674063293775,,109.17508013837764,,114.31564020778117,,115.48182831809986,,111.91868954159254,,109.62168262245042,,101.36929161326891,,104.05983848922342,,109.07715319477644,,124.32133345000706,,146.21005351349416,,152.16605203724737,,144.1252092363528,,134.45316988545736,,142.93532198592067,,152.31070444537872,,160.22355399348663,,169.3582798957123,,173.20413928402502,,163.78384609852813,,166.85310534802485,,185.26374946285273,,192.2026658207548,,174.66727261549482,,200.2102615695875,,217.22467525944515,,216.0553919529795,,240.2291545304751,,237.82316652152403,,222.26635233419185,,222.03470955815652,,221.90192898107958,,236.139138497861,,232.14370368812348,,230.80549803982368,,233.7146659006743,,241.81680873736536,,247.67577962890533,,244.78243053229676,,259.86260219309776,,258.10095920190037,,265.6221659318036,,271.09464895710096,,279.43428037731763,,279.7412878740744,,287.3788631921567,,296.29763573228894,,311.61499338670416,,327.8483573990447,,355.1166142617198,,346.354023134713,,361.4339853597616,,375.70221760054767,,386.7199913361001,,378.54460325360446,,373.0816093702596,,384.3341943410202,,423.90922229948035,,428.8366527939775,,418.2550965088411,,417.06638637986373,,416.1964735374593,,428.90267128299246,,444.28967403203285,,449.98444356016745,,468.36470430338306,,,blank,,blank,,blank,,blank,,blank,,blank,251.17425973031678,,300.2486668747856,,389.8989709622757,,400.8481735484824,,409.69474525389575,,420.21112353798395,,437.2384820751802,,429.87979265604406,,467.4363826321314,,487.3917002176853,,535.8472262005371,,571.4120631842751,,528.7446891931938,,511.70185264254576,,523.4370876494594,,522.3910861290079,,521.8798530705666,,517.9979293889335,,517.6778367331355,,476.3717134890216,,,blank,,blank,,blank,,blank,,blank,,blank,624.5848077848196,,747.5407512253664,,739.1835645497454,,751.8648399875235,,784.4303767290085,,816.4899075500554,,898.0452595372785,,964.4488174609522,,,blank,,blank,,blank,,blank,,blank,,blank,,blank,,blank,,blank,,blank,,blank,,blank,,blank,,blank,,blank,,blank,,blank,,blank,,blank,,blank,,blank,,blank,,blank,,blank,,blank,,blank,,blank,,blank,,blank,,blank,,blank,,blank,,blank,,blank,,blank,,blank,,blank
VA-K,81,,TRANSPORT AND COMMUNICATIONS,,I,,blank,364.9778689960606,,415.13670090244335,,466.97596105868087,,488.67880515070976,,515.734870848069,,496.5218092059646,,546.5992845863652,,587.2384022783991,,613.4374571120117,,616.6231436129648,,704.2577635016748,,728.2724724542796,,782.2993332700848,,671.9645698155375,,735.7363488957765,,780.9467343528993,,815.9600273695183,,858.5556468151246,,925.6912089849095,,1011.9686758354649,,1021.0202213236495,,1126.003773018365,,1166.5705035916642,,1250.2901639416007,,1370.9077044005762,,1484.637570226777,,1643.8441957702653,,1805.8461113954468,,1960.7749551193879,,2024.3726084352397,,2296.0510976136884,,2343.634392975099,,2415.1559354634755,,2628.3105998185993,,2905.578746798697,,3024.814749059896,,2970.1990195276667,,3231.135186178931,,2744.1526839523517,,3123.9335751611525,,3446.768180776569,,3799.402968719739,,4028.378992000808,,4152.022197673169,,4302.293269241021,,4428.312655559639,,4510.6879595123,,4629.682189289599,,4771.021074078832,,4825.238306195621,,4920.412728001117,,5158.942456014613,,5494.269166384467,,5774.234536839182,,5849.7276460907915,,5928.69270661335,,6202.614107393229,,6246.983587628211,,6630.096104057503,,6707.280899733872,,6852.336248428022,,7277.319275799829,,6985.280209676339,,7637.651153932243,,7989.66275256297,,7898.433964184867,,8130.10821461476,,8821.908955211336,,9452.178638323394,,9994.573850762139,,10216.866664017904,,10581.828484232043,,10503.393835195633,,10960.183947392621,,11424.05889563486,,12187.344371757194,,13408.479375124421,,13966.447860202752,,14523.17831941645,,,blank,,blank,,blank,,blank,,blank,,blank,12325.820497295808,,13612.147502012966,,16337.961655491772,,17197.628054784298,,18770.16794992917,,19948.728305106626,,21111.86475105189,,22546.142452311826,,24501.240940135256,,25845.736678828238,,24128.555937186225,,22395.431159352403,,19955.1039411889,,20592.364414483978,,20733.432366702335,,19963.61508091446,,21172.58957705871,,23465.447261905658,,21195.101270880645,,21076.94096619238,,,blank,,blank,,blank,,blank,,blank,,blank,17754.67170432556,,21631.24915486179,,25373.78437077677,,26852.821804279993,,26530.927834897368,,30446.33518238618,,28374.04980575257,,29924.697757518,,,blank,,blank,,blank,,blank,,blank,,blank,,blank,,blank,,blank,,blank,,blank,,blank,,blank,,blank,,blank,,blank,,blank,,blank,,blank,,blank,,blank,,blank,,blank,,blank,,blank,,blank,,blank,,blank,,blank,,blank,,blank,,blank,,blank,,blank,,blank,,blank,,blank
VA-K,82,,   Transport,,60; 61; 62; 63,,blank,,blank,,blank,,blank,,blank,,blank,,blank,,blank,,blank,,blank,,blank,,blank,,blank,,blank,,blank,,blank,,blank,,blank,,blank,,blank,,blank,,blank,,blank,,blank,,blank,,blank,,blank,,blank,,blank,,blank,,blank,,blank,,blank,,blank,,blank,,blank,,blank,,blank,,blank,,blank,,blank,,blank,,blank,,blank,,blank,,blank,,blank,,blank,,blank,,blank,,blank,,blank,,blank,,blank,,blank,,blank,,blank,,blank,,blank,,blank,,blank,,blank,,blank,,blank,,blank,,blank,,blank,,blank,,blank,,blank,,blank,,blank,,blank,,blank,,blank,,blank,,blank,,blank,,blank,,blank,,blank,,blank,,blank,,blank,,blank,,blank,,blank,,blank,,blank,,blank,,blank,,blank,,blank,,blank,,blank,,blank,,blank,,blank,,blank,,blank,,blank,,blank,,blank,,blank,,blank,,blank,,blank,,blank,,blank,,blank,,blank,,blank,,blank,,blank,,blank,,blank,,blank,,blank,,blank,,blank,,blank,,blank,,blank,,blank,,blank,,blank,,blank,,blank,,blank,,blank,,blank,,blank,,blank,,blank,,blank,,blank,,blank,,blank,,blank,,blank,,blank,,blank,,blank,,blank,,blank,,blank,,blank,,blank,,blank,,blank,,blank,,blank,,blank,,blank,,blank,,blank,,blank
VA-K,83,,      Land Transport,60,,,blank,,blank,,blank,,blank,,blank,,blank,,blank,,blank,,blank,,blank,,blank,,blank,,blank,,blank,,blank,,blank,,blank,,blank,,blank,,blank,,blank,,blank,,blank,,blank,,blank,,blank,,blank,,blank,,blank,,blank,,blank,,blank,,blank,,blank,,blank,,blank,,blank,,blank,,blank,,blank,,blank,,blank,,blank,,blank,,blank,,blank,,blank,,blank,,blank,,blank,,blank,,blank,,blank,,blank,,blank,,blank,,blank,,blank,,blank,,blank,,blank,,blank,,blank,,blank,,blank,,blank,,blank,,blank,,blank,,blank,,blank,,blank,,blank,,blank,,blank,,blank,,blank,,blank,,blank,,blank,,blank,,blank,,blank,,blank,,blank,,blank,,blank,,blank,,blank,,blank,,blank,,blank,,blank,,blank,,blank,,blank,,blank,,blank,,blank,,blank,,blank,,blank,,blank,,blank,,blank,,blank,,blank,,blank,,blank,,blank,,blank,,blank,,blank,,blank,,blank,,blank,,blank,,blank,,blank,,blank,,blank,,blank,,blank,,blank,,blank,,blank,,blank,,blank,,blank,,blank,,blank,,blank,,blank,,blank,,blank,,blank,,blank,,blank,,blank,,blank,,blank,,blank,,blank,,blank,,blank,,blank,,blank,,blank,,blank,,blank,,blank,,blank,,blank,,blank,,blank,,blank,,blank
VA-K,84,,      Water Transport,61,,,blank,,blank,,blank,,blank,,blank,,blank,,blank,,blank,,blank,,blank,,blank,,blank,,blank,,blank,,blank,,blank,,blank,,blank,,blank,,blank,,blank,,blank,,blank,,blank,,blank,,blank,,blank,,blank,,blank,,blank,,blank,,blank,,blank,,blank,,blank,,blank,,blank,,blank,,blank,,blank,,blank,,blank,,blank,,blank,,blank,,blank,,blank,,blank,,blank,,blank,,blank,,blank,,blank,,blank,,blank,,blank,,blank,,blank,,blank,,blank,,blank,,blank,,blank,,blank,,blank,,blank,,blank,,blank,,blank,,blank,,blank,,blank,,blank,,blank,,blank,,blank,,blank,,blank,,blank,,blank,,blank,,blank,,blank,,blank,,blank,,blank,,blank,,blank,,blank,,blank,,blank,,blank,,blank,,blank,,blank,,blank,,blank,,blank,,blank,,blank,,blank,,blank,,blank,,blank,,blank,,blank,,blank,,blank,,blank,,blank,,blank,,blank,,blank,,blank,,blank,,blank,,blank,,blank,,blank,,blank,,blank,,blank,,blank,,blank,,blank,,blank,,blank,,blank,,blank,,blank,,blank,,blank,,blank,,blank,,blank,,blank,,blank,,blank,,blank,,blank,,blank,,blank,,blank,,blank,,blank,,blank,,blank,,blank,,blank,,blank,,blank,,blank,,blank,,blank,,blank,,blank,,blank
VA-K,85,,      Air Transport,62,,,blank,,blank,,blank,,blank,,blank,,blank,,blank,,blank,,blank,,blank,,blank,,blank,,blank,,blank,,blank,,blank,,blank,,blank,,blank,,blank,,blank,,blank,,blank,,blank,,blank,,blank,,blank,,blank,,blank,,blank,,blank,,blank,,blank,,blank,,blank,,blank,,blank,,blank,,blank,,blank,,blank,,blank,,blank,,blank,,blank,,blank,,blank,,blank,,blank,,blank,,blank,,blank,,blank,,blank,,blank,,blank,,blank,,blank,,blank,,blank,,blank,,blank,,blank,,blank,,blank,,blank,,blank,,blank,,blank,,blank,,blank,,blank,,blank,,blank,,blank,,blank,,blank,,blank,,blank,,blank,,blank,,blank,,blank,,blank,,blank,,blank,,blank,,blank,,blank,,blank,,blank,,blank,,blank,,blank,,blank,,blank,,blank,,blank,,blank,,blank,,blank,,blank,,blank,,blank,,blank,,blank,,blank,,blank,,blank,,blank,,blank,,blank,,blank,,blank,,blank,,blank,,blank,,blank,,blank,,blank,,blank,,blank,,blank,,blank,,blank,,blank,,blank,,blank,,blank,,blank,,blank,,blank,,blank,,blank,,blank,,blank,,blank,,blank,,blank,,blank,,blank,,blank,,blank,,blank,,blank,,blank,,blank,,blank,,blank,,blank,,blank,,blank,,blank,,blank,,blank,,blank,,blank
VA-K,86,,      Supporting and auxiliary transport activities; activities of travel agencies,63,,,blank,,blank,,blank,,blank,,blank,,blank,,blank,,blank,,blank,,blank,,blank,,blank,,blank,,blank,,blank,,blank,,blank,,blank,,blank,,blank,,blank,,blank,,blank,,blank,,blank,,blank,,blank,,blank,,blank,,blank,,blank,,blank,,blank,,blank,,blank,,blank,,blank,,blank,,blank,,blank,,blank,,blank,,blank,,blank,,blank,,blank,,blank,,blank,,blank,,blank,,blank,,blank,,blank,,blank,,blank,,blank,,blank,,blank,,blank,,blank,,blank,,blank,,blank,,blank,,blank,,blank,,blank,,blank,,blank,,blank,,blank,,blank,,blank,,blank,,blank,,blank,,blank,,blank,,blank,,blank,,blank,,blank,,blank,,blank,,blank,,blank,,blank,,blank,,blank,,blank,,blank,,blank,,blank,,blank,,blank,,blank,,blank,,blank,,blank,,blank,,blank,,blank,,blank,,blank,,blank,,blank,,blank,,blank,,blank,,blank,,blank,,blank,,blank,,blank,,blank,,blank,,blank,,blank,,blank,,blank,,blank,,blank,,blank,,blank,,blank,,blank,,blank,,blank,,blank,,blank,,blank,,blank,,blank,,blank,,blank,,blank,,blank,,blank,,blank,,blank,,blank,,blank,,blank,,blank,,blank,,blank,,blank,,blank,,blank,,blank,,blank,,blank,,blank,,blank,,blank,,blank,,blank
VA-K,87,,   Communications,64,,,blank,,blank,,blank,,blank,,blank,,blank,,blank,,blank,,blank,,blank,,blank,,blank,,blank,,blank,,blank,,blank,,blank,,blank,,blank,,blank,,blank,,blank,,blank,,blank,,blank,,blank,,blank,,blank,,blank,,blank,,blank,,blank,,blank,,blank,,blank,,blank,,blank,,blank,,blank,,blank,,blank,,blank,,blank,,blank,,blank,,blank,,blank,,blank,,blank,,blank,,blank,,blank,,blank,,blank,,blank,,blank,,blank,,blank,,blank,,blank,,blank,,blank,,blank,,blank,,blank,,blank,,blank,,blank,,blank,,blank,,blank,,blank,,blank,,blank,,blank,,blank,,blank,,blank,,blank,,blank,,blank,,blank,,blank,,blank,,blank,,blank,,blank,,blank,,blank,,blank,,blank,,blank,,blank,,blank,,blank,,blank,,blank,,blank,,blank,,blank,,blank,,blank,,blank,,blank,,blank,,blank,,blank,,blank,,blank,,blank,,blank,,blank,,blank,,blank,,blank,,blank,,blank,,blank,,blank,,blank,,blank,,blank,,blank,,blank,,blank,,blank,,blank,,blank,,blank,,blank,,blank,,blank,,blank,,blank,,blank,,blank,,blank,,blank,,blank,,blank,,blank,,blank,,blank,,blank,,blank,,blank,,blank,,blank,,blank,,blank,,blank,,blank,,blank,,blank,,blank,,blank,,blank
VA-K,88,,"FINANCIAL INTERMEDIATION; REAL ESTATE, RENTING AND BUSINESS ACTIVITIES",,J; K,,blank,6227.490057120133,,6245.3196821623615,,6136.5592315181675,,6212.093697216737,,6266.149581892814,,6242.045854240298,,6580.154373161769,,6610.1085219338775,,6802.267336720972,,6986.284446320862,,6930.75690114344,,7009.127278098954,,6929.098697717221,,7037.640114063618,,7002.103542063874,,6984.104495351784,,7115.781389586023,,7121.765650590654,,7040.33103849304,,6964.304129802643,,6842.476668340726,,6946.24150888406,,7106.821862513286,,7265.216606811873,,7403.91454838263,,7648.459545931052,,7903.880165350159,,8277.650873555642,,8588.621853461213,,8738.272001319932,,8946.357950766878,,8976.03432485462,,9211.864938062447,,9446.819271286948,,9625.300331877796,,9669.926655553378,,10060.286837294847,,9685.43469355862,,9339.085600464716,,9911.283056616452,,10523.254228101412,,10773.50563466064,,10827.216871967794,,11115.151127898984,,11350.346317624319,,11341.705009882104,,11457.71219041719,,11777.78386117238,,11978.19067573393,,12264.257806904434,,12457.834700293388,,12582.84878122261,,12630.763643736307,,12705.260604289351,,12880.526023956005,,12982.598008296398,,13119.07072363226,,13254.542946362366,,13392.96232455037,,13576.920253963122,,13689.41887139481,,13870.205930727578,,14182.615296951282,,14438.848022996419,,14482.604017390902,,14324.864529115746,,14570.384566863844,,14889.321498804315,,15210.609463141587,,15553.000948826982,,16109.942139289427,,16069.295226477769,,16513.61497541181,,16871.45090186942,,17215.329379389826,,17509.013834384732,,17904.37040641322,,18325.83366448688,,18649.945305870493,,,blank,,blank,,blank,,blank,,blank,,blank,13454.310704376623,,15163.54856395169,,15807.995921118543,,17145.5385847383,,17931.945504070365,,19093.652880756355,,19437.761292775558,,19991.15038005036,,20373.551049869242,,20582.281720410756,,22332.99895682399,,23525.8297394087,,24312.14035181797,,24792.506318801,,25185.646189932562,,25394.153574208918,,25569.8786317315,,25709.146286520252,,25864.533833172667,,26105.533050067454,,,blank,,blank,,blank,,blank,,blank,,blank,24591.979335811862,,24812.217087199708,,25885.213278590654,,26045.98927707093,,26023.305617776132,,26720.214875812188,,27107.39726580421,,27814.07919772814,,,blank,,blank,,blank,,blank,,blank,,blank,,blank,,blank,,blank,,blank,,blank,,blank,,blank,,blank,,blank,,blank,,blank,,blank,,blank,,blank,,blank,,blank,,blank,,blank,,blank,,blank,,blank,,blank,,blank,,blank,,blank,,blank,,blank,,blank,,blank,,blank,,blank
VA-K,89,,   FINANCIAL INTERMEDIATION,,J,,blank,58.461623116224416,,59.172843690011085,,70.53691526825871,,63.04525805749765,,63.817664185743624,,68.88447026187588,,66.2173854799604,,75.3871839482591,,47.696191920231115,,64.05960128403555,,64.87839089975303,,60.23317704522104,,64.35739632403677,,57.541907870646206,,66.2861868322777,,69.73232813196826,,70.47028878870366,,63.38775400333678,,64.6419023111561,,63.11500904966086,,63.488284170427704,,67.58984308196737,,78.65453738843567,,77.95548681744775,,77.25490709461052,,75.01418293795243,,75.26727013257579,,72.09906848607737,,84.51243354796307,,78.54888350646627,,92.7724818261624,,88.3994008819832,,77.07081636282624,,62.36595040982963,,86.44091547981037,,84.33572384256237,,77.13627866761752,,82.99972221121286,,80.69471744147678,,101.6093884397794,,118.13410500576438,,109.654666803443,,95.08393870938791,,98.62045225455107,,97.82112597599775,,93.3192258597985,,81.5659262456648,,96.2145123047982,,102.08656981736407,,88.97691438011412,,114.7052067914843,,109.94757414163371,,81.4909206389285,,79.95199496521045,,77.29484119486182,,84.43394660109605,,84.17255653920088,,86.48358108073,,96.7881640522348,,84.38535654208975,,81.12972725556097,,84.2509868881771,,89.58166398248261,,102.13530318747901,,104.01875613248355,,101.65298565658415,,118.00929794519419,,114.87835607649832,,121.5484947771309,,115.56924137024232,,127.73176110465903,,130.34433086456107,,132.5404230225863,,147.08493149289447,,161.33909569465976,,178.8890802916751,,185.06943700057647,,201.82956233483696,,223.1669242936656,,,blank,,blank,,blank,,blank,,blank,,blank,110.93803376255894,,127.03885192857561,,146.38204496352913,,158.8089908773867,,166.67721653964927,,170.99045267041248,,199.50654813181546,,217.826761532648,,255.65952078136726,,301.2599605820895,,296.22683201083447,,232.72426868688606,,218.32529124549384,,208.7082975369831,,199.16683573104388,,198.6267755492958,,193.5034366858131,,214.81733653109143,,201.17934846478147,,204.95705206063883,,,blank,,blank,,blank,,blank,,blank,,blank,117.42179873979615,,156.86570903846751,,170.86211404915326,,178.16742905599568,,203.4950625843374,,218.753641179343,,248.5849741356899,,254.07919772813997,,,blank,,blank,,blank,,blank,,blank,,blank,,blank,,blank,,blank,,blank,,blank,,blank,,blank,,blank,,blank,,blank,,blank,,blank,,blank,,blank,,blank,,blank,,blank,,blank,,blank,,blank,,blank,,blank,,blank,,blank,,blank,,blank,,blank,,blank,,blank,,blank,,blank
VA-K,90,,"      Financial intermediation, except insurance and pension funding",65,,,blank,51.191451104592325,,51.814225692208524,,61.76508376863274,,55.20507425547557,,55.881425482816326,,60.3181335603037,,57.98272217540602,,66.01218261299358,,41.764787674568566,,56.0932757612969,,56.81024231719666,,52.74269808511297,,56.354037598153624,,50.386109830872215,,58.04296752740521,,61.06055349986287,,61.70674282651362,,55.504978081787215,,56.60316298250412,,55.26615115198461,,55.59300651580692,,59.1845036601005,,68.87321443110952,,68.26109640877506,,67.6476393968958,,65.68556727179586,,65.90718104264522,,63.13297069693208,,74.00263419131807,,68.78069945727626,,81.23547917604215,,77.40622594293704,,67.48644182500819,,54.610243965501596,,75.691293918127,,73.84789975594765,,67.54376336683836,,72.6780406493861,,70.6596817213212,,88.9734455326635,,103.44318097642858,,96.018228965336,,83.25948784550334,,86.35620754943687,,85.6562839085241,,81.71423120126332,,71.42254871892094,,84.24946554103413,,89.39128557638047,,77.91192100280627,,100.44069377332816,,96.27471092532804,,71.3568706613313,,70.00932274561364,,67.68260737129425,,73.93390772618206,,73.70502361623986,,75.72865370916433,,84.75177908989991,,73.8913602309672,,71.04059457390207,,73.77370052188701,,78.04756534328126,,86.82871328666741,,92.30554911462396,,89.80618024904938,,104.14458896989218,,98.80668127937501,,104.83186523485186,,101.09032962503059,,105.67285722547592,,109.73697176937718,,111.4677311504146,,127.21383888282072,,137.3504637677384,,148.97992954102662,,159.73223852743445,,171.401879411031,,191.67631673713748,,,blank,,blank,,blank,,blank,,blank,,blank,97.53130964110794,,112.19007882120478,,128.48883845834658,,137.45563615488416,,146.45051473085644,,148.21064961183254,,175.68663668546282,,185.8823284306886,,223.67093408090102,,270.0378077663772,,264.9935366407962,,190.68832107688254,,173.44293592232862,,160.1063887449949,,149.38024052635336,,139.76369592315538,,134.39371606330474,,153.29466928497203,,143.27385324177106,,144.21423771157308,,,blank,,blank,,blank,,blank,,blank,,blank,58.996598035338685,,93.94898407713443,,101.59312590213041,,105.0394993146675,,116.38678283459791,,128.10377693744056,,148.98080279315172,,154.13375853181765,,,blank,,blank,,blank,,blank,,blank,,blank,,blank,,blank,,blank,,blank,,blank,,blank,,blank,,blank,,blank,,blank,,blank,,blank,,blank,,blank,,blank,,blank,,blank,,blank,,blank,,blank,,blank,,blank,,blank,,blank,,blank,,blank,,blank,,blank,,blank,,blank,,blank
VA-K,91,,"      Insurance and pernsion funding, except compulsory social security",66,,,blank,7.270172011632094,,7.358617997802563,,8.77183149962597,,7.840183802022079,,7.936238702927295,,8.566336701572173,,8.234663304554386,,9.375001335265523,,5.931404245662545,,7.966325522738655,,8.068148582556372,,7.490478960108073,,8.003358725883142,,7.155798039773993,,8.243219304872497,,8.671774632105391,,8.763545962190038,,7.882775921549566,,8.038739328651983,,7.848857897676257,,7.8952776546207835,,8.405339421866866,,9.781322957326152,,9.694390408672685,,9.607267697714724,,9.328615666156558,,9.360089089930568,,8.966097789145296,,10.50979935664501,,9.768184049190005,,11.537002650120263,,10.993174939046156,,9.584374537818046,,7.755706444328035,,10.74962156168337,,10.487824086614724,,9.592515300779148,,10.321681561826757,,10.035035720155573,,12.635942907115883,,14.69092402933581,,13.636437838107016,,11.824450863884563,,12.264244705114189,,12.16484206747364,,11.604994658535176,,10.143377526743858,,11.965046763764072,,12.695284240983595,,11.064993377307857,,14.264513018156135,,13.67286321630567,,10.134049977597206,,9.942672219596808,,9.612233823567566,,10.500038874914,,10.467532922961025,,10.754927371565671,,12.036384962334886,,10.493996311122558,,10.089132681658896,,10.477286366290093,,11.534098639201352,,15.306589900811602,,11.713207017859588,,11.846805407534776,,13.864708975302012,,16.071674797123308,,16.716629542279033,,14.478911745211734,,22.058903879183106,,20.607359095183895,,21.07269187217171,,19.871092610073735,,23.988631926921343,,29.90915075064847,,25.337198473142035,,30.42768292380596,,31.490607556528126,,,blank,,blank,,blank,,blank,,blank,,blank,13.406724121451008,,14.848773107370825,,17.89320650518255,,21.35335472250252,,20.226701808792836,,22.779803058579958,,23.81991144635266,,31.944433101959397,,31.98858670046625,,31.222152815712246,,31.23329537003824,,42.03594761000352,,44.88235532316522,,48.60190879198823,,49.78659520469053,,58.86307962614041,,59.10972062250838,,61.5226672461194,,57.90549522301042,,60.74281434906577,,,blank,,blank,,blank,,blank,,blank,,blank,58.42520070445746,,62.916724961333074,,69.26898814702285,,73.12792974132819,,87.10827974973951,,90.64986424190245,,99.60417134253817,,99.94543919632233,,,blank,,blank,,blank,,blank,,blank,,blank,,blank,,blank,,blank,,blank,,blank,,blank,,blank,,blank,,blank,,blank,,blank,,blank,,blank,,blank,,blank,,blank,,blank,,blank,,blank,,blank,,blank,,blank,,blank,,blank,,blank,,blank,,blank,,blank,,blank,,blank,,blank
VA-K,92,,      Activities auxiliary to financial intermediation,67,,,blank,,blank,,blank,,blank,,blank,,blank,,blank,,blank,,blank,,blank,,blank,,blank,,blank,,blank,,blank,,blank,,blank,,blank,,blank,,blank,,blank,,blank,,blank,,blank,,blank,,blank,,blank,,blank,,blank,,blank,,blank,,blank,,blank,,blank,,blank,,blank,,blank,,blank,,blank,,blank,,blank,,blank,,blank,,blank,,blank,,blank,,blank,,blank,,blank,,blank,,blank,,blank,,blank,,blank,,blank,,blank,,blank,,blank,,blank,,blank,,blank,,blank,,blank,,blank,,blank,,blank,,blank,,blank,,blank,,blank,,blank,,blank,,blank,,blank,,blank,,blank,,blank,,blank,,blank,,blank,,blank,,blank,,blank,,blank,,blank,,blank,,blank,,blank,,blank,,blank,,blank,,blank,,blank,,blank,,blank,,blank,,blank,,blank,,blank,,blank,,blank,,blank,,blank,,blank,,blank,,blank,,blank,,blank,,blank,,blank,,blank,,blank,,blank,,blank,,blank,,blank,,blank,,blank,,blank,,blank,,blank,,blank,,blank,,blank,,blank,,blank,,blank,,blank,,blank,,blank,,blank,,blank,,blank,,blank,,blank,,blank,,blank,,blank,,blank,,blank,,blank,,blank,,blank,,blank,,blank,,blank,,blank,,blank,,blank,,blank,,blank,,blank,,blank,,blank,,blank,,blank,,blank
VA-K,93,,"   REAL ESTATE, RENTING AND BUSINESS ACTIVITIES",,K,,blank,6169.028434003909,,6186.14683847235,,6066.022316249909,,6149.04843915924,,6202.331917707071,,6173.161383978421,,6513.936987681809,,6534.721337985618,,6754.5711448007405,,6922.224845036827,,6865.878510243687,,6948.894101053733,,6864.741301393184,,6980.098206192972,,6935.817355231596,,6914.372167219815,,7045.311100797319,,7058.377896587318,,6975.689136181884,,6901.189120752982,,6778.988384170299,,6878.651665802093,,7028.16732512485,,7187.261119994426,,7326.659641288019,,7573.4453629930995,,7828.612895217583,,8205.551805069565,,8504.10941991325,,8659.723117813466,,8853.585468940715,,8887.634923972637,,9134.79412169962,,9384.453320877117,,9538.859416397985,,9585.590931710816,,9983.150558627229,,9602.434971347408,,9258.39088302324,,9809.673668176672,,10405.120123095649,,10663.850967857197,,10732.132933258406,,11016.530675644433,,11252.525191648321,,11248.385784022305,,11376.146264171526,,11681.569348867582,,11876.104105916565,,12175.280892524319,,12343.129493501903,,12472.901207080977,,12549.272723097378,,12625.30860932414,,12803.231182761143,,12898.164061695303,,13034.898167093059,,13168.059365281635,,13296.174160498134,,13492.534897421032,,13608.28914413925,,13785.9549438394,,14093.0336329688,,14336.71271980894,,14378.585261258419,,14223.211543459161,,14452.37526891865,,14774.443142727816,,15089.060968364456,,15437.43170745674,,15982.210378184769,,15938.950895613207,,16381.074552389222,,16724.365970376526,,17053.990283695166,,17330.124754093056,,17719.300969412645,,18124.00410215204,,18426.778381576827,,,blank,,blank,,blank,,blank,,blank,,blank,13343.372670614064,,15036.509712023115,,15661.613876155014,,16986.729593860913,,17765.268287530715,,18922.662428085943,,19238.254744643742,,19773.323618517712,,20117.891529087876,,20281.021759828665,,22036.772124813157,,23293.105470721814,,24093.815060572473,,24583.798021264014,,24986.479354201518,,25195.526798659623,,25376.375195045686,,25494.32894998916,,25663.354484707885,,25900.575998006814,,,blank,,blank,,blank,,blank,,blank,,blank,24474.557537072065,,24655.351378161242,,25714.351164541502,,25867.821848014933,,25819.810555191794,,26501.461234632843,,26858.81229166852,,27560,,,blank,,blank,,blank,,blank,,blank,,blank,,blank,,blank,,blank,,blank,,blank,,blank,,blank,,blank,,blank,,blank,,blank,,blank,,blank,,blank,,blank,,blank,,blank,,blank,,blank,,blank,,blank,,blank,,blank,,blank,,blank,,blank,,blank,,blank,,blank,,blank,,blank
VA-K,94,,      Real estate activities,70,,,blank,,blank,,blank,,blank,,blank,,blank,,blank,,blank,,blank,,blank,,blank,,blank,,blank,,blank,,blank,,blank,,blank,,blank,,blank,,blank,,blank,,blank,,blank,,blank,,blank,,blank,,blank,,blank,,blank,,blank,,blank,,blank,,blank,,blank,,blank,,blank,,blank,,blank,,blank,,blank,,blank,,blank,,blank,,blank,,blank,,blank,,blank,,blank,,blank,,blank,,blank,,blank,,blank,,blank,,blank,,blank,,blank,,blank,,blank,,blank,,blank,,blank,,blank,,blank,,blank,,blank,,blank,,blank,,blank,,blank,,blank,,blank,,blank,,blank,,blank,,blank,,blank,,blank,,blank,,blank,,blank,,blank,,blank,,blank,,blank,,blank,,blank,,blank,,blank,,blank,,blank,,blank,,blank,,blank,,blank,,blank,,blank,,blank,,blank,,blank,,blank,,blank,,blank,,blank,,blank,,blank,,blank,,blank,,blank,,blank,,blank,,blank,,blank,,blank,,blank,,blank,,blank,,blank,,blank,,blank,,blank,,blank,,blank,,blank,,blank,,blank,,blank,,blank,,blank,,blank,,blank,,blank,,blank,,blank,,blank,,blank,,blank,,blank,,blank,,blank,,blank,,blank,,blank,,blank,,blank,,blank,,blank,,blank,,blank,,blank,,blank,,blank,,blank,,blank,,blank,,blank,,blank
VA-K,95,,         Research and development,73,,,blank,,blank,,blank,,blank,,blank,,blank,,blank,,blank,,blank,,blank,,blank,,blank,,blank,,blank,,blank,,blank,,blank,,blank,,blank,,blank,,blank,,blank,,blank,,blank,,blank,,blank,,blank,,blank,,blank,,blank,,blank,,blank,,blank,,blank,,blank,,blank,,blank,,blank,,blank,,blank,,blank,,blank,,blank,,blank,,blank,,blank,,blank,,blank,,blank,,blank,,blank,,blank,,blank,,blank,,blank,,blank,,blank,,blank,,blank,,blank,,blank,,blank,,blank,,blank,,blank,,blank,,blank,,blank,,blank,,blank,,blank,,blank,,blank,,blank,,blank,,blank,,blank,,blank,,blank,,blank,,blank,,blank,,blank,,blank,,blank,,blank,,blank,,blank,,blank,,blank,,blank,,blank,,blank,,blank,,blank,,blank,,blank,,blank,,blank,,blank,,blank,,blank,,blank,,blank,,blank,,blank,,blank,,blank,,blank,,blank,,blank,,blank,,blank,,blank,,blank,,blank,,blank,,blank,,blank,,blank,,blank,,blank,,blank,,blank,,blank,,blank,,blank,,blank,,blank,,blank,,blank,,blank,,blank,,blank,,blank,,blank,,blank,,blank,,blank,,blank,,blank,,blank,,blank,,blank,,blank,,blank,,blank,,blank,,blank,,blank,,blank,,blank,,blank,,blank,,blank,,blank,,blank
VA-K,96,,TOTAL GOVERNMENT,,73; L; M; N,,blank,,blank,,blank,,blank,,blank,,blank,,blank,,blank,,blank,,blank,,blank,,blank,,blank,,blank,,blank,,blank,,blank,,blank,,blank,,blank,,blank,,blank,,blank,,blank,,blank,,blank,,blank,,blank,,blank,,blank,,blank,,blank,,blank,,blank,,blank,,blank,,blank,,blank,,blank,,blank,,blank,,blank,,blank,,blank,,blank,,blank,,blank,,blank,,blank,,blank,,blank,,blank,,blank,,blank,,blank,,blank,,blank,,blank,,blank,,blank,,blank,,blank,,blank,,blank,,blank,,blank,,blank,,blank,,blank,,blank,,blank,,blank,,blank,,blank,,blank,,blank,,blank,,blank,,blank,,blank,,blank,,blank,,blank,,blank,,blank,,blank,,blank,,blank,,blank,,blank,,blank,,blank,,blank,,blank,,blank,,blank,,blank,,blank,,blank,,blank,,blank,,blank,,blank,,blank,,blank,,blank,,blank,,blank,,blank,,blank,,blank,,blank,,blank,,blank,,blank,,blank,,blank,,blank,,blank,,blank,,blank,,blank,,blank,,blank,,blank,,blank,,blank,,blank,,blank,,blank,,blank,,blank,,blank,,blank,,blank,,blank,,blank,,blank,,blank,,blank,,blank,,blank,,blank,,blank,,blank,,blank,,blank,,blank,,blank,,blank,,blank,,blank,,blank,,blank,,blank,,blank,,blank
VA-K,97,,"COMMUNITY, SOCIAL AND PERSONAL SERVICES",,L; M; N; O; P; MISCs,,blank,461.9297478099327,,442.92761247063936,,437.75704762415944,,434.31922021757924,,447.11572135945823,,447.4313975050308,,444.5067853695437,,455.78665821042614,,458.3519661367899,,463.7972808918683,,462.55263614610686,,466.2637130801027,,468.7313670720633,,481.86170813542526,,467.59011571142287,,475.2169354410508,,465.39127949320084,,465.4190005692263,,464.0004278193,,469.551406179962,,465.14885893948986,,472.06547971168885,,470.44922469523243,,471.61354587621383,,466.475396779963,,465.2293291845342,,470.29641356448695,,488.1482816816698,,495.5373016684343,,490.919901244941,,485.27443295503315,,473.65383678371313,,486.003307152003,,492.0630943871155,,504.1908835521762,,525.4859412942633,,525.3682272240128,,524.6675447767651,,517.5693406034741,,536.1118276322015,,568.7686854434761,,588.943686058834,,613.0409036788889,,627.4357773204313,,643.4025970143462,,665.1717677960896,,669.703309467117,,697.8719639109358,,695.5113580818194,,691.1468585785444,,702.0412320743374,,697.8652723071732,,705.2649045893035,,718.5690557074117,,717.4337173187162,,726.4525205692833,,740.0944897628438,,745.4846087794793,,768.4872936057532,,775.6785762571906,,773.8388677318129,,797.4841535176225,,809.9375162537215,,825.0769497510463,,839.4106574301484,,846.9919226235588,,863.4741212066804,,871.424200875819,,888.4353148666471,,906.3824139814636,,921.9230631989099,,920.0585400568858,,936.0088701675118,,957.8160762745536,,952.8099789288493,,967.0893523927261,,994.2307696177131,,1023.0637862407276,,1049.32765230036,,,blank,,blank,,blank,,blank,,blank,,blank,965.6810609947813,,980.2459769667774,,929.0111010846271,,910.341628130601,,905.2810156283836,,957.8262296652883,,902.4473240442974,,934.6179253105716,,946.229313919944,,915.7346562092939,,954.8101231553595,,970.8150037622198,,959.7804660904758,,960.2110858388614,,966.3938077673265,,964.0756456942321,,984.9274267283181,,1004.158349457469,,1045.1095751042867,,1087.6845211629177,,,blank,,blank,,blank,,blank,,blank,,blank,1244.738689217616,,1235.1248003788498,,1696.1127040730755,,1329.1096682220173,,1405.0552106980847,,1400.2885719095266,,1526.826658126082,,1476.9436191697503,,,blank,,blank,,blank,,blank,,blank,,blank,,blank,,blank,,blank,,blank,,blank,,blank,,blank,,blank,,blank,,blank,,blank,,blank,,blank,,blank,,blank,,blank,,blank,,blank,,blank,,blank,,blank,,blank,,blank,,blank,,blank,,blank,,blank,,blank,,blank,,blank,,blank
VA-K,98,,   PUBLIC ADMINISTRATION AND DEFENCE; COMPULSORY SOCIAL SECURITY,,L,,blank,150.88869972526777,,129.3856867756403,,122.3717828620701,,117.0913753648393,,127.08587464818315,,122.62553962264148,,118.94329100917433,,125.53395384615385,,124.7307909090909,,126.79744061302685,,121.27335492957745,,124.92425714285713,,127.07104571428569,,138.24834495412847,,125.35747581227437,,128.40183823529412,,119.3964497444634,,118.642,,117.76014999999995,,121.87684772370486,,116.01780952380952,,119.54651515151514,,119.39266962962958,,118.69971555555551,,116.11429137199431,,113.3150714285714,,113.87646892808685,,126.65521556886222,,129.07476395348837,,119.03225192802051,,115.14885379825654,,107.91298944900352,,109.15723906976741,,110.25451612903221,,112.78507537922984,,126.07738425925923,,121.75597288135589,,113.9983458333333,,102.87478709677423,,107.1868132701422,,114.8415346153846,,125.298113135187,,129.28003085824494,,128.66128331688057,,130.19218235877105,,125.5382540592168,,124.77130798479091,,132.45167860600196,,129.38514705882355,,135.06505323193917,,132.23225161887143,,133.3795214611872,,131.72212043795625,,134.15947619047617,,129.2719644128114,,131.73587676056334,,132.95403309859154,,131.6775635407537,,138.18215671232878,,139.76666184448462,,138.92842544169608,,147.49659620596205,,151.97630774586597,,155.6514915555555,,160.54909876106194,,157.89148275862064,,162.46510865051903,,163.87344340425528,,168.95940068259378,,176.03084675324675,,179.72095161572054,,174.79947768595036,,178.747403960396,,185.742505942275,,181.27342732417137,,187.018,,195.19701865369012,,208.49339677419349,,216.34514379116806,,,blank,,blank,,blank,,blank,,blank,,blank,268.5010872907864,,275.3543383206196,,253.2569483765856,,239.9372578928775,,224.06943141696138,,257.4936860393095,,221.08373938935983,,227.44825952589318,,240.2151841672022,,221.54555084116984,,248.4455862507604,,256.1640667300651,,244.46129833301583,,242.6974467539883,,246.78868430713607,,243.10227143895756,,256.1708085211536,,275.74647446759604,,300.5793473944934,,345.21802481936265,,,blank,,blank,,blank,,blank,,blank,,blank,500.58956254154134,,479.98076785884854,,903.5878530729753,,497.6515306690448,,513.62601425236,,500.611678895271,,582.552493427634,,507.25737997395885,,,blank,,blank,,blank,,blank,,blank,,blank,,blank,,blank,,blank,,blank,,blank,,blank,,blank,,blank,,blank,,blank,,blank,,blank,,blank,,blank,,blank,,blank,,blank,,blank,,blank,,blank,,blank,,blank,,blank,,blank,,blank,,blank,,blank,,blank,,blank,,blank,,blank
VA-K,99,,      Administration of the State and the economic and social policy of the community,751,,,blank,,blank,,blank,,blank,,blank,,blank,,blank,,blank,,blank,,blank,,blank,,blank,,blank,,blank,,blank,,blank,,blank,,blank,,blank,,blank,,blank,,blank,,blank,,blank,,blank,,blank,,blank,,blank,,blank,,blank,,blank,,blank,,blank,,blank,,blank,,blank,,blank,,blank,,blank,,blank,,blank,,blank,,blank,,blank,,blank,,blank,,blank,,blank,,blank,,blank,,blank,,blank,,blank,,blank,,blank,,blank,,blank,,blank,,blank,,blank,,blank,,blank,,blank,,blank,,blank,,blank,,blank,,blank,,blank,,blank,,blank,,blank,,blank,,blank,,blank,,blank,,blank,,blank,,blank,,blank,,blank,,blank,,blank,,blank,,blank,,blank,,blank,,blank,,blank,,blank,,blank,,blank,,blank,,blank,,blank,,blank,,blank,,blank,,blank,,blank,,blank,,blank,,blank,,blank,,blank,,blank,,blank,,blank,,blank,,blank,,blank,,blank,,blank,,blank,,blank,,blank,,blank,,blank,,blank,,blank,,blank,,blank,,blank,,blank,,blank,,blank,,blank,,blank,,blank,,blank,,blank,,blank,,blank,,blank,,blank,,blank,,blank,,blank,,blank,,blank,,blank,,blank,,blank,,blank,,blank,,blank,,blank,,blank,,blank,,blank,,blank,,blank,,blank,,blank,,blank,,blank,,blank
VA-K,100,,      Defence,,752; 753,,blank,,blank,,blank,,blank,,blank,,blank,,blank,,blank,,blank,,blank,,blank,,blank,,blank,,blank,,blank,,blank,,blank,,blank,,blank,,blank,,blank,,blank,,blank,,blank,,blank,,blank,,blank,,blank,,blank,,blank,,blank,,blank,,blank,,blank,,blank,,blank,,blank,,blank,,blank,,blank,,blank,,blank,,blank,,blank,,blank,,blank,,blank,,blank,,blank,,blank,,blank,,blank,,blank,,blank,,blank,,blank,,blank,,blank,,blank,,blank,,blank,,blank,,blank,,blank,,blank,,blank,,blank,,blank,,blank,,blank,,blank,,blank,,blank,,blank,,blank,,blank,,blank,,blank,,blank,,blank,,blank,,blank,,blank,,blank,,blank,,blank,,blank,,blank,,blank,,blank,,blank,,blank,,blank,,blank,,blank,,blank,,blank,,blank,,blank,,blank,,blank,,blank,,blank,,blank,,blank,,blank,,blank,,blank,,blank,,blank,,blank,,blank,,blank,,blank,,blank,,blank,,blank,,blank,,blank,,blank,,blank,,blank,,blank,,blank,,blank,,blank,,blank,,blank,,blank,,blank,,blank,,blank,,blank,,blank,,blank,,blank,,blank,,blank,,blank,,blank,,blank,,blank,,blank,,blank,,blank,,blank,,blank,,blank,,blank,,blank,,blank,,blank,,blank,,blank,,blank,,blank,,blank
VA-K,101,,   EDUCATION,,M,,blank,14.349443106891197,,15.299038606611937,,16.359562463809688,,16.679040196653254,,18.433529397667332,,21.982595154033575,,21.327651164777713,,24.95585738421675,,27.102495520182035,,29.12087987254384,,32.031178600707825,,32.01509886351976,,32.92599886912066,,34.65587319168385,,33.15982942170163,,36.50744336173034,,34.3313608470975,,33.84291296264708,,32.62540186727236,,33.16343346398718,,34.45226243406084,,36.88206519647586,,36.60657468434421,,39.25659646853979,,37.460537260038734,,39.210741779558894,,44.305912601689116,,49.46277938597096,,54.332007775934834,,60.13719687362508,,59.06957771480271,,56.52406843665011,,60.45325581357288,,58.093872185162134,,60.14108340363193,,61.30694408066526,,59.32192542690304,,58.300636691809814,,53.92841461116266,,59.81352216240763,,76.14937195540354,,76.14553460690294,,86.8111422116978,,91.90264685663041,,96.14289258983794,,112.2716012251924,,112.16469392161275,,127.05359081671712,,121.7373205524549,,106.30076070431475,,114.09467767964725,,102.84069381955716,,106.06688104147399,,111.8616348758443,,110.23813439075762,,111.4026430324057,,117.93460861247529,,119.12858314558072,,129.45616600756236,,128.42690779388536,,120.94091259287076,,128.4153420000736,,128.22005003701605,,131.94085646756864,,133.8549017787936,,136.9424034167383,,142.52317614739013,,143.52951899884033,,149.85683359492597,,154.9715099629833,,161.46907851248494,,159.30983643961267,,165.62947912622633,,176.108571631802,,170.8154251192868,,174.0641066222609,,183.2292476040586,,188.4916566428605,,196.2389427008539,,,blank,,blank,,blank,,blank,,blank,,blank,83.70857649339688,,100.05068801608962,,80.08384001235696,,81.61731398280851,,95.62869425102146,,118.39326938552188,,103.84999912562579,,133.53265434703874,,135.64316789510468,,126.39447119964883,,137.99647249646148,,142.90611181180947,,142.0271436554512,,143.12905265715284,,144.56188254347148,,144.57991493003505,,151.72402981430986,,150.36942886111234,,167.612645362556,,166.6401514040951,,,blank,,blank,,blank,,blank,,blank,,blank,167.80190922051077,,168.95032433283822,,183.9484539149261,,200.3371612176906,,240.16446407694576,,226.64729799559095,,240.2416407141792,,237.22526557406871,,,blank,,blank,,blank,,blank,,blank,,blank,,blank,,blank,,blank,,blank,,blank,,blank,,blank,,blank,,blank,,blank,,blank,,blank,,blank,,blank,,blank,,blank,,blank,,blank,,blank,,blank,,blank,,blank,,blank,,blank,,blank,,blank,,blank,,blank,,blank,,blank,,blank
VA-K,102,,   HEALTH AND SOCIAL WORK,,N,,blank,8.038884272743356,,8.1820830712136,,8.2931855872681,,8.441322275340765,,8.56476951540132,,8.700561479467932,,8.764754044299421,,8.80919505072122,,8.861042891546655,,8.92029756677572,,8.977083297203576,,8.735126706684888,,8.811663995522432,,8.932642290781777,,9.041275862035066,,9.20916410851742,,9.423962306222785,,9.63629155912694,,9.821462419217774,,10.021446948115871,,10.181928360194593,,10.394257613098748,,10.831260842913112,,11.305298244745645,,11.796618260186657,,12.33731717165189,,12.885422917520753,,13.485376504215049,,14.12730215252994,,14.749476242435138,,15.361774553135493,,15.897535574998301,,15.993824422245535,,16.08270643508913,,16.176526337535154,,15.974072863835842,,15.811122506955908,,16.171588447932734,,16.4308276520599,,16.225905233559377,,16.309849356800555,,16.62093640175316,,16.507364940897443,,16.8085762066452,,17.10731852759174,,17.408529793339497,,17.544321757406106,,17.660362163063027,,18.391169824221514,,18.410921382631205,,18.46523816825785,,19.121977485380004,,19.329368848681735,,19.526884432778623,,19.707117403267038,,20.097210681858392,,20.511993408461855,,20.889741963047154,,21.210704787204595,,21.5217918321572,,21.86003726992312,,22.35382623016534,,23.15623329055895,,23.598174409975734,,24.03023975018768,,24.099370204621586,,25.08201023550361,,25.672088042993064,,26.358454697729744,,27.234930102159687,,27.78056690322735,,28.303983201084097,,29.061949255055907,,28.817523719736005,,29.128610764688606,,29.614992890527198,,30.20013280841423,,30.59516397660801,,31.3062200793568,,,blank,,blank,,blank,,blank,,blank,,blank,31.358067920182243,,33.79738538377881,,36.105848772911195,,38.81675016464099,,42.79175129459086,,47.221038267963586,,51.44046493323336,,55.93147552663636,,60.1879363639243,,64.24194372751295,,70.21185225684138,,72.37217895790108,,73.6165271377115,,75.69784760513247,,77.89027058860793,,80.72215027559706,,81.9344021729917,,82.72446450937927,,82.70718189577077,,83.8922754003521,,,blank,,blank,,blank,,blank,,blank,,blank,93.28167247935795,,96.37526031527544,,99.3133046287167,,103.08832122976843,,102.92537087288854,,102.42417507824267,,109.19155277836232,,112.26292011106894,,,blank,,blank,,blank,,blank,,blank,,blank,,blank,,blank,,blank,,blank,,blank,,blank,,blank,,blank,,blank,,blank,,blank,,blank,,blank,,blank,,blank,,blank,,blank,,blank,,blank,,blank,,blank,,blank,,blank,,blank,,blank,,blank,,blank,,blank,,blank,,blank,,blank
VA-K,103,,      Human health activities; Veterinary activities,,851; 852,,blank,,blank,,blank,,blank,,blank,,blank,,blank,,blank,,blank,,blank,,blank,,blank,,blank,,blank,,blank,,blank,,blank,,blank,,blank,,blank,,blank,,blank,,blank,,blank,,blank,,blank,,blank,,blank,,blank,,blank,,blank,,blank,,blank,,blank,,blank,,blank,,blank,,blank,,blank,,blank,,blank,,blank,,blank,,blank,,blank,,blank,,blank,,blank,,blank,,blank,,blank,,blank,,blank,,blank,,blank,,blank,,blank,,blank,,blank,,blank,,blank,,blank,,blank,,blank,,blank,,blank,,blank,,blank,,blank,,blank,,blank,,blank,,blank,,blank,,blank,,blank,,blank,,blank,,blank,,blank,,blank,,blank,,blank,,blank,,blank,,blank,,blank,,blank,,blank,,blank,,blank,,blank,,blank,,blank,,blank,,blank,,blank,,blank,,blank,,blank,,blank,,blank,,blank,,blank,,blank,,blank,,blank,,blank,,blank,,blank,,blank,,blank,,blank,,blank,,blank,,blank,,blank,,blank,,blank,,blank,,blank,,blank,,blank,,blank,,blank,,blank,,blank,,blank,,blank,,blank,,blank,,blank,,blank,,blank,,blank,,blank,,blank,,blank,,blank,,blank,,blank,,blank,,blank,,blank,,blank,,blank,,blank,,blank,,blank,,blank,,blank,,blank,,blank,,blank,,blank,,blank,,blank
VA-K,104,,      Social work activities,853,,,blank,,blank,,blank,,blank,,blank,,blank,,blank,,blank,,blank,,blank,,blank,,blank,,blank,,blank,,blank,,blank,,blank,,blank,,blank,,blank,,blank,,blank,,blank,,blank,,blank,,blank,,blank,,blank,,blank,,blank,,blank,,blank,,blank,,blank,,blank,,blank,,blank,,blank,,blank,,blank,,blank,,blank,,blank,,blank,,blank,,blank,,blank,,blank,,blank,,blank,,blank,,blank,,blank,,blank,,blank,,blank,,blank,,blank,,blank,,blank,,blank,,blank,,blank,,blank,,blank,,blank,,blank,,blank,,blank,,blank,,blank,,blank,,blank,,blank,,blank,,blank,,blank,,blank,,blank,,blank,,blank,,blank,,blank,,blank,,blank,,blank,,blank,,blank,,blank,,blank,,blank,,blank,,blank,,blank,,blank,,blank,,blank,,blank,,blank,,blank,,blank,,blank,,blank,,blank,,blank,,blank,,blank,,blank,,blank,,blank,,blank,,blank,,blank,,blank,,blank,,blank,,blank,,blank,,blank,,blank,,blank,,blank,,blank,,blank,,blank,,blank,,blank,,blank,,blank,,blank,,blank,,blank,,blank,,blank,,blank,,blank,,blank,,blank,,blank,,blank,,blank,,blank,,blank,,blank,,blank,,blank,,blank,,blank,,blank,,blank,,blank,,blank,,blank,,blank,,blank,,blank,,blank
VA-K,105,,"OTHER COMMUNITY, SOCIAL AND PERSONAL SERVICE ACTIVITIES",,O,,blank,174.72345764047458,,175.6335840841416,,175.80541729611173,,176.6785808705866,,177.09796027269968,,177.6825050946419,,178.52236175491538,,179.0275093707388,,179.6841564817643,,180.46992211631368,,181.26413428631986,,181.06227841226104,,179.87371700248104,,179.45103275221643,,178.93092359944401,,179.46916003679624,,180.0785742938719,,180.60333852968276,,180.5625468787283,,180.7204796403687,,180.18644454784794,,180.38908939383884,,177.85288712717636,,175.66709399492356,,173.49336992714257,,171.8231513491286,,169.74636501967277,,168.11674033633875,,166.6224029645617,,164.66076729643288,,162.38790475503188,,159.04104011970003,,164.4173491779217,,169.92577675689233,,175.6352812843899,,180.9058186226581,,185.46657056649184,,191.3703522262204,,197.67163257014408,,204.36177983619316,,211.0599612620247,,218.56293986976723,,226.19397716406655,,233.858623310137,,241.7743028077581,,249.76123491361085,,253.31394423970036,,257.06213217544774,,260.6000970832923,,264.19985014939317,,268.28787712283355,,271.7517515479424,,275.54487831909177,,278.5698501833019,,281.89554956334433,,285.00783219517314,,290.7684822193228,,296.1459718746999,,302.27814201185424,,308.8847535617587,,315.31269406431693,,322.7022922736181,,330.34952992768007,,337.9317336205486,,345.30146369121405,,352.66345304319407,,356.5724207692092,,360.069055834951,,363.5203064255466,,366.93304714580034,,370.2561286117345,,373.4521506489801,,376.86865553870837,,379.92530550070205,,382.83706206070394,,386.0900567462369,,393.74389626379553,,402.0513581115149,,410.4209015585876,,,blank,,blank,,blank,,blank,,blank,,blank,436.24368994789563,,423.2311250713561,,410.01686516174095,,398.2847612375606,,388.3716375699577,,377.88297114984505,,367.06914786748047,,356.5367005032392,,346.6791761216083,,337.5023396314192,,329.21425080048687,,333.6260683688055,,337.4338432839089,,340.35087424764004,,342.87189739646834,,345.3873493595509,,348.50083770854667,,352.15249801242715,,354.8238134660943,,356.6099646506078,,,blank,,blank,,blank,,blank,,blank,,blank,372.69888452665447,,381.0014138161265,,402.76376884451054,,424.21345456173503,,447.1022307372985,,471.79654989567285,,498.3382759246209,,526.0313335004045,,,blank,,blank,,blank,,blank,,blank,,blank,,blank,,blank,,blank,,blank,,blank,,blank,,blank,,blank,,blank,,blank,,blank,,blank,,blank,,blank,,blank,,blank,,blank,,blank,,blank,,blank,,blank,,blank,,blank,,blank,,blank,,blank,,blank,,blank,,blank,,blank,,blank
VA-K,106,,PRIVATE HOUSEHOLDS WITH EMPLOYED PERSONS,,P,,blank,113.92926306455584,,114.42721993303189,,114.92709941489979,,115.42890151015939,,115.93358752550674,,116.44019615424594,,116.94872739637685,,117.46014255859554,,117.97348033420596,,118.48874072320821,,119.00688503229814,,119.52695195477993,,120.04894149065346,,120.57381494661472,,121.10061101596776,,121.62932969871262,,122.16093230154522,,122.69445751776954,,123.23086665408157,,123.7691984037854,,124.31041407357695,,124.85355235676032,,125.76583241116914,,126.68484161244929,,127.6105799606007,,128.54304745562342,,129.48224409751748,,130.42816988628283,,131.38082482191942,,132.34020890442739,,133.30632213380656,,134.27820320336116,,135.98163866849552,,137.70622288093963,,139.45291714738943,,141.22172146784493,,143.01263584230608,,144.82662157746887,,146.6636786733332,,148.52380712989924,,150.40796825386272,,152.31616204522368,,154.2483885039821,,156.20464763013803,,158.18590073038735,,160.19214780473007,,161.90904156360693,,163.644200149706,,165.39762356302708,,167.17027311026615,,168.96118748472736,,170.77132799310655,,172.60165594209965,,174.45121002501065,,176.32095154853567,,178.20895789928267,,177.92537242399226,,177.6427482553978,,177.36012408680324,,177.07846122490463,,176.796798363006,,176.51609680780334,,176.2353952526005,,175.95469369739786,,175.67495344889105,,175.3952132003842,,176.83140540405844,,178.2800945947793,,179.74031946585094,,181.21208001727345,,182.69633755574256,,184.19309208125858,,185.70138228712517,,187.2221694800385,,188.7554536599986,,190.30219613370122,,191.8604742877547,,193.4322107355507,,195.01644417039344,,,blank,,blank,,blank,,blank,,blank,,blank,145.8696393425201,,147.8124401749334,,149.54759876103242,,151.6855448527134,,154.41950109585224,,156.8352648226482,,159.00397272859803,,161.1688354077642,,163.5038493721046,,166.050350809543,,168.94196135080938,,165.74657789363866,,162.2416536803883,,158.33586457494772,,154.28107293164265,,150.2839596900916,,146.59734851131617,,143.16548360695413,,139.38658698537233,,135.32410488850007,,,blank,,blank,,blank,,blank,,blank,,blank,110.36666044955147,,108.81703405576111,,106.49932361194689,,103.81920054377841,,101.2371307585918,,98.80887004474909,,96.50269528128564,,94.16672001024929,,,blank,,blank,,blank,,blank,,blank,,blank,,blank,,blank,,blank,,blank,,blank,,blank,,blank,,blank,,blank,,blank,,blank,,blank,,blank,,blank,,blank,,blank,,blank,,blank,,blank,,blank,,blank,,blank,,blank,,blank,,blank,,blank,,blank,,blank,,blank,,blank,,blank
VA-K,107,,EXTRA-TERRITORIAL ORGANIZATION AND BODIES,,Q,,blank,,blank,,blank,,blank,,blank,,blank,,blank,,blank,,blank,,blank,,blank,,blank,,blank,,blank,,blank,,blank,,blank,,blank,,blank,,blank,,blank,,blank,,blank,,blank,,blank,,blank,,blank,,blank,,blank,,blank,,blank,,blank,,blank,,blank,,blank,,blank,,blank,,blank,,blank,,blank,,blank,,blank,,blank,,blank,,blank,,blank,,blank,,blank,,blank,,blank,,blank,,blank,,blank,,blank,,blank,,blank,,blank,,blank,,blank,,blank,,blank,,blank,,blank,,blank,,blank,,blank,,blank,,blank,,blank,,blank,,blank,,blank,,blank,,blank,,blank,,blank,,blank,,blank,,blank,,blank,,blank,,blank,,blank,,blank,,blank,,blank,,blank,,blank,,blank,,blank,,blank,,blank,,blank,,blank,,blank,,blank,,blank,,blank,,blank,,blank,,blank,,blank,,blank,,blank,,blank,,blank,,blank,,blank,,blank,,blank,,blank,,blank,,blank,,blank,,blank,,blank,,blank,,blank,,blank,,blank,,blank,,blank,,blank,,blank,,blank,,blank,,blank,,blank,,blank,,blank,,blank,,blank,,blank,,blank,,blank,,blank,,blank,,blank,,blank,,blank,,blank,,blank,,blank,,blank,,blank,,blank,,blank,,blank,,blank,,blank,,blank,,blank,,blank,,blank,,blank,,blank,,blank
VA-K,108,,MISCELLANEOUS SERVICES,,MISCs,,blank,,blank,,blank,,blank,,blank,,blank,,blank,,blank,,blank,,blank,,blank,,blank,,blank,,blank,,blank,,blank,,blank,,blank,,blank,,blank,,blank,,blank,,blank,,blank,,blank,,blank,,blank,,blank,,blank,,blank,,blank,,blank,,blank,,blank,,blank,,blank,,blank,,blank,,blank,,blank,,blank,,blank,,blank,,blank,,blank,,blank,,blank,,blank,,blank,,blank,,blank,,blank,,blank,,blank,,blank,,blank,,blank,,blank,,blank,,blank,,blank,,blank,,blank,,blank,,blank,,blank,,blank,,blank,,blank,,blank,,blank,,blank,,blank,,blank,,blank,,blank,,blank,,blank,,blank,,blank,,blank,,blank,,blank,,blank,,blank,,blank,,blank,,blank,,blank,,blank,,blank,,blank,,blank,,blank,,blank,,blank,,blank,,blank,,blank,,blank,,blank,,blank,,blank,,blank,,blank,,blank,,blank,,blank,,blank,,blank,,blank,,blank,,blank,,blank,,blank,,blank,,blank,,blank,,blank,,blank,,blank,,blank,,blank,,blank,,blank,,blank,,blank,,blank,,blank,,blank,,blank,,blank,,blank,,blank,,blank,,blank,,blank,,blank,,blank,,blank,,blank,,blank,,blank,,blank,,blank,,blank,,blank,,blank,,blank,,blank,,blank,,blank,,blank,,blank,,blank,,blank,,blank
VA-K,109,,blank,,blank,,blank,,blank,,blank,,blank,,blank,,blank,,blank,,blank,,blank,,blank,,blank,,blank,,blank,,blank,,blank,,blank,,blank,,blank,,blank,,blank,,blank,,blank,,blank,,blank,,blank,,blank,,blank,,blank,,blank,,blank,,blank,,blank,,blank,,blank,,blank,,blank,,blank,,blank,,blank,,blank,,blank,,blank,,blank,,blank,,blank,,blank,,blank,,blank,,blank,,blank,,blank,,blank,,blank,,blank,,blank,,blank,,blank,,blank,,blank,,blank,,blank,,blank,,blank,,blank,,blank,,blank,,blank,,blank,,blank,,blank,,blank,,blank,,blank,,blank,,blank,,blank,,blank,,blank,,blank,,blank,,blank,,blank,,blank,,blank,,blank,,blank,,blank,,blank,,blank,,blank,,blank,,blank,,blank,,blank,,blank,,blank,,blank,,blank,,blank,,blank,,blank,,blank,,blank,,blank,,blank,,blank,,blank,,blank,,blank,,blank,,blank,,blank,,blank,,blank,,blank,,blank,,blank,,blank,,blank,,blank,,blank,,blank,,blank,,blank,,blank,,blank,,blank,,blank,,blank,,blank,,blank,,blank,,blank,,blank,,blank,,blank,,blank,,blank,,blank,,blank,,blank,,blank,,blank,,blank,,blank,,blank,,blank,,blank,,blank,,blank,,blank,,blank,,blank,,blank,,blank,,blank,,blank
VA-K,110,,TOTAL VALUE ADDED,,tVA,,blank,,blank,,blank,,blank,,blank,,blank,,blank,,blank,,blank,,blank,,blank,,blank,,blank,,blank,,blank,,blank,,blank,,blank,,blank,,blank,,blank,,blank,,blank,,blank,,blank,,blank,,blank,,blank,,blank,,blank,,blank,,blank,,blank,,blank,,blank,,blank,,blank,,blank,,blank,,blank,,blank,,blank,,blank,,blank,,blank,,blank,,blank,,blank,,blank,,blank,,blank,,blank,,blank,,blank,,blank,,blank,,blank,,blank,,blank,,blank,,blank,,blank,,blank,,blank,,blank,,blank,,blank,,blank,,blank,,blank,,blank,,blank,,blank,,blank,,blank,,blank,,blank,,blank,,blank,,blank,,blank,,blank,,blank,,blank,,blank,,blank,,blank,,blank,,blank,,blank,,blank,,blank,,blank,,blank,,blank,,blank,,blank,,blank,,blank,,blank,,blank,,blank,,blank,,blank,,blank,,blank,,blank,,blank,,blank,,blank,,blank,,blank,,blank,,blank,,blank,,blank,,blank,,blank,,blank,,blank,,blank,,blank,,blank,,blank,,blank,,blank,,blank,,blank,,blank,,blank,,blank,,blank,,blank,,blank,,blank,,blank,,blank,,blank,,blank,,blank,,blank,,blank,,blank,,blank,,blank,,blank,,blank,,blank,,blank,,blank,,blank,,blank,,blank,,blank,,blank,,blank,,blank
VA-K,111,,NET INDIRECT TAXES,,iTAX,,blank,,blank,,blank,,blank,,blank,,blank,,blank,,blank,,blank,,blank,,blank,,blank,,blank,,blank,,blank,,blank,,blank,,blank,,blank,,blank,,blank,,blank,,blank,,blank,,blank,,blank,,blank,,blank,,blank,,blank,,blank,,blank,,blank,,blank,,blank,,blank,,blank,,blank,,blank,,blank,,blank,,blank,,blank,,blank,,blank,,blank,,blank,,blank,,blank,,blank,,blank,,blank,,blank,,blank,,blank,,blank,,blank,,blank,,blank,,blank,,blank,,blank,,blank,,blank,,blank,,blank,,blank,,blank,,blank,,blank,,blank,,blank,,blank,,blank,,blank,,blank,,blank,,blank,,blank,,blank,,blank,,blank,,blank,,blank,,blank,,blank,,blank,,blank,,blank,,blank,,blank,,blank,,blank,,blank,,blank,,blank,,blank,,blank,,blank,,blank,,blank,,blank,,blank,,blank,,blank,,blank,,blank,,blank,,blank,,blank,,blank,,blank,,blank,,blank,,blank,,blank,,blank,,blank,,blank,,blank,,blank,,blank,,blank,,blank,,blank,,blank,,blank,,blank,,blank,,blank,,blank,,blank,,blank,,blank,,blank,,blank,,blank,,blank,,blank,,blank,,blank,,blank,,blank,,blank,,blank,,blank,,blank,,blank,,blank,,blank,,blank,,blank,,blank,,blank,,blank,,blank,,blank
VA-K,112,,TOTAL GDP,,GDP,,blank,1524.9080768342333,,1560.2160197747403,,1618.2979085612783,,1616.9037723740512,,1640.5484627826213,,1662.8894804195525,,1714.386681819154,,1746.8494915144092,,1718.6246835955742,,1789.158403513899,,1864.9306005495764,,1851.701599684053,,2003.8641636294549,,1903.6692504826785,,2000.1002055173633,,2009.7050794176162,,2066.36381435556,,2091.793951235113,,2170.37018547431,,2280.117085972132,,2276.6600982352566,,2464.96573838882,,2542.510622592989,,2523.9465845675318,,2518.420166589269,,2696.841623325296,,2719.845767821257,,2884.2864259433677,,3032.944102286413,,3155.4710940759396,,3206.3950086285076,,3324.5681228049134,,3322.268248223014,,3535.4810695761066,,3874.80755183102,,3981.9520183983577,,3928.4315255853826,,4212.218080820284,,4044.1954641020047,,4383.308426239141,,4290.556308784064,,4341.42270310273,,4380.228238814917,,4487.804834671157,,4491.474836684303,,4702.92425815297,,4752.6990003531255,,4963.307292436818,,5026.5968825307955,,4899.638488225476,,4986.496434776617,,4947.73794820296,,5188.8013355740295,,5176.529101002542,,5471.360469464049,,5423.128851780988,,5452.476274789928,,5489.262030989729,,5694.818113831135,,5756.144216887902,,5826.1688360822145,,6052.876856307982,,6217.153414817571,,6294.211091808445,,6353.726166506088,,6305.16805844694,,6332.033323511172,,6638.113892981734,,6837.314418567077,,7120.016056668192,,7326.219829597282,,7432.241365922851,,7512.061859829709,,7619.851579775327,,7739.50977770273,,8108.215237691108,,8350.9269226396,,8618.455817452657,,8781.398256488937,,,blank,,blank,,blank,,blank,,blank,,blank,6209.5223127131885,,6657.14883245576,,7354.003577595922,,7683.320001472653,,8231.503822430861,,8456.263132617234,,8873.80128942347,,9221.090555690913,,9707.294785555076,,9922.051829594599,,9722.192334038671,,9212.84828616312,,8491.751202811445,,8444.003922004977,,8352.853723134976,,8271.10063184128,,8776.44600280481,,9915.362792832546,,9263.500913732147,,8933.173685445949,,,blank,,blank,,blank,,blank,,blank,,blank,8470.560095422103,,9759.466257551854,,10876.003336313026,,10733.893735297237,,11339.426588960927,,12136.935843572817,,12084.804892126887,,12439.020160541999,,12281.202600937868,,12913.624710329836,,13227.70479331736,,13630.639422677636,,13426.914877717962,,13774.326492690045,,14659.7618813931,,15387.411984067016,,16095.38089167822,,17090.819570169544,,18312.992098748582,,18943.411506122957,,19655.43329090401,,20312.929470917014,,21370.012255266178,,22978.986455722214,,24148.887472422135,,25334.539105758136,,26937.593922710177,,28931.541446758496,,29836.719546838976,,28972.438823549863,,30628.232037276153,,30970.23487790865,,31924.84878555224,,32864.477838270286,,34181.6344803245,,33615.72738318011,,34451.061926797374,,34367.94684327001,,34761.90968574118,,35497.41625763925,,36236.22560661325,,36989.43936456185,,38729.735192997665,,40138.272328218496,,41517.64188175284,
VA-Ki,1,,"BELGIUM, Value Added at Market Prices in Constant Prices",,blank,,blank,,blank,,blank,,blank,,blank,,blank,,blank,,blank,,blank,,blank,,blank,,blank,,blank,,blank,,blank,,blank,,blank,,blank,,blank,,blank,,blank,,blank,,blank,,blank,,blank,,blank,,blank,,blank,,blank,,blank,,blank,,blank,,blank,,blank,,blank,,blank,,blank,,blank,,blank,,blank,,blank,,blank,,blank,,blank,,blank,,blank,,blank,,blank,,blank,,blank,,blank,,blank,,blank,,blank,,blank,,blank,,blank,,blank,,blank,,blank,,blank,,blank,,blank,,blank,,blank,,blank,,blank,,blank,,blank,,blank,,blank,,blank,,blank,,blank,,blank,,blank,,blank,,blank,,blank,,blank,,blank,,blank,,blank,,blank,,blank,,blank,,blank,,blank,,blank,,blank,,blank,,blank,,blank,,blank,,blank,,blank,,blank,,blank,,blank,,blank,,blank,,blank,,blank,,blank,,blank,,blank,,blank,,blank,,blank,,blank,,blank,,blank,,blank,,blank,,blank,,blank,,blank,,blank,,blank,,blank,,blank,,blank,,blank,,blank,,blank,,blank,,blank,,blank,,blank,,blank,,blank,,blank,,blank,,blank,,blank,,blank,,blank,,blank,,blank,,blank,,blank,,blank,,blank,,blank,,blank,,blank,,blank,,blank,,blank,,blank,,blank,,blank,,blank,,blank,,blank,,blank,,blank
VA-Ki,2,,Volume indices (1910 = 100),,blank,,blank,,blank,,blank,,blank,,blank,,blank,,blank,,blank,,blank,,blank,,blank,,blank,,blank,,blank,,blank,,blank,,blank,,blank,,blank,,blank,,blank,,blank,,blank,,blank,,blank,,blank,,blank,,blank,,blank,,blank,,blank,,blank,,blank,,blank,,blank,,blank,,blank,,blank,,blank,,blank,,blank,,blank,,blank,,blank,,blank,,blank,,blank,,blank,,blank,,blank,,blank,,blank,,blank,,blank,,blank,,blank,,blank,,blank,,blank,,blank,,blank,,blank,,blank,,blank,,blank,,blank,,blank,,blank,,blank,,blank,,blank,,blank,,blank,,blank,,blank,,blank,,blank,,blank,,blank,,blank,,blank,,blank,,blank,,blank,,blank,,blank,,blank,,blank,,blank,,blank,,blank,,blank,,blank,,blank,,blank,,blank,,blank,,blank,,blank,,blank,,blank,,blank,,blank,,blank,,blank,,blank,,blank,,blank,,blank,,blank,,blank,,blank,,blank,,blank,,blank,,blank,,blank,,blank,,blank,,blank,,blank,,blank,,blank,,blank,,blank,,blank,,blank,,blank,,blank,,blank,,blank,,blank,,blank,,blank,,blank,,blank,,blank,,blank,,blank,,blank,,blank,,blank,,blank,,blank,,blank,,blank,,blank,,blank,,blank,,blank,,blank,,blank,,blank,,blank,,blank,,blank,,blank
VA-Ki,3,,blank,,blank,,blank,,blank,,blank,,blank,,blank,,blank,,blank,,blank,,blank,,blank,,blank,,blank,,blank,,blank,,blank,,blank,,blank,,blank,,blank,,blank,,blank,,blank,,blank,,blank,,blank,,blank,,blank,,blank,,blank,,blank,,blank,,blank,,blank,,blank,,blank,,blank,,blank,,blank,,blank,,blank,,blank,,blank,,blank,,blank,,blank,,blank,,blank,,blank,,blank,,blank,,blank,,blank,,blank,,blank,,blank,,blank,,blank,,blank,,blank,,blank,,blank,,blank,,blank,,blank,,blank,,blank,,blank,,blank,,blank,,blank,,blank,,blank,,blank,,blank,,blank,,blank,,blank,,blank,,blank,,blank,,blank,,blank,,blank,,blank,,blank,,blank,,blank,,blank,,blank,,blank,,blank,,blank,,blank,,blank,,blank,,blank,,blank,,blank,,blank,,blank,,blank,,blank,,blank,,blank,,blank,,blank,,blank,,blank,,blank,,blank,,blank,,blank,,blank,,blank,,blank,,blank,,blank,,blank,,blank,,blank,,blank,,blank,,blank,,blank,,blank,,blank,,blank,,blank,,blank,,blank,,blank,,blank,,blank,,blank,,blank,,blank,,blank,,blank,,blank,,blank,,blank,,blank,,blank,,blank,,blank,,blank,,blank,,blank,,blank,,blank,,blank,,blank,,blank,,blank,,blank,,blank,,blank
VA-Ki,4,,blank,,ID,,blank,1835,,1836,,1837,,1838,,1839,,1840,,1841,,1842,,1843,,1844,,1845,,1846,,1847,,1848,,1849,,1850,,1851,,1852,,1853,,1854,,1855,,1856,,1857,,1858,,1859,,1860,,1861,,1862,,1863,,1864,,1865,,1866,,1867,,1868,,1869,,1870,,1871,,1872,,1873,,1874,,1875,,1876,,1877,,1878,,1879,,1880,,1881,,1882,,1883,,1884,,1885,,1886,,1887,,1888,,1889,,1890,,1891,,1892,,1893,,1894,,1895,,1896,,1897,,1898,,1899,,1900,,1901,,1902,,1903,,1904,,1905,,1906,,1907,,1908,,1909,,1910,,1911,,1912,,1913,,1914,,1915,,1916,,1917,,1918,,1919,,1920,,1921,,1922,,1923,,1924,,1925,,1926,,1927,,1928,,1929,,1930,,1931,,1932,,1933,,1934,,1935,,1936,,1937,,1938,,1939,,1940,,1941,,1942,,1943,,1944,,1945,,1946,,1947,,1948,,1949,,1950,,1951,,1952,,1953,,1954,,1955,,1956,,1957,,1958,,1959,,1960,,1961,,1962,,1963,,1964,,1965,,1966,,1967,,1968,,1969,,1970,,1971,,1972,,1973,,1974,,1975,,1976,,1977,,1978,,1979,,1980,,1981,,1982,,1983,,1984,,1985,,1986,,1987,,1988,,1989,,1990,
VA-Ki,5,,"AGRICULTURE, HUNTING, FORESTRY AND FISHING",,A; B,,blank,,blank,,blank,,blank,,blank,,blank,,blank,,blank,,blank,,blank,,blank,,blank,,blank,,blank,,blank,,blank,,blank,,blank,,blank,,blank,,blank,,blank,,blank,,blank,,blank,,blank,,blank,,blank,,blank,,blank,,blank,,blank,,blank,,blank,,blank,,blank,,blank,,blank,,blank,,blank,,blank,,blank,,blank,,blank,,blank,,blank,,blank,,blank,,blank,,blank,,blank,,blank,,blank,,blank,,blank,,blank,,blank,,blank,,blank,,blank,,blank,,blank,,blank,,blank,,blank,,blank,,blank,,blank,,blank,,blank,,blank,,blank,,blank,,blank,,blank,,blank,,blank,,blank,,blank,,blank,,blank,,blank,,blank,,blank,,blank,,blank,,blank,,blank,,blank,,blank,,blank,,blank,,blank,,blank,,blank,,blank,,blank,,blank,,blank,,blank,,blank,,blank,,blank,,blank,,blank,,blank,,blank,,blank,,blank,,blank,,blank,,blank,,blank,,blank,,blank,,blank,,blank,,blank,,blank,,blank,,blank,,blank,,blank,,blank,,blank,,blank,,blank,,blank,,blank,,blank,,blank,,blank,,blank,,blank,,blank,,blank,,blank,,blank,,blank,,blank,,blank,,blank,,blank,,blank,,blank,,blank,,blank,,blank,,blank,,blank,,blank,,blank,,blank,,blank,,blank,,blank,,blank
VA-Ki,6,,"   AGRICULTURE, HUNTING AND FORESTRY",,A,,blank,48.669570931507764,,48.67608432813649,,49.993383149894,,51.373402749754796,,52.47268272567225,,53.88504464250076,,55.54419996321911,,57.03635893674874,,58.59993321030756,,59.93538313950647,,62.01820455086718,,59.82377621232039,,79.25582903432785,,69.37428369940946,,75.64399880190138,,69.47368784653743,,69.96277092763552,,68.64489474166365,,70.38749469361353,,78.25851995743854,,72.83195337344213,,83.93700135962185,,87.54332087915483,,81.63333708202718,,71.36260045808544,,77.8106985558005,,74.43297967798628,,82.11125789197332,,92.07744464395475,,90.04243865852474,,82.49869046097146,,79.2861163492497,,77.13995976473218,,93.63456061145253,,83.27593729034668,,84.03269822398319,,73.77011794231875,,89.74738251838522,,78.94381060271415,,96.65435290302676,,79.42520809676039,,85.69423654032762,,83.99703536231115,,79.18991883284608,,75.27790944850248,,81.99071392234522,,84.40107128006959,,84.39863912780669,,83.61588512114359,,80.97380908922294,,82.03501007472909,,83.56381428877272,,84.03095035892395,,81.24302252804128,,86.82238258780153,,86.80190028182604,,85.56362037924904,,88.75372717244062,,89.84375422200294,,87.89194858284813,,90.5640178091684,,87.58206488801618,,97.15421391829146,,94.75398721324638,,88.94863873073061,,95.36349811710721,,93.00396838205717,,95.46397836104002,,92.48181641679881,,98.16736512285472,,97.0558035189516,,96.70160987837194,,99.89405864702972,,102.54581088173033,,98.34185626547651,,100,,95.88251729151096,,92.46588228820978,,95.82501379706095,,,blank,,blank,,blank,,blank,,blank,,blank,100.98953807530964,,96.08627999236997,,87.77870383994316,,100.27793146514779,,99.92311791615853,,96.69647260500673,,97.22669693230593,,88.28088450681639,,94.70022699021632,,95.08134321189654,,93.38285695319331,,90.57892711563093,,99.89581040483199,,105.39820373642901,,91.58891364882878,,42.98582600772773,,35.98892241867472,,94.59707903892912,,96.8218500429138,,94.16569055831012,,,blank,,blank,,blank,,blank,,blank,,blank,98.11161069477008,,87.81896333694561,,82.35573825831007,,103.2081854926941,,102.80400211774847,,103.2983224659197,,99.89870610688193,,121.08245176290819,,,blank,,blank,,blank,,blank,,blank,,blank,,blank,,blank,,blank,,blank,,blank,,blank,,blank,,blank,,blank,,blank,,blank,,blank,,blank,,blank,,blank,,blank,,blank,,blank,,blank,,blank,,blank,,blank,,blank,,blank,,blank,,blank,,blank,,blank,,blank,,blank,,blank
VA-Ki,7,,   FISHING,,B,,blank,,blank,,blank,,blank,,blank,,blank,,blank,,blank,,blank,,blank,,blank,,blank,,blank,,blank,,blank,,blank,,blank,,blank,,blank,,blank,,blank,,blank,,blank,,blank,,blank,,blank,,blank,,blank,,blank,,blank,,blank,,blank,,blank,,blank,,blank,,blank,,blank,,blank,,blank,,blank,,blank,,blank,,blank,,blank,,blank,,blank,,blank,,blank,,blank,,blank,,blank,,blank,,blank,,blank,,blank,,blank,,blank,,blank,,blank,,blank,,blank,,blank,,blank,,blank,,blank,,blank,,blank,,blank,,blank,,blank,,blank,,blank,,blank,,blank,,blank,,blank,,blank,,blank,,blank,,blank,,blank,,blank,,blank,,blank,,blank,,blank,,blank,,blank,,blank,,blank,,blank,,blank,,blank,,blank,,blank,,blank,,blank,,blank,,blank,,blank,,blank,,blank,,blank,,blank,,blank,,blank,,blank,,blank,,blank,,blank,,blank,,blank,,blank,,blank,,blank,,blank,,blank,,blank,,blank,,blank,,blank,,blank,,blank,,blank,,blank,,blank,,blank,,blank,,blank,,blank,,blank,,blank,,blank,,blank,,blank,,blank,,blank,,blank,,blank,,blank,,blank,,blank,,blank,,blank,,blank,,blank,,blank,,blank,,blank,,blank,,blank,,blank,,blank,,blank,,blank,,blank,,blank
VA-Ki,8,,TOTAL INDUSTRY,,C; D; E; F,,blank,11.777675709551911,,12.400059587867556,,12.962065775721332,,12.70129825651583,,13.037838770895855,,13.256389215245148,,13.900302117931448,,14.03198241553501,,13.84310278587622,,14.275731685562704,,14.929620739729621,,15.311375036659708,,15.689888289119919,,15.429365084813574,,15.617288216207715,,16.43009918681278,,17.540486386193983,,18.352248071935552,,19.96434021287896,,21.00514288691975,,21.981104173573026,,23.628633112040905,,23.867790960251707,,23.714972239194598,,25.103194644435543,,27.804620178187335,,28.503374961737677,,29.95539329233535,,30.50085066913538,,33.40233792739596,,34.68655827814137,,38.19286944687942,,38.69857758769042,,40.00779653423208,,47.27825977554047,,48.958191300854054,,48.698155546585795,,52.47648961415924,,51.9162523155873,,54.903227309375005,,52.0234674086115,,51.463813397638916,,52.63349539901476,,54.97203132052836,,54.821549524391145,,57.69207447409378,,58.90843998149439,,62.33060238147055,,63.308581579689275,,60.76607005008241,,61.46777333332511,,59.973963436924585,,64.93265805339185,,63.89540020391199,,70.03757810697915,,68.02854093341246,,67.48283562968088,,68.03420286171861,,70.48831099315808,,71.69622664308618,,71.98829698598318,,76.11340869072811,,77.57854935924041,,77.68123243468226,,79.01713634573697,,76.491822205798,,75.90332186532494,,81.0743255670588,,84.12832879646778,,87.86215783884968,,90.02734300283173,,91.68672609888755,,92.28586781247952,,93.25770163573227,,94.34240144263873,,100,,103.05719913565792,,107.03961404410998,,107.43021792807532,,,blank,,blank,,blank,,blank,,blank,,blank,61.25004814146591,,71.36962131266465,,84.46292870522437,,88.76818571226944,,98.26638158348229,,101.10696352627491,,110.02816619035798,,117.70661425446924,,124.71930092573858,,127.69303514709955,,122.50009628293186,,113.40135724742422,,97.511852004928,,95.07072689784054,,95.73648829068257,,101.77272491911692,,113.31258906171193,,125.25191004001222,,112.20298674030857,,105.90044555473746,,,blank,,blank,,blank,,blank,,blank,,blank,88.23557659799583,,112.29175492602086,,124.27545999717724,,127.20481012568217,,135.28271502549862,,145.9792814038271,,142.78362671818542,,146.47513862900217,,,blank,,blank,,blank,,blank,,blank,,blank,,blank,,blank,,blank,,blank,,blank,,blank,,blank,,blank,,blank,,blank,,blank,,blank,,blank,,blank,,blank,,blank,,blank,,blank,,blank,,blank,,blank,,blank,,blank,,blank,,blank,,blank,,blank,,blank,,blank,,blank,,blank
VA-Ki,9,,   MINING AND QUARRYING,,C,,blank,,blank,,blank,,blank,,blank,,blank,,blank,,blank,,blank,,blank,,blank,,blank,,blank,,blank,,blank,,blank,,blank,,blank,,blank,,blank,,blank,,blank,,blank,,blank,,blank,,blank,,blank,,blank,,blank,,blank,,blank,,blank,,blank,,blank,,blank,,blank,,blank,,blank,,blank,,blank,,blank,,blank,,blank,,blank,,blank,,blank,,blank,,blank,,blank,,blank,,blank,,blank,,blank,,blank,,blank,,blank,,blank,,blank,,blank,,blank,,blank,,blank,,blank,,blank,,blank,,blank,,blank,,blank,,blank,,blank,,blank,,blank,,blank,,blank,,blank,,blank,,blank,,blank,,blank,,blank,,blank,,blank,,blank,,blank,,blank,,blank,,blank,,blank,,blank,,blank,,blank,,blank,,blank,,blank,,blank,,blank,,blank,,blank,,blank,,blank,,blank,,blank,,blank,,blank,,blank,,blank,,blank,,blank,,blank,,blank,,blank,,blank,,blank,,blank,,blank,,blank,,blank,,blank,,blank,,blank,,blank,,blank,,blank,,blank,,blank,,blank,,blank,,blank,,blank,,blank,,blank,,blank,,blank,,blank,,blank,,blank,,blank,,blank,,blank,,blank,,blank,,blank,,blank,,blank,,blank,,blank,,blank,,blank,,blank,,blank,,blank,,blank,,blank,,blank,,blank,,blank,,blank
VA-Ki,10,,   MANUFACTURING,,D,,blank,,blank,,blank,,blank,,blank,,blank,,blank,,blank,,blank,,blank,,blank,,blank,,blank,,blank,,blank,,blank,,blank,,blank,,blank,,blank,,blank,,blank,,blank,,blank,,blank,,blank,,blank,,blank,,blank,,blank,,blank,,blank,,blank,,blank,,blank,,blank,,blank,,blank,,blank,,blank,,blank,,blank,,blank,,blank,,blank,,blank,,blank,,blank,,blank,,blank,,blank,,blank,,blank,,blank,,blank,,blank,,blank,,blank,,blank,,blank,,blank,,blank,,blank,,blank,,blank,,blank,,blank,,blank,,blank,,blank,,blank,,blank,,blank,,blank,,blank,,blank,,blank,,blank,,blank,,blank,,blank,,blank,,blank,,blank,,blank,,blank,,blank,,blank,,blank,,blank,,blank,,blank,,blank,,blank,,blank,,blank,,blank,,blank,,blank,,blank,,blank,,blank,,blank,,blank,,blank,,blank,,blank,,blank,,blank,,blank,,blank,,blank,,blank,,blank,,blank,,blank,,blank,,blank,,blank,,blank,,blank,,blank,,blank,,blank,,blank,,blank,,blank,,blank,,blank,,blank,,blank,,blank,,blank,,blank,,blank,,blank,,blank,,blank,,blank,,blank,,blank,,blank,,blank,,blank,,blank,,blank,,blank,,blank,,blank,,blank,,blank,,blank,,blank,,blank,,blank,,blank,,blank
VA-Ki,11,,"   ELECTRICITY, GAS AND WATER SUPPLY",,E,,blank,,blank,,blank,,blank,,blank,,blank,,blank,,blank,,blank,,blank,,blank,,blank,,blank,,blank,,blank,,blank,,blank,,blank,,blank,,blank,,blank,,blank,,blank,,blank,,blank,,blank,,blank,,blank,,blank,,blank,,blank,,blank,,blank,,blank,,blank,,blank,,blank,,blank,,blank,,blank,,blank,,blank,,blank,,blank,,blank,,blank,,blank,,blank,,blank,,blank,,blank,,blank,,blank,,blank,,blank,,blank,,blank,,blank,,blank,,blank,,blank,,blank,,blank,,blank,,blank,,blank,,blank,,blank,,blank,,blank,,blank,,blank,,blank,,blank,,blank,,blank,,blank,,blank,,blank,,blank,,blank,,blank,,blank,,blank,,blank,,blank,,blank,,blank,,blank,,blank,,blank,,blank,,blank,,blank,,blank,,blank,,blank,,blank,,blank,,blank,,blank,,blank,,blank,,blank,,blank,,blank,,blank,,blank,,blank,,blank,,blank,,blank,,blank,,blank,,blank,,blank,,blank,,blank,,blank,,blank,,blank,,blank,,blank,,blank,,blank,,blank,,blank,,blank,,blank,,blank,,blank,,blank,,blank,,blank,,blank,,blank,,blank,,blank,,blank,,blank,,blank,,blank,,blank,,blank,,blank,,blank,,blank,,blank,,blank,,blank,,blank,,blank,,blank,,blank,,blank,,blank,,blank
VA-Ki,12,,   CONSTRUCTION,,F,,blank,,blank,,blank,,blank,,blank,,blank,,blank,,blank,,blank,,blank,,blank,,blank,,blank,,blank,,blank,,blank,,blank,,blank,,blank,,blank,,blank,,blank,,blank,,blank,,blank,,blank,,blank,,blank,,blank,,blank,,blank,,blank,,blank,,blank,,blank,,blank,,blank,,blank,,blank,,blank,,blank,,blank,,blank,,blank,,blank,,blank,,blank,,blank,,blank,,blank,,blank,,blank,,blank,,blank,,blank,,blank,,blank,,blank,,blank,,blank,,blank,,blank,,blank,,blank,,blank,,blank,,blank,,blank,,blank,,blank,,blank,,blank,,blank,,blank,,blank,,blank,,blank,,blank,,blank,,blank,,blank,,blank,,blank,,blank,,blank,,blank,,blank,,blank,,blank,,blank,,blank,,blank,,blank,,blank,,blank,,blank,,blank,,blank,,blank,,blank,,blank,,blank,,blank,,blank,,blank,,blank,,blank,,blank,,blank,,blank,,blank,,blank,,blank,,blank,,blank,,blank,,blank,,blank,,blank,,blank,,blank,,blank,,blank,,blank,,blank,,blank,,blank,,blank,,blank,,blank,,blank,,blank,,blank,,blank,,blank,,blank,,blank,,blank,,blank,,blank,,blank,,blank,,blank,,blank,,blank,,blank,,blank,,blank,,blank,,blank,,blank,,blank,,blank,,blank,,blank,,blank,,blank
VA-Ki,13,,WHOLESALE AND RETAIL TRADE; HOTELS AND RESTAURANTS,,G; H,,blank,15.382630120151862,,15.726468509770724,,16.04248075494496,,16.474063517351446,,15.858532292510786,,16.238256582269926,,16.561378345589368,,16.59850774990821,,16.10561679310552,,17.013719275910212,,17.737856312287352,,16.85472071164058,,17.315763902021715,,17.066322910688452,,18.247866369505754,,18.676116534712424,,19.303069604308938,,19.85911717464217,,20.034247742410493,,20.381986830600603,,20.759899687341672,,22.658701671126835,,24.363742140142193,,25.664453436448543,,26.16474778304258,,27.00139656278344,,26.72934249516055,,28.274162549401538,,30.07168890179233,,32.1443666044142,,33.260842194808035,,34.56542493615248,,33.84984801616223,,36.108089193147904,,40.34471521882937,,41.717510307682964,,42.42459770413247,,46.00047970312093,,45.15324157936726,,47.25729828555994,,49.44333577043115,,48.14833804081679,,47.42134377211579,,48.76864341287435,,48.724964213730416,,51.67152699645209,,51.32873222385882,,52.97856160469701,,54.129434042891425,,52.598362321029626,,53.000429800062754,,52.746758162526284,,56.27855834525634,,56.52895746727591,,59.627907971640134,,59.62176870277587,,60.927394781435176,,59.98263052374043,,62.43568849829,,64.07396303862694,,66.39544110748511,,70.29183830111286,,72.62626552937289,,72.8604433688176,,74.96290668869653,,74.70773872471166,,75.53716323720117,,79.13819246723703,,82.24375691293166,,85.38142970122377,,90.62629190356007,,92.64122797357498,,94.05086830500122,,91.8489649613092,,94.75309442338786,,100,,103.63649181746854,,107.62266554303967,,109.40816788583749,,,blank,,blank,,blank,,blank,,blank,,blank,74.28736168469995,,77.83361535961141,,97.4370305277143,,102.87256654238546,,113.20390734319406,,113.63934814876102,,121.1581069067243,,124.76850061055104,,131.24444711713485,,135.4247247136918,,131.49941664111554,,122.55646239316964,,107.41893571113926,,104.32704619892922,,103.05869218128987,,111.19686602506145,,120.81080359270145,,131.44612045130617,,118.83261798353291,,107.33400419846595,,,blank,,blank,,blank,,blank,,blank,,blank,110.62131648411109,,137.84262239164627,,137.78039902762146,,139.96417078957927,,152.67680056349616,,166.24715937970672,,168.44265980875528,,178.71993721225277,,,blank,,blank,,blank,,blank,,blank,,blank,,blank,,blank,,blank,,blank,,blank,,blank,,blank,,blank,,blank,,blank,,blank,,blank,,blank,,blank,,blank,,blank,,blank,,blank,,blank,,blank,,blank,,blank,,blank,,blank,,blank,,blank,,blank,,blank,,blank,,blank,,blank
VA-Ki,14,,   TRADE,,G,,blank,11.186269783894366,,11.680059859712262,,12.065298731988191,,12.024786338045459,,11.865428450903478,,12.498109936631103,,12.924194800839214,,13.199294808790714,,13.015875428105602,,13.033564099030714,,14.282153800531214,,13.995512544602812,,15.41828317718056,,14.262251119499913,,15.345125305196625,,15.463113885948987,,16.233077456588894,,17.347711488188338,,17.809096511063924,,19.0718904721715,,19.349349701021627,,21.541782953358663,,22.50199508905311,,22.27102433676543,,22.413496909333233,,24.342260197262828,,24.868937120203004,,26.239422920304357,,27.88051761782538,,30.04493888718856,,30.753264907621098,,32.22214781629551,,32.10301503639289,,34.982608629493534,,39.196729646157976,,40.47082789879436,,43.109486794360926,,45.72691931654077,,42.940584540770594,,46.00193591784799,,46.79829839800438,,45.20764147461428,,45.6487793317434,,47.560507191692764,,47.511704145737966,,50.30807292456858,,50.202420191586285,,52.64245116775152,,53.98367692839562,,51.07502960494198,,51.0888227917807,,51.004692853282776,,54.542861484422524,,55.05955568171118,,58.700398382899685,,58.17786001729374,,59.226191940103924,,57.87205779885286,,60.595922740842845,,62.056501797649844,,63.874572256923734,,67.81589530538126,,68.52980993681358,,69.68121508155235,,71.21434859615265,,69.51645859371969,,69.6452742909787,,75.46450907324495,,80.33398881491318,,83.67873320975706,,87.31962638635974,,89.68341210878845,,92.65456125248005,,89.6773934008772,,93.83296204780345,,100,,103.65621385691,,108.71316403974313,,109.49173461124802,,,blank,,blank,,blank,,blank,,blank,,blank,80.62130265777667,,80.98731425894023,,100.06757641597864,,106.66422379275626,,120.32610130017352,,119.94932842284669,,128.89748739814598,,134.65316156265777,,140.2105569681438,,144.20057134634447,,134.14369501133837,,118.2587085257435,,101.03092215330574,,98.29417016985312,,95.41287248524775,,106.92722580002909,,120.46154025031615,,135.74517689929192,,118.08118322743874,,105.83017918008713,,,blank,,blank,,blank,,blank,,blank,,blank,96.52273930398735,,123.1615120510123,,123.85905758852111,,125.73151254978244,,140.50635922006995,,156.53193632466676,,151.95281161639178,,160.13361633913325,,,blank,,blank,,blank,,blank,,blank,,blank,,blank,,blank,,blank,,blank,,blank,,blank,,blank,,blank,,blank,,blank,,blank,,blank,,blank,,blank,,blank,,blank,,blank,,blank,,blank,,blank,,blank,,blank,,blank,,blank,,blank,,blank,,blank,,blank,,blank,,blank,,blank
VA-Ki,15,,   HOTELS AND RESTAURANTS,,H,,blank,25.800948343622075,,25.77250116675387,,25.916644226993863,,27.52029925595685,,25.77222491842297,,25.523931508713822,,25.59142642772606,,25.037745396855392,,23.77652829483246,,26.89526420741737,,26.31734081032966,,23.95328665078748,,22.026645816401494,,24.02800158009282,,25.454511582266015,,26.653049249104594,,26.92494965644648,,26.094192700363934,,25.55863834900702,,23.634567560523507,,24.261876984338983,,25.431679608916845,,28.985907939934265,,34.08933152039613,,35.47799121466589,,33.60324355295473,,31.348177311011515,,33.325817616932284,,35.511717376291,,37.356623010578126,,39.48641294051738,,40.38308709197661,,38.186716256300166,,38.90232365513392,,43.19482294401814,,44.812653007222316,,40.72422120687804,,46.67964901470329,,50.646612810699665,,50.37399074869015,,56.010179142011104,,55.4492155085243,,51.822095597893636,,51.768087359767634,,51.737129152704064,,55.05657910487927,,54.12503097583967,,53.813024141212885,,54.4913057318004,,56.380345688687314,,57.746383086872264,,57.071789690670386,,60.58777890465479,,60.17704632844403,,61.93063921407581,,63.20656575678708,,65.15097692011,,65.22255667871545,,67.00328126484027,,69.08272099261188,,72.65401086324752,,76.43887048274605,,82.79654990243971,,80.75352435988597,,84.26946474326932,,87.59614774062743,,90.16497616563923,,88.25885885048231,,86.98514473091221,,89.6087201302214,,98.83576174320038,,99.98460758269061,,97.51748462132426,,97.24033313485262,,97.03751023337658,,100,,103.587527842392,,104.915281178854,,109.20069648956637,,,blank,,blank,,blank,,blank,,blank,,blank,58.56206467051602,,70.00391626767924,,90.9061652136501,,93.4590060606082,,95.52161193782278,,97.97353844427941,,101.94352037194186,,100.22781890589039,,108.9842553868624,,113.63690012928399,,124.93445764691495,,133.22651068481085,,123.27847891726584,,119.30488824233083,,122.0409950079543,,121.79711648014691,,121.6779208927396,,120.77283823843463,,120.69820763405052,,111.06755573800304,,,blank,,blank,,blank,,blank,,blank,,blank,145.62390248502672,,174.29146547146001,,172.34296124540288,,175.29964029798236,,182.8923970985102,,190.36717703521379,,209.3820625669974,,224.86425989746363,,,blank,,blank,,blank,,blank,,blank,,blank,,blank,,blank,,blank,,blank,,blank,,blank,,blank,,blank,,blank,,blank,,blank,,blank,,blank,,blank,,blank,,blank,,blank,,blank,,blank,,blank,,blank,,blank,,blank,,blank,,blank,,blank,,blank,,blank,,blank,,blank,,blank
VA-Ki,16,,"TRANSPORT, STORAGE AND COMMUNICATIONS",,I,,blank,2.994728448322638,,3.4062933502107007,,3.8316465573980616,,4.00972344954138,,4.231724772159772,,4.074077125092143,,4.48497447772993,,4.81842790656887,,5.0333972553822655,,5.059536555329641,,5.778599028790172,,5.9756453107370096,,6.418948291007317,,5.513625850868219,,6.036888155887046,,6.407849901760845,,6.6951421284231065,,7.044649109979457,,7.595512038948331,,8.303438755538812,,8.377708795114952,,9.23912329602955,,9.571982771694387,,10.258922090024864,,11.248617111185446,,12.181797157281107,,13.488124612115582,,14.817388073322135,,16.088615331681808,,16.610448894235702,,18.839634194095062,,19.230066218578425,,19.81691713791504,,21.565900820111516,,23.840950564522085,,24.819309742896618,,24.371174957612343,,26.512216998370253,,22.516412109529114,,25.63260280394242,,28.28153595761246,,31.17498655018258,,33.05378816845551,,34.06830947761693,,35.30131863025964,,36.33533705523049,,37.01124561611071,,37.98762099492625,,39.147339474013215,,39.59220449516115,,40.373132799985726,,42.33032479142777,,45.08175857504134,,47.378939666465186,,47.99837821639701,,48.64630493540851,,50.89389384751524,,51.25795577012574,,54.40148322568129,,55.03480245686044,,56.22501538815581,,59.71210014106274,,57.31585156372494,,62.66870715191772,,65.55704433098747,,64.80849086769554,,66.70943206836245,,72.38581832195636,,77.55732791327173,,82.00780699955804,,83.83177132250688,,86.82636808683478,,86.18279351764338,,89.93086281201359,,93.73706483677311,,100,,110.01969720488962,,114.5979586214732,,119.16606174739997,,,blank,,blank,,blank,,blank,,blank,,blank,101.13622887246476,,111.690841636982,,134.05678183143138,,141.11054492427306,,154.01360113715123,,163.68396343452451,,173.22776896315716,,184.99635166263118,,201.03839025763594,,212.0702910366826,,197.98042297960706,,183.75973039090704,,163.7362770139869,,168.965147667481,,170.12264308170157,,163.806112898376,,173.72603030832389,,192.53946180666074,,173.9107440009484,,172.94121117177775,,,blank,,blank,,blank,,blank,,blank,,blank,145.68121784980514,,177.48943900354362,,208.19781239281033,,220.3336591235446,,217.69244410931577,,249.81927361421046,,232.81568929410295,,245.53911701112784,,,blank,,blank,,blank,,blank,,blank,,blank,,blank,,blank,,blank,,blank,,blank,,blank,,blank,,blank,,blank,,blank,,blank,,blank,,blank,,blank,,blank,,blank,,blank,,blank,,blank,,blank,,blank,,blank,,blank,,blank,,blank,,blank,,blank,,blank,,blank,,blank,,blank
VA-Ki,17,,"FINANCIAL INTERMEDIATION; REAL ESTATE, RENTING AND BUSINESS ACTIVITIES",,J; K,,blank,35.56733757837577,,35.66916869925372,,35.048000358918024,,35.479403671594795,,35.788135420780584,,35.65047074200135,,37.58152478147834,,37.75260322744589,,38.85008830915693,,39.90107331231291,,39.58393640384594,,40.03153658108498,,39.57446583376185,,40.194383193888896,,39.991421608868286,,39.88862286256344,,40.640674894047066,,40.674853066851284,,40.2097519888129,,39.775536164840595,,39.07973763150077,,39.67237432437697,,40.589503953424796,,41.49415081587417,,42.28630246349225,,43.682983052482236,,45.14177805850081,,47.27651112651325,,49.052573347075764,,49.9072768116697,,51.09572723734874,,51.265219216556964,,52.61212895938152,,53.95403396583649,,54.9734006890516,,55.22827697219179,,57.45775822929645,,55.3168487110226,,53.33872991821125,,56.60674638997871,,60.10192422965323,,61.5311960831472,,61.83795943267219,,63.482450999442996,,64.82573162021362,,64.77637813963526,,65.43893504679394,,67.26697444285989,,68.41156668807238,,70.04539446316224,,71.15097867949773,,71.86497709261062,,72.13863535210436,,72.56411311605898,,73.56511420797919,,74.14808241684509,,74.92752503209879,,75.70125348997493,,76.49181416630594,,77.54246117105896,,78.18497946761063,,79.21751654275837,,81.00179388229755,,82.46522710857063,,82.71513264184831,,81.81422817191533,,83.21647755083774,,85.03803606325454,,86.87302213029572,,88.82853766603078,,92.00942035725755,,91.77727185822653,,94.31493476224155,,96.3586588111362,,98.32266706867203,,100,,102.25801736047563,,104.66513898400179,,106.51625204182069,,,blank,,blank,,blank,,blank,,blank,,blank,76.84219586345085,,86.60424114905348,,90.2849016549083,,97.92406783680399,,102.41550822728271,,109.05041860929747,,111.01574010183882,,114.17633551006243,,116.36035725700921,,117.55248990660255,,127.5514381796065,,134.36410503718926,,138.85499538570843,,141.59853063861726,,143.84388765786585,,145.0347450428025,,146.03837128460427,,146.8337767603556,,147.72124848276212,,149.0976778989152,,,blank,,blank,,blank,,blank,,blank,,blank,140.45325207018448,,141.71110561619824,,147.83935590796375,,148.75760293204536,,148.62804875207064,,152.60833721736068,,154.8196690128252,,158.85577257986972,,,blank,,blank,,blank,,blank,,blank,,blank,,blank,,blank,,blank,,blank,,blank,,blank,,blank,,blank,,blank,,blank,,blank,,blank,,blank,,blank,,blank,,blank,,blank,,blank,,blank,,blank,,blank,,blank,,blank,,blank,,blank,,blank,,blank,,blank,,blank,,blank,,blank
VA-Ki,18,,   FINANCIAL INTERMEDIATION,,J,,blank,32.68037547116006,,33.07795176403777,,39.43053156360895,,35.242653131596185,,35.67443249285545,,38.50680552975124,,37.01589016612655,,42.14185898062743,,26.662439005479495,,35.80967668881054,,36.26738467992015,,33.67068406132562,,35.976145787715666,,32.16624948645567,,37.05435050825874,,38.98076283821857,,39.393286987558575,,35.434110287774025,,36.13518623146743,,35.28164432773263,,35.49030721546073,,37.78310166934923,,43.96832789357014,,43.57755470056801,,43.18592670309888,,41.93334932218517,,42.07482648457581,,40.303783980845154,,47.24292472752793,,43.9092667805066,,51.86033807927164,,49.41576128506543,,43.08301895071728,,34.86291634354829,,48.3209569521349,,47.144143010324974,,43.11961274654011,,46.397310599329735,,45.10879999489384,,56.80021847846012,,66.03762779323873,,61.29757424245976,,53.15245545136429,,55.129386373809055,,54.68255849742329,,52.16597106298681,,45.595810606591066,,53.784452437187525,,57.06696554698249,,49.738594572144386,,64.12085444481,,61.4613110886178,,45.553882051413744,,44.69361396170761,,43.208250089292264,,47.19905008367653,,47.052931571876385,,48.34480726253399,,54.105126983952076,,47.1718879679526,,45.351972922707496,,47.09677457718913,,50.0766529943703,,57.09420777442057,,58.14706854263157,,56.824589567368214,,65.9678599458292,,64.21764586703192,,67.94629084064185,,64.60385462422244,,71.40277142483762,,72.86321258516017,,74.09084042831556,,82.22130230256391,,90.18946010097406,,100,,103.4548540910515,,112.82385822866206,,124.75156333175639,,,blank,,blank,,blank,,blank,,blank,,blank,62.01498357623433,,71.0154313060592,,81.82838478729731,,88.77511730646262,,93.17349961656987,,95.58462282416342,,111.5252802499314,,121.76638237363946,,142.9151071516045,,168.4060089586749,,165.5924618360397,,130.09417249361098,,122.04506328140252,,116.66910981748487,,111.33537911107057,,111.0334824380777,,108.16950725573054,,120.08409690565574,,112.46038502560498,,114.57214254020447,,,blank,,blank,,blank,,blank,,blank,,blank,65.63944459233745,,87.68881185072956,,95.51288081450582,,99.59659290857621,,113.75488221670251,,122.28451329878243,,138.96039586674436,,142.0316976943863,,,blank,,blank,,blank,,blank,,blank,,blank,,blank,,blank,,blank,,blank,,blank,,blank,,blank,,blank,,blank,,blank,,blank,,blank,,blank,,blank,,blank,,blank,,blank,,blank,,blank,,blank,,blank,,blank,,blank,,blank,,blank,,blank,,blank,,blank,,blank,,blank,,blank
VA-Ki,19,,"   REAL ESTATE, RENTING AND BUSINESS ACTIVITIES",,K,,blank,35.5971380560714,,35.69591636673762,,35.0027619669456,,35.48184751357285,,35.789309111823876,,35.62098641280949,,37.587363507832436,,37.7072954217611,,38.975894522660234,,39.94330648659597,,39.6181712922874,,40.09719606555361,,39.6116092572955,,40.27725307946442,,40.021739333373716,,39.897994188338245,,40.65355097419796,,40.728950291718235,,40.251811427579916,,39.821924069664,,39.11678929240961,,39.69187621789902,,40.55462626410076,,41.472645015419914,,42.277016151067215,,43.70104353232882,,45.17343646570466,,47.34848664682327,,49.07125332669481,,49.9691908782607,,51.087834591898485,,51.284310125197116,,52.710492574741274,,54.1511007799334,,55.042070104804544,,55.31172491673423,,57.60576279907848,,55.40892006030995,,53.423682832038345,,56.6047492869883,,60.04065331750223,,61.533607629331065,,61.92761497994223,,63.5686749631882,,64.93043386194137,,64.90654824262383,,65.64376440212693,,67.40614689521269,,68.52867059200857,,70.25501007803618,,71.22354667750838,,71.97236825508199,,72.41305473080031,,72.85180452230891,,73.87847095409545,,74.42626204204903,,75.21525870155352,,75.98363861847896,,76.72289928182902,,77.85595942830327,,78.5238960321115,,79.54908080268385,,81.32101662822873,,82.7271177977116,,82.9687348780479,,82.0721820833973,,83.39452527890928,,85.25295318049206,,87.06839207721629,,89.07859537370442,,92.22213114426695,,91.97251099908395,,94.52369665440703,,96.50459074985332,,98.40662156611035,,100,,102.24566309153471,,104.58092113775169,,106.32801923266457,,,blank,,blank,,blank,,blank,,blank,,blank,76.99524879336258,,86.76515561996614,,90.37219349766093,,98.01850728079128,,102.5109082572235,,109.18941840633178,,111.01048040695738,,114.09798774730469,,116.08624758651204,,117.02755777934411,,127.15876219880342,,134.4081811368404,,139.02851481136602,,141.85586295596502,,144.1794546129864,,145.38572085413813,,146.42927015890209,,147.10989858262775,,148.08522644158504,,149.45406548149387,,,blank,,blank,,blank,,blank,,blank,,blank,141.22551270897011,,142.26874721336384,,148.37949252770522,,149.2650642454575,,148.98802473475345,,152.9213529081704,,154.9833753235098,,159.02943799346184,,,blank,,blank,,blank,,blank,,blank,,blank,,blank,,blank,,blank,,blank,,blank,,blank,,blank,,blank,,blank,,blank,,blank,,blank,,blank,,blank,,blank,,blank,,blank,,blank,,blank,,blank,,blank,,blank,,blank,,blank,,blank,,blank,,blank,,blank,,blank,,blank,,blank
VA-Ki,20,,"COMMUNITY, SOCIAL AND PERSONAL SERVICES",,L; M; N; O; P; MISCs,,blank,47.764950225855365,,45.80007125244106,,45.265419016462324,,44.90993713693646,,46.23313453438671,,46.265776414352764,,45.96336256518245,,47.12973595280939,,47.39499664666532,,47.95805886440206,,47.829358786929184,,48.213095504205,,48.46825848225405,,49.825975949711996,,48.3502495973649,,49.13888610864051,,48.12288320016677,,48.12574964430214,,47.97906487867872,,48.55305303674582,,48.09781617268775,,48.81301593733062,,48.645890220099055,,48.76628459504494,,48.23498424688803,,48.10613704240318,,48.63008908131416,,50.47602690215922,,51.240074191945105,,50.762620850941076,,50.178862144887695,,48.97725692169204,,50.254229968467435,,50.880830521986056,,52.13488105362046,,54.33685522378373,,54.3246832285116,,54.252230518168545,,53.518254473894146,,55.43560440467877,,58.81242348871445,,60.89858032266592,,63.39030640365675,,64.8787804113508,,66.52979845372822,,68.78079736379617,,69.24937264691926,,72.16209776111116,,71.91800389085233,,71.46670127931219,,72.59321285436351,,72.16140582879424,,72.92655046241289,,74.30224042169037,,74.18484295620419,,75.11741482541704,,76.52803620800265,,77.08539101739018,,79.46393905634456,,80.20753970024008,,80.01730820603265,,82.4623031516711,,83.75001898736791,,85.31548276378811,,86.7976320236924,,87.58155805644763,,89.28586785391795,,90.10793043267232,,91.86693170269355,,93.72271670026515,,95.3296674105585,,95.13687000901427,,96.78618297799304,,99.04111485715057,,98.52346906430647,,100,,102.80650564064582,,105.7879278382615,,108.50369200158845,,,blank,,blank,,blank,,blank,,blank,,blank,99.85437835765015,,101.36043526293612,,96.06259222957138,,94.13211156531476,,93.60882873837673,,99.04216474883944,,93.31581635259508,,96.64235502109342,,97.84300815419266,,94.68976718062578,,98.73029010122116,,100.38524375852921,,99.24423877854026,,99.288766178963,,99.92807855616664,,99.68837350023163,,101.84451150159578,,103.83304779160565,,108.06752990491795,,112.4699096801987,,,blank,,blank,,blank,,blank,,blank,,blank,128.7097915138806,,127.715685972859,,175.38324663348166,,137.4340090637538,,145.2870106802194,,144.7941256353407,,157.87855117507817,,152.72049221879726,,,blank,,blank,,blank,,blank,,blank,,blank,,blank,,blank,,blank,,blank,,blank,,blank,,blank,,blank,,blank,,blank,,blank,,blank,,blank,,blank,,blank,,blank,,blank,,blank,,blank,,blank,,blank,,blank,,blank,,blank,,blank,,blank,,blank,,blank,,blank,,blank,,blank
VA-Ki,21,,   PUBLIC ADMINISTRATION AND DEFENCE; COMPULSORY SOCIAL SECURITY,,L,,blank,80.6813781161534,,69.18354745299399,,65.43315769715755,,62.609682150830025,,67.95381976504035,,65.56884343894251,,63.599916055767004,,67.1239954689676,,66.69453791030323,,67.79959181096304,,64.84581961606767,,66.79798583176867,,67.94589061709873,,73.92248069925273,,67.0296312720029,,68.65747587681086,,63.84222360653167,,63.438813376252554,,62.967281224267154,,65.16851197409065,,62.035638026184394,,63.922464763560264,,63.84020234930839,,63.469674339130734,,62.08722763156184,,60.59046264454299,,60.8906463164438,,67.72354295782343,,69.01729456709428,,63.647484160893875,,61.5710005444698,,57.70192679261008,,58.36723688081757,,58.953959580913185,,60.30706957577871,,67.41457199802116,,65.10387924229533,,60.95581485917575,,55.00796024809068,,57.313634660910814,,61.4066745529225,,66.99788958024735,,69.12705240043468,,68.79620320871818,,69.61478700380233,,67.1262948268171,,66.71620271032249,,70.8229574725438,,69.1832588621542,,72.22034950215443,,70.70562813144801,,71.31908236703805,,70.43285696454686,,71.73613031391426,,69.12273920842453,,70.4402125787696,,71.09157038284633,,70.40903204009973,,73.88708932419809,,74.73433671864987,,74.28612510116463,,78.86759360380394,,81.26293070499415,,83.22808048185496,,85.84686969225525,,84.42582144960411,,86.87137529570363,,87.62442299899223,,90.34392447924466,,94.12508248042796,,96.09821066192588,,93.46665972577526,,95.57764705022834,,99.31798326485952,,96.9283316708399,,100,,104.37338579906219,,111.48306407628863,,115.68145514932684,,,blank,,blank,,blank,,blank,,blank,,blank,143.5696496009937,,147.2341369924925,,135.41848826133614,,128.29634467959102,,119.81169268036305,,137.6839053135578,,118.21521959884068,,121.61837872605481,,128.4449540510551,,118.46215382539104,,132.84581497543576,,136.97294737943145,,130.71538479345082,,129.77223943897823,,131.9598564347475,,129.9887023917257,,136.97655226831301,,147.4438152838743,,160.72214834641235,,184.59080132359594,,,blank,,blank,,blank,,blank,,blank,,blank,267.66918828216603,,256.6495031808962,,483.15555351515644,,266.09819946157313,,274.63988185755386,,267.681014070983,,311.4954140390946,,271.23452286622614,,,blank,,blank,,blank,,blank,,blank,,blank,,blank,,blank,,blank,,blank,,blank,,blank,,blank,,blank,,blank,,blank,,blank,,blank,,blank,,blank,,blank,,blank,,blank,,blank,,blank,,blank,,blank,,blank,,blank,,blank,,blank,,blank,,blank,,blank,,blank,,blank,,blank
VA-Ki,22,,   EDUCATION,,M,,blank,8.243769140774747,,8.789312686855427,,9.39858468312012,,9.582124954025522,,10.590080721047336,,12.62902247948127,,12.252756515196532,,14.337164547297407,,15.570410262121163,,16.72997405245614,,18.401943526599172,,18.392705701811458,,18.916018648562545,,19.909833143768736,,19.050354530392795,,20.97356202272975,,19.723400483478475,,19.442786694726262,,18.74332537613468,,19.05242505622118,,19.79285856378547,,21.188782634270588,,21.03051306481277,,22.552953179331286,,21.52111540223074,,22.52660961553131,,25.453790250874658,,28.416415276993824,,31.213791763422844,,34.548878594556946,,33.93553034054889,,32.473132763272,,34.73045476559012,,33.374986556667025,,34.551111409858315,,35.220899512447076,,34.080504348687136,,33.49377296855858,,30.981927094362717,,34.36292715545879,,43.74788888593581,,43.74568432545803,,49.87308635667659,,52.798160769623635,,55.23418610275527,,64.50014503497535,,64.43872668419975,,72.99241255547187,,69.9382100737396,,61.06989129872685,,65.54750424637848,,59.08207947933417,,60.93552720300418,,64.26461896512467,,63.33191634389451,,64.00092770082819,,67.75354833400945,,68.43948787448949,,74.37269435938168,,73.78138450598922,,69.48067291973436,,73.77473994609906,,73.66254452175386,,75.80015146597422,,76.8997723748263,,78.67354509446284,,81.87970450259557,,82.45784945791027,,86.09289790004352,,89.03128449065566,,92.76414399603439,,91.52365730709393,,95.15429822970988,,101.1745471534679,,98.13362928979717,,100,,105.26538248444702,,108.288641639318,,112.73946507921644,,,blank,,blank,,blank,,blank,,blank,,blank,48.09065930809854,,57.47921840842874,,46.00824464411154,,46.88922694437369,,54.938778652710226,,68.01704939804095,,59.66192636773313,,76.71464090917948,,77.9271330128192,,72.61374768891288,,79.27910881473666,,82.09970141743935,,81.59473334940121,,82.22778115177951,,83.05094332698204,,83.0613029507514,,87.16560395967701,,86.38738438329003,,96.29362917783773,,95.73493044474893,,,blank,,blank,,blank,,blank,,blank,,blank,96.4023614498882,,97.0621270584405,,105.67856721553477,,115.09389563722361,,137.97472019784652,,130.20909502465182,,138.01905825164238,,136.28614777478208,,,blank,,blank,,blank,,blank,,blank,,blank,,blank,,blank,,blank,,blank,,blank,,blank,,blank,,blank,,blank,,blank,,blank,,blank,,blank,,blank,,blank,,blank,,blank,,blank,,blank,,blank,,blank,,blank,,blank,,blank,,blank,,blank,,blank,,blank,,blank,,blank,,blank
VA-Ki,23,,   HEALTH AND SOCIAL WORK,,N,,blank,27.14464360150063,,27.62817840766986,,28.00333472280117,,28.503543142976234,,28.92038349312213,,29.378907878282618,,29.595664860358482,,29.745727386411,,29.92080033347228,,30.120883701542304,,30.312630262609417,,29.49562317632347,,29.75406419341392,,30.162567736556902,,30.529387244685292,,31.0962901208837,,31.821592330137555,,32.5385577323885,,33.16381825760734,,33.839099624843676,,34.38099208003334,,35.09795748228428,,36.57357232180074,,38.17423926636098,,39.833263859941646,,41.65902459358066,,43.50979574822843,,45.53563984993746,,47.703209670696125,,49.804085035431434,,51.87161317215507,,53.68070029178824,,54.005835764902045,,54.30596081700707,,54.62275948311795,,53.93914130887869,,53.3889120466861,,54.60608586911213,,55.481450604418505,,54.78949562317632,,55.07294706127552,,56.1233847436432,,55.73989162150895,,56.75698207586495,,57.765735723218,,58.78282617757399,,59.24135056273446,,59.633180491871606,,62.100875364735295,,62.16756982075865,,62.35097957482285,,64.568570237599,,65.2688620258441,,65.93580658607753,,66.54439349729054,,67.86160900375157,,69.26219258024176,,70.5377240516882,,71.62150896206751,,72.67194664443518,,73.81408920383493,,75.48145060441851,,78.19091288036682,,79.68320133388912,,81.14214255939974,,81.37557315548143,,84.69362234264277,,86.68611921634015,,89.00375156315128,,91.96331804918714,,93.80575239683202,,95.57315548145058,,98.13255523134639,,97.30721133805751,,98.35764902042516,,100,,101.97582325969154,,103.3097123801584,,105.71071279699875,,,blank,,blank,,blank,,blank,,blank,,blank,105.88578574406004,,114.12255106294289,,121.91746561067112,,131.07127969987496,,144.49353897457274,,159.44977073780743,,173.69737390579408,,188.8620258441017,,203.2346811171321,,216.92371821592334,,237.08211754897874,,244.37682367653184,,248.5785744060025,,255.6065027094623,,263.0095873280534,,272.57190496040016,,276.6652771988328,,279.3330554397666,,279.2746977907461,,283.2763651521467,,,blank,,blank,,blank,,blank,,blank,,blank,314.98124218424346,,325.42726135889944,,335.3480616923719,,348.09503959983317,,347.5448103376407,,345.8524385160484,,368.7036265110463,,379.0746144226762,,,blank,,blank,,blank,,blank,,blank,,blank,,blank,,blank,,blank,,blank,,blank,,blank,,blank,,blank,,blank,,blank,,blank,,blank,,blank,,blank,,blank,,blank,,blank,,blank,,blank,,blank,,blank,,blank,,blank,,blank,,blank,,blank,,blank,,blank,,blank,,blank,,blank
VA-Ki,24,,"   OTHER COMMUNITY, SOCIAL AND PERSONAL SERVICE ACTIVITIES",,O,,blank,45.25458622606125,,45.49031528143685,,45.53482127400714,,45.76097669013814,,45.86959886125734,,46.02100002057971,,46.23852871514163,,46.36936544791858,,46.5394415997261,,46.742960343816904,,46.948666799118904,,46.896384729034025,,46.58853908809819,,46.479060938407734,,46.344349063889226,,46.483756030721835,,46.64159854606954,,46.7775161193511,,46.7669507990996,,46.807856478715216,,46.669537689306004,,46.72202410858825,,46.06513014762063,,45.498994580526904,,44.935984984760566,,44.50338679974392,,43.965484749906665,,43.543400664896126,,43.156356931014315,,42.64827970036495,,42.059592552978806,,41.19273142126838,,42.585232720972996,,44.011953633029826,,45.49075486806143,,46.85586055938265,,48.03712691528659,,49.566247273754904,,51.19832254578536,,52.931117045190526,,54.6659924476498,,56.60931589684031,,58.58580743319576,,60.57100389504303,,62.621219734407106,,64.68989049302814,,65.61006682598783,,66.58087347336308,,67.49723089983004,,68.42959188742907,,69.48841920038608,,70.38558667843525,,71.36803279557068,,72.15152146909493,,73.01290065302669,,73.81900342035965,,75.31105169342251,,76.70385877597103,,78.29213333264649,,80.00329150273289,,81.66817263350572,,83.58212977386226,,85.56281731565207,,87.5266606108582,,89.43547176563739,,91.3422780206399,,92.35472774777296,,93.26038045875174,,94.15427827618866,,95.03820177036371,,95.89890289640132,,96.72669474998595,,97.61159319013765,,98.40328671049234,,99.15745183573297,,100,,101.98239747018123,,104.13408765296663,,106.30185740016157,,,blank,,blank,,blank,,blank,,blank,,blank,112.9901385247595,,109.61979405481831,,106.19720917372145,,103.1585129630362,,100.59094524291787,,97.8743079618375,,95.07345280035062,,92.34547595137317,,89.79230883158125,,87.41544459230852,,85.26877215511084,,86.41146347575739,,87.39770356367713,,88.15323479603113,,88.80619726030025,,89.45771674885728,,90.26413180529116,,91.20993712715175,,91.90182633978249,,92.364451873205,,,blank,,blank,,blank,,blank,,blank,,blank,96.53159360475736,,98.68200622077794,,104.31860696926279,,109.87422419960306,,115.80257583042672,,122.1985756048019,,129.07306655974327,,136.24576036314397,,,blank,,blank,,blank,,blank,,blank,,blank,,blank,,blank,,blank,,blank,,blank,,blank,,blank,,blank,,blank,,blank,,blank,,blank,,blank,,blank,,blank,,blank,,blank,,blank,,blank,,blank,,blank,,blank,,blank,,blank,,blank,,blank,,blank,,blank,,blank,,blank,,blank
VA-Ki,25,,   PRIVATE HOUSEHOLDS WITH EMPLOYED PERSONS,,P,,blank,59.867550337943655,,60.1292167183601,,60.39189339368164,,60.65558036390822,,60.92078277649245,,61.186995483981796,,61.45421848637616,,61.722956931128216,,61.9927056707853,,62.263464705347495,,62.53573918226729,,62.809023954092204,,63.083319020822174,,63.35912952990979,,63.63595033390246,,63.91378143280024,,64.19312797405566,,64.47348481021612,,64.75535708873421,,65.03823966215738,,65.32263767793819,,65.6080459886241,,66.08743092108588,,66.57035188571545,,67.05680888251281,,67.54680191147796,,68.04033097261092,,68.53739606591166,,69.03799719138016,,69.54213434901651,,70.04980753882057,,70.56051161333991,,71.4556328992433,,72.36186742910257,,73.2797203503703,,74.20919166304645,,75.15028136713107,,76.10349461007668,,77.06883139188328,,78.04629171255093,,79.03638071953206,,80.03909841282673,,81.05444479243495,,82.08241985835667,,83.12352875804449,,84.17777149149838,,85.0799648417373,,85.99175599357454,,86.91314494701004,,87.84463684949637,,88.785726553581,,89.73691920671646,,90.69871995635529,,91.6706236550449,,92.65313545023794,,93.6452450470292,,93.49622654852952,,93.34771319748238,,93.19919984643518,,93.05119164284056,,92.90318343924592,,92.75568038310386,,92.60817732696171,,92.46067427081967,,92.31367636213012,,92.16667845344057,,92.92136874753744,,93.68262595851732,,94.44994493892767,,95.22332568876857,,96.00327335549245,,96.78978793909948,,97.58236429213689,,98.38150756205737,,99.18721774886092,,100,,100.81884402056961,,101.64476010547479,,102.477243107263,,,blank,,blank,,blank,,blank,,blank,,blank,76.6515795960841,,77.67248259767027,,78.58427374950749,,79.70772168395955,,81.1443610389873,,82.41379658722381,,83.55340924015722,,84.69100130328043,,85.91800446550349,,87.25614006728566,,88.77562360453018,,87.09651347228255,,85.25474586031665,,83.20233176064094,,81.07161980582133,,78.9712166981542,,77.03397621765794,,75.23059981208515,,73.24486517614493,,71.11011204170497,,,blank,,blank,,blank,,blank,,blank,,blank,57.995473878825244,,57.18117618532851,,55.96326567725121,,54.554914579565775,,53.1980885220396,,51.92208605692002,,50.71023731827321,,49.48272900859761,,,blank,,blank,,blank,,blank,,blank,,blank,,blank,,blank,,blank,,blank,,blank,,blank,,blank,,blank,,blank,,blank,,blank,,blank,,blank,,blank,,blank,,blank,,blank,,blank,,blank,,blank,,blank,,blank,,blank,,blank,,blank,,blank,,blank,,blank,,blank,,blank,,blank
VA-Ki,26,,   EXTRA-TERRITORIAL ORGANIZATION AND BODIES,,Q,,blank,,blank,,blank,,blank,,blank,,blank,,blank,,blank,,blank,,blank,,blank,,blank,,blank,,blank,,blank,,blank,,blank,,blank,,blank,,blank,,blank,,blank,,blank,,blank,,blank,,blank,,blank,,blank,,blank,,blank,,blank,,blank,,blank,,blank,,blank,,blank,,blank,,blank,,blank,,blank,,blank,,blank,,blank,,blank,,blank,,blank,,blank,,blank,,blank,,blank,,blank,,blank,,blank,,blank,,blank,,blank,,blank,,blank,,blank,,blank,,blank,,blank,,blank,,blank,,blank,,blank,,blank,,blank,,blank,,blank,,blank,,blank,,blank,,blank,,blank,,blank,,blank,,blank,,blank,,blank,,blank,,blank,,blank,,blank,,blank,,blank,,blank,,blank,,blank,,blank,,blank,,blank,,blank,,blank,,blank,,blank,,blank,,blank,,blank,,blank,,blank,,blank,,blank,,blank,,blank,,blank,,blank,,blank,,blank,,blank,,blank,,blank,,blank,,blank,,blank,,blank,,blank,,blank,,blank,,blank,,blank,,blank,,blank,,blank,,blank,,blank,,blank,,blank,,blank,,blank,,blank,,blank,,blank,,blank,,blank,,blank,,blank,,blank,,blank,,blank,,blank,,blank,,blank,,blank,,blank,,blank,,blank,,blank,,blank,,blank,,blank,,blank,,blank,,blank,,blank,,blank,,blank
VA-Ki,27,,blank,,blank,,blank,,blank,,blank,,blank,,blank,,blank,,blank,,blank,,blank,,blank,,blank,,blank,,blank,,blank,,blank,,blank,,blank,,blank,,blank,,blank,,blank,,blank,,blank,,blank,,blank,,blank,,blank,,blank,,blank,,blank,,blank,,blank,,blank,,blank,,blank,,blank,,blank,,blank,,blank,,blank,,blank,,blank,,blank,,blank,,blank,,blank,,blank,,blank,,blank,,blank,,blank,,blank,,blank,,blank,,blank,,blank,,blank,,blank,,blank,,blank,,blank,,blank,,blank,,blank,,blank,,blank,,blank,,blank,,blank,,blank,,blank,,blank,,blank,,blank,,blank,,blank,,blank,,blank,,blank,,blank,,blank,,blank,,blank,,blank,,blank,,blank,,blank,,blank,,blank,,blank,,blank,,blank,,blank,,blank,,blank,,blank,,blank,,blank,,blank,,blank,,blank,,blank,,blank,,blank,,blank,,blank,,blank,,blank,,blank,,blank,,blank,,blank,,blank,,blank,,blank,,blank,,blank,,blank,,blank,,blank,,blank,,blank,,blank,,blank,,blank,,blank,,blank,,blank,,blank,,blank,,blank,,blank,,blank,,blank,,blank,,blank,,blank,,blank,,blank,,blank,,blank,,blank,,blank,,blank,,blank,,blank,,blank,,blank,,blank,,blank,,blank,,blank,,blank,,blank,,blank,,blank,,blank
VA-Ki,28,,TOTAL VALUE ADDED,,tVA,,blank,,blank,,blank,,blank,,blank,,blank,,blank,,blank,,blank,,blank,,blank,,blank,,blank,,blank,,blank,,blank,,blank,,blank,,blank,,blank,,blank,,blank,,blank,,blank,,blank,,blank,,blank,,blank,,blank,,blank,,blank,,blank,,blank,,blank,,blank,,blank,,blank,,blank,,blank,,blank,,blank,,blank,,blank,,blank,,blank,,blank,,blank,,blank,,blank,,blank,,blank,,blank,,blank,,blank,,blank,,blank,,blank,,blank,,blank,,blank,,blank,,blank,,blank,,blank,,blank,,blank,,blank,,blank,,blank,,blank,,blank,,blank,,blank,,blank,,blank,,blank,,blank,,blank,,blank,,blank,,blank,,blank,,blank,,blank,,blank,,blank,,blank,,blank,,blank,,blank,,blank,,blank,,blank,,blank,,blank,,blank,,blank,,blank,,blank,,blank,,blank,,blank,,blank,,blank,,blank,,blank,,blank,,blank,,blank,,blank,,blank,,blank,,blank,,blank,,blank,,blank,,blank,,blank,,blank,,blank,,blank,,blank,,blank,,blank,,blank,,blank,,blank,,blank,,blank,,blank,,blank,,blank,,blank,,blank,,blank,,blank,,blank,,blank,,blank,,blank,,blank,,blank,,blank,,blank,,blank,,blank,,blank,,blank,,blank,,blank,,blank,,blank,,blank,,blank,,blank,,blank,,blank
VA-Ki,29,,NET INDIRECT TAXES,,iTAX,,blank,,blank,,blank,,blank,,blank,,blank,,blank,,blank,,blank,,blank,,blank,,blank,,blank,,blank,,blank,,blank,,blank,,blank,,blank,,blank,,blank,,blank,,blank,,blank,,blank,,blank,,blank,,blank,,blank,,blank,,blank,,blank,,blank,,blank,,blank,,blank,,blank,,blank,,blank,,blank,,blank,,blank,,blank,,blank,,blank,,blank,,blank,,blank,,blank,,blank,,blank,,blank,,blank,,blank,,blank,,blank,,blank,,blank,,blank,,blank,,blank,,blank,,blank,,blank,,blank,,blank,,blank,,blank,,blank,,blank,,blank,,blank,,blank,,blank,,blank,,blank,,blank,,blank,,blank,,blank,,blank,,blank,,blank,,blank,,blank,,blank,,blank,,blank,,blank,,blank,,blank,,blank,,blank,,blank,,blank,,blank,,blank,,blank,,blank,,blank,,blank,,blank,,blank,,blank,,blank,,blank,,blank,,blank,,blank,,blank,,blank,,blank,,blank,,blank,,blank,,blank,,blank,,blank,,blank,,blank,,blank,,blank,,blank,,blank,,blank,,blank,,blank,,blank,,blank,,blank,,blank,,blank,,blank,,blank,,blank,,blank,,blank,,blank,,blank,,blank,,blank,,blank,,blank,,blank,,blank,,blank,,blank,,blank,,blank,,blank,,blank,,blank,,blank,,blank,,blank,,blank,,blank
VA-Ki,30,,TOTAL GDP,,GDP,,blank,18.806951124652993,,19.242410000687485,,19.958743831054292,,19.941549711925013,,20.23316370730414,,20.508699284271543,,21.143823043199607,,21.54419240616806,,21.196091041176764,,22.065995426428504,,23.0005068424976,,22.837351320872713,,24.713998147390996,,23.478277212393866,,24.667576610693317,,24.786035156978624,,25.4848169884545,,25.798451199363715,,26.76754528401424,,28.12107250647452,,28.078436887715842,,30.400842431148167,,31.357216700095808,,31.128263256196558,,31.06010500168238,,33.26060722696413,,33.54432126046717,,35.57239591440219,,37.405816364959655,,38.91696263078593,,39.545015945353214,,41.00246509676544,,40.97410035169542,,43.60369040453431,,47.788661724456254,,49.11009268585052,,48.45001532919396,,51.95000326631381,,49.87775170671996,,54.060089646649914,,52.91616197901822,,53.54350588674052,,54.022101170346204,,55.34886165588646,,55.39412441600765,,58.00196615762475,,58.61584653377433,,61.21331448337535,,61.993875781252285,,60.42807627317865,,61.49931012680627,,61.02129510824229,,63.994370936946055,,63.84301537703886,,67.47922087749204,,66.88437211892855,,67.24631888709669,,67.70000388584712,,70.2351620780702,,70.99150735577932,,71.85513291506149,,74.65116155490215,,76.67721234035673,,77.62757779973268,,78.36158735612663,,77.7627119361276,,78.09404582745486,,81.86898964058582,,84.32576366231328,,87.81237113157451,,90.3555173960021,,91.66309906740035,,92.64753881852845,,93.97692779977498,,95.45269274211608,,100,,102.99340456356221,,106.29288400472761,,108.30248086741128,,,blank,,blank,,blank,,blank,,blank,,blank,76.58309665792011,,82.10375079228221,,90.69817909385007,,94.75969465828527,,101.52053912144123,,104.29253398834581,,109.44210321617425,,113.72528090801777,,119.72172051415993,,122.37035572849442,,119.90545451784477,,113.62362759361784,,104.73021440449024,,104.14133905514684,,103.01716812235897,,102.00889331838403,,108.24140387896249,,122.28785869843337,,114.24833507959535,,110.17435309215786,,,blank,,blank,,blank,,blank,,blank,,blank,104.46886086652746,,120.36516016724484,,134.13560219462147,,132.38294027273275,,139.85108012734423,,149.68689764369066,,149.04395773746322,,153.41255499384263,,151.46616414236996,,159.2659337692559,,163.13953694554456,,168.10899838124044,,165.59642885776924,,169.88111549703282,,180.8013410059352,,189.77557369886406,,198.5070748598126,,210.78398968397784,,225.857251712072,,233.6323216737556,,242.41380765936702,,250.52282007132948,,263.5600021559306,,283.4037551063543,,297.83234367244995,,312.4551872771003,,332.22593546222777,,356.8176300040726,,367.9813457361459,,357.3220243201146,,377.7432041381999,,381.96118344198914,,393.73459941158575,,405.3232046122737,,421.5679218952018,,414.58849324715885,,424.89081649746197,,423.8657440112136,,428.72455487059773,,437.7956827370492,,446.90754431590375,,456.19705792485775,,477.6604228876677,,495.0321513621813,,512.0441510821978,
VA-Ki,31,,blank,,blank,,blank,,blank,,blank,,blank,,blank,,blank,,blank,,blank,,blank,,blank,,blank,,blank,,blank,,blank,,blank,,blank,,blank,,blank,,blank,,blank,,blank,,blank,,blank,,blank,,blank,,blank,,blank,,blank,,blank,,blank,,blank,,blank,,blank,,blank,,blank,,blank,,blank,,blank,,blank,,blank,,blank,,blank,,blank,,blank,,blank,,blank,,blank,,blank,,blank,,blank,,blank,,blank,,blank,,blank,,blank,,blank,,blank,,blank,,blank,,blank,,blank,,blank,,blank,,blank,,blank,,blank,,blank,,blank,,blank,,blank,,blank,,blank,,blank,,blank,,blank,,blank,,blank,,blank,,blank,,blank,,blank,,blank,,blank,,blank,,blank,,blank,,blank,,blank,,blank,,blank,,blank,,blank,,blank,,blank,,blank,,blank,,blank,,blank,,blank,,blank,,blank,,blank,,blank,,blank,,blank,,blank,,blank,,blank,,blank,,blank,,blank,,blank,,blank,,blank,,blank,,blank,,blank,,blank,,blank,,blank,,blank,,blank,,blank,,blank,,blank,,blank,,blank,,blank,,blank,,blank,,blank,,blank,,blank,,blank,,blank,,blank,,blank,,blank,,blank,,blank,,blank,,blank,,blank,,blank,,blank,,blank,,blank,,blank,,blank,,blank,,blank,,blank,,blank,,blank,,blank,,blank,,blank
VA-Ki,32,,blank,,blank,,blank,,blank,,blank,,blank,,blank,,blank,,blank,,blank,,blank,,blank,,blank,,blank,,blank,,blank,,blank,,blank,,blank,,blank,,blank,,blank,,blank,,blank,,blank,,blank,,blank,,blank,,blank,,blank,,blank,,blank,,blank,,blank,,blank,,blank,,blank,,blank,,blank,,blank,,blank,,blank,,blank,,blank,,blank,,blank,,blank,,blank,,blank,,blank,,blank,,blank,,blank,,blank,,blank,,blank,,blank,,blank,,blank,,blank,,blank,,blank,,blank,,blank,,blank,,blank,,blank,,blank,,blank,,blank,,blank,,blank,,blank,,blank,,blank,,blank,,blank,,blank,,blank,,blank,,blank,,blank,,blank,,blank,,blank,,blank,,blank,,blank,,blank,,blank,,blank,,blank,,blank,,blank,,blank,,blank,,blank,,blank,,blank,,blank,,blank,,blank,,blank,,blank,,blank,,blank,,blank,,blank,,blank,,blank,,blank,,blank,,blank,,blank,,blank,,blank,,blank,,blank,,blank,,blank,,blank,,blank,,blank,,blank,,blank,,blank,,blank,,blank,,blank,,blank,,blank,,blank,,blank,,blank,,blank,,blank,,blank,,blank,,blank,,blank,,blank,,blank,,blank,,blank,,blank,,blank,,blank,,blank,,blank,,blank,,blank,,blank,,blank,,blank,,blank,,blank,,blank,,blank,,blank
VA-Ki,33,,blank,,ID,,blank,1835,,1836,,1837,,1838,,1839,,1840,,1841,,1842,,1843,,1844,,1845,,1846,,1847,,1848,,1849,,1850,,1851,,1852,,1853,,1854,,1855,,1856,,1857,,1858,,1859,,1860,,1861,,1862,,1863,,1864,,1865,,1866,,1867,,1868,,1869,,1870,,1871,,1872,,1873,,1874,,1875,,1876,,1877,,1878,,1879,,1880,,1881,,1882,,1883,,1884,,1885,,1886,,1887,,1888,,1889,,1890,,1891,,1892,,1893,,1894,,1895,,1896,,1897,,1898,,1899,,1900,,1901,,1902,,1903,,1904,,1905,,1906,,1907,,1908,,1909,,1910,,1911,,1912,,1913,,1914,,1915,,1916,,1917,,1918,,1919,,1920,,1921,,1922,,1923,,1924,,1925,,1926,,1927,,1928,,1929,,1930,,1931,,1932,,1933,,1934,,1935,,1936,,1937,,1938,,1939,,1940,,1941,,1942,,1943,,1944,,1945,,1946,,1947,,1948,,1949,,1950,,1951,,1952,,1953,,1954,,1955,,1956,,1957,,1958,,1959,,1960,,1961,,1962,,1963,,1964,,1965,,1966,,1967,,1968,,1969,,1970,,1971,,1972,,1973,,1974,,1975,,1976,,1977,,1978,,1979,,1980,,1981,,1982,,1983,,1984,,1985,,1986,,1987,,1988,,1989,,1990,
VA-Ki,34,,"AGRICULTURE, HUNTING, FORESTRY AND FISHING",,A; B,,blank,,blank,,blank,,blank,,blank,,blank,,blank,,blank,,blank,,blank,,blank,,blank,,blank,,blank,,blank,,blank,,blank,,blank,,blank,,blank,,blank,,blank,,blank,,blank,,blank,,blank,,blank,,blank,,blank,,blank,,blank,,blank,,blank,,blank,,blank,,blank,,blank,,blank,,blank,,blank,,blank,,blank,,blank,,blank,,blank,,blank,,blank,,blank,,blank,,blank,,blank,,blank,,blank,,blank,,blank,,blank,,blank,,blank,,blank,,blank,,blank,,blank,,blank,,blank,,blank,,blank,,blank,,blank,,blank,,blank,,blank,,blank,,blank,,blank,,blank,,blank,,blank,,blank,,blank,,blank,,blank,,blank,,blank,,blank,,blank,,blank,,blank,,blank,,blank,,blank,,blank,,blank,,blank,,blank,,blank,,blank,,blank,,blank,,blank,,blank,,blank,,blank,,blank,,blank,,blank,,blank,,blank,,blank,,blank,,blank,,blank,,blank,,blank,,blank,,blank,,blank,,blank,,blank,,blank,,blank,,blank,,blank,,blank,,blank,,blank,,blank,,blank,,blank,,blank,,blank,,blank,,blank,,blank,,blank,,blank,,blank,,blank,,blank,,blank,,blank,,blank,,blank,,blank,,blank,,blank,,blank,,blank,,blank,,blank,,blank,,blank,,blank,,blank,,blank,,blank,,blank,,blank
VA-Ki,35,,"   AGRICULTURE, HUNTING AND FORESTRY",,A,,blank,48.669570931507764,,48.67608432813649,,49.993383149894,,51.373402749754796,,52.47268272567225,,53.88504464250076,,55.54419996321911,,57.03635893674874,,58.59993321030756,,59.93538313950647,,62.01820455086718,,59.82377621232039,,79.25582903432785,,69.37428369940946,,75.64399880190138,,69.47368784653743,,69.96277092763552,,68.64489474166365,,70.38749469361353,,78.25851995743854,,72.83195337344213,,83.93700135962185,,87.54332087915483,,81.63333708202718,,71.36260045808544,,77.8106985558005,,74.43297967798628,,82.11125789197332,,92.07744464395475,,90.04243865852474,,82.49869046097146,,79.2861163492497,,77.13995976473218,,93.63456061145253,,83.27593729034668,,84.03269822398319,,73.77011794231875,,89.74738251838522,,78.94381060271415,,96.65435290302676,,79.42520809676039,,85.69423654032762,,83.99703536231115,,79.18991883284608,,75.27790944850248,,81.99071392234522,,84.40107128006959,,84.39863912780669,,83.61588512114359,,80.97380908922294,,82.03501007472909,,83.56381428877272,,84.03095035892395,,81.24302252804128,,86.82238258780153,,86.80190028182604,,85.56362037924904,,88.75372717244062,,89.84375422200294,,87.89194858284813,,90.5640178091684,,87.58206488801618,,97.15421391829146,,94.75398721324638,,88.94863873073061,,95.36349811710721,,93.00396838205717,,95.46397836104002,,92.48181641679881,,98.16736512285472,,97.0558035189516,,96.70160987837194,,99.89405864702972,,102.54581088173033,,98.34185626547651,,100,,95.88251729151096,,92.46588228820978,,95.82501379706095,,,blank,,blank,,blank,,blank,,blank,,blank,100.98953807530964,,96.08627999236997,,87.77870383994316,,100.27793146514779,,99.92311791615853,,96.69647260500673,,97.22669693230593,,88.28088450681639,,94.70022699021632,,95.08134321189654,,93.38285695319331,,90.57892711563093,,99.89581040483199,,105.39820373642901,,91.58891364882878,,42.98582600772773,,35.98892241867472,,94.59707903892912,,96.8218500429138,,94.16569055831012,,,blank,,blank,,blank,,blank,,blank,,blank,98.11161069477008,,87.81896333694561,,82.35573825831007,,103.2081854926941,,102.80400211774847,,103.2983224659197,,99.89870610688193,,121.08245176290819,,,blank,,blank,,blank,,blank,,blank,,blank,,blank,,blank,,blank,,blank,,blank,,blank,,blank,,blank,,blank,,blank,,blank,,blank,,blank,,blank,,blank,,blank,,blank,,blank,,blank,,blank,,blank,,blank,,blank,,blank,,blank,,blank,,blank,,blank,,blank,,blank,,blank
VA-Ki,36,,      Agriculture,1,,,blank,,blank,,blank,,blank,,blank,,blank,,blank,,blank,,blank,,blank,,blank,,blank,,blank,,blank,,blank,,blank,,blank,,blank,,blank,,blank,,blank,,blank,,blank,,blank,,blank,,blank,,blank,,blank,,blank,,blank,,blank,,blank,,blank,,blank,,blank,,blank,,blank,,blank,,blank,,blank,,blank,,blank,,blank,,blank,,blank,,blank,,blank,,blank,,blank,,blank,,blank,,blank,,blank,,blank,,blank,,blank,,blank,,blank,,blank,,blank,,blank,,blank,,blank,,blank,,blank,,blank,,blank,,blank,,blank,,blank,,blank,,blank,,blank,,blank,,blank,,blank,,blank,,blank,,blank,,blank,,blank,,blank,,blank,,blank,,blank,,blank,,blank,,blank,,blank,,blank,,blank,,blank,,blank,,blank,,blank,,blank,,blank,,blank,,blank,,blank,,blank,,blank,,blank,,blank,,blank,,blank,,blank,,blank,,blank,,blank,,blank,,blank,,blank,,blank,,blank,,blank,,blank,,blank,,blank,,blank,,blank,,blank,,blank,,blank,,blank,,blank,,blank,,blank,,blank,,blank,,blank,,blank,,blank,,blank,,blank,,blank,,blank,,blank,,blank,,blank,,blank,,blank,,blank,,blank,,blank,,blank,,blank,,blank,,blank,,blank,,blank,,blank,,blank,,blank,,blank,,blank,,blank
VA-Ki,37,,      Forestry,2,,,blank,,blank,,blank,,blank,,blank,,blank,,blank,,blank,,blank,,blank,,blank,,blank,,blank,,blank,,blank,,blank,,blank,,blank,,blank,,blank,,blank,,blank,,blank,,blank,,blank,,blank,,blank,,blank,,blank,,blank,,blank,,blank,,blank,,blank,,blank,,blank,,blank,,blank,,blank,,blank,,blank,,blank,,blank,,blank,,blank,,blank,,blank,,blank,,blank,,blank,,blank,,blank,,blank,,blank,,blank,,blank,,blank,,blank,,blank,,blank,,blank,,blank,,blank,,blank,,blank,,blank,,blank,,blank,,blank,,blank,,blank,,blank,,blank,,blank,,blank,,blank,,blank,,blank,,blank,,blank,,blank,,blank,,blank,,blank,,blank,,blank,,blank,,blank,,blank,,blank,,blank,,blank,,blank,,blank,,blank,,blank,,blank,,blank,,blank,,blank,,blank,,blank,,blank,,blank,,blank,,blank,,blank,,blank,,blank,,blank,,blank,,blank,,blank,,blank,,blank,,blank,,blank,,blank,,blank,,blank,,blank,,blank,,blank,,blank,,blank,,blank,,blank,,blank,,blank,,blank,,blank,,blank,,blank,,blank,,blank,,blank,,blank,,blank,,blank,,blank,,blank,,blank,,blank,,blank,,blank,,blank,,blank,,blank,,blank,,blank,,blank,,blank,,blank,,blank,,blank,,blank,,blank
VA-Ki,38,,   FISHING,,B,,blank,,blank,,blank,,blank,,blank,,blank,,blank,,blank,,blank,,blank,,blank,,blank,,blank,,blank,,blank,,blank,,blank,,blank,,blank,,blank,,blank,,blank,,blank,,blank,,blank,,blank,,blank,,blank,,blank,,blank,,blank,,blank,,blank,,blank,,blank,,blank,,blank,,blank,,blank,,blank,,blank,,blank,,blank,,blank,,blank,,blank,,blank,,blank,,blank,,blank,,blank,,blank,,blank,,blank,,blank,,blank,,blank,,blank,,blank,,blank,,blank,,blank,,blank,,blank,,blank,,blank,,blank,,blank,,blank,,blank,,blank,,blank,,blank,,blank,,blank,,blank,,blank,,blank,,blank,,blank,,blank,,blank,,blank,,blank,,blank,,blank,,blank,,blank,,blank,,blank,,blank,,blank,,blank,,blank,,blank,,blank,,blank,,blank,,blank,,blank,,blank,,blank,,blank,,blank,,blank,,blank,,blank,,blank,,blank,,blank,,blank,,blank,,blank,,blank,,blank,,blank,,blank,,blank,,blank,,blank,,blank,,blank,,blank,,blank,,blank,,blank,,blank,,blank,,blank,,blank,,blank,,blank,,blank,,blank,,blank,,blank,,blank,,blank,,blank,,blank,,blank,,blank,,blank,,blank,,blank,,blank,,blank,,blank,,blank,,blank,,blank,,blank,,blank,,blank,,blank,,blank,,blank
VA-Ki,39,,TOTAL INDUSTRY,,C; D; E; F,,blank,11.777675709551911,,12.400059587867556,,12.962065775721332,,12.70129825651583,,13.037838770895855,,13.256389215245148,,13.900302117931448,,14.03198241553501,,13.84310278587622,,14.275731685562704,,14.929620739729621,,15.311375036659708,,15.689888289119919,,15.429365084813574,,15.617288216207715,,16.43009918681278,,17.540486386193983,,18.352248071935552,,19.96434021287896,,21.00514288691975,,21.981104173573026,,23.628633112040905,,23.867790960251707,,23.714972239194598,,25.103194644435543,,27.804620178187335,,28.503374961737677,,29.95539329233535,,30.50085066913538,,33.40233792739596,,34.68655827814137,,38.19286944687942,,38.69857758769042,,40.00779653423208,,47.27825977554047,,48.958191300854054,,48.698155546585795,,52.47648961415924,,51.9162523155873,,54.903227309375005,,52.0234674086115,,51.463813397638916,,52.63349539901476,,54.97203132052836,,54.821549524391145,,57.69207447409378,,58.90843998149439,,62.33060238147055,,63.308581579689275,,60.76607005008241,,61.46777333332511,,59.973963436924585,,64.93265805339185,,63.89540020391199,,70.03757810697915,,68.02854093341246,,67.48283562968088,,68.03420286171861,,70.48831099315808,,71.69622664308618,,71.98829698598318,,76.11340869072811,,77.57854935924041,,77.68123243468226,,79.01713634573697,,76.491822205798,,75.90332186532494,,81.0743255670588,,84.12832879646778,,87.86215783884968,,90.02734300283173,,91.68672609888755,,92.28586781247952,,93.25770163573227,,94.34240144263873,,100,,103.05719913565792,,107.03961404410998,,107.43021792807532,,,blank,,blank,,blank,,blank,,blank,,blank,61.25004814146591,,71.36962131266465,,84.46292870522437,,88.76818571226944,,98.26638158348229,,101.10696352627491,,110.02816619035798,,117.70661425446924,,124.71930092573858,,127.69303514709955,,122.50009628293186,,113.40135724742422,,97.511852004928,,95.07072689784054,,95.73648829068257,,101.77272491911692,,113.31258906171193,,125.25191004001222,,112.20298674030857,,105.90044555473746,,,blank,,blank,,blank,,blank,,blank,,blank,88.23557659799583,,112.29175492602086,,124.27545999717724,,127.20481012568217,,135.28271502549862,,145.9792814038271,,142.78362671818542,,146.47513862900217,,,blank,,blank,,blank,,blank,,blank,,blank,,blank,,blank,,blank,,blank,,blank,,blank,,blank,,blank,,blank,,blank,,blank,,blank,,blank,,blank,,blank,,blank,,blank,,blank,,blank,,blank,,blank,,blank,,blank,,blank,,blank,,blank,,blank,,blank,,blank,,blank,,blank
VA-Ki,40,,   MINING AND QUARRYING,,C,,blank,,blank,,blank,,blank,,blank,,blank,,blank,,blank,,blank,,blank,,blank,,blank,,blank,,blank,,blank,,blank,,blank,,blank,,blank,,blank,,blank,,blank,,blank,,blank,,blank,,blank,,blank,,blank,,blank,,blank,,blank,,blank,,blank,,blank,,blank,,blank,,blank,,blank,,blank,,blank,,blank,,blank,,blank,,blank,,blank,,blank,,blank,,blank,,blank,,blank,,blank,,blank,,blank,,blank,,blank,,blank,,blank,,blank,,blank,,blank,,blank,,blank,,blank,,blank,,blank,,blank,,blank,,blank,,blank,,blank,,blank,,blank,,blank,,blank,,blank,,blank,,blank,,blank,,blank,,blank,,blank,,blank,,blank,,blank,,blank,,blank,,blank,,blank,,blank,,blank,,blank,,blank,,blank,,blank,,blank,,blank,,blank,,blank,,blank,,blank,,blank,,blank,,blank,,blank,,blank,,blank,,blank,,blank,,blank,,blank,,blank,,blank,,blank,,blank,,blank,,blank,,blank,,blank,,blank,,blank,,blank,,blank,,blank,,blank,,blank,,blank,,blank,,blank,,blank,,blank,,blank,,blank,,blank,,blank,,blank,,blank,,blank,,blank,,blank,,blank,,blank,,blank,,blank,,blank,,blank,,blank,,blank,,blank,,blank,,blank,,blank,,blank,,blank,,blank,,blank,,blank,,blank
VA-Ki,41,,   MANUFACTURING,,D,,blank,,blank,,blank,,blank,,blank,,blank,,blank,,blank,,blank,,blank,,blank,,blank,,blank,,blank,,blank,,blank,,blank,,blank,,blank,,blank,,blank,,blank,,blank,,blank,,blank,,blank,,blank,,blank,,blank,,blank,,blank,,blank,,blank,,blank,,blank,,blank,,blank,,blank,,blank,,blank,,blank,,blank,,blank,,blank,,blank,,blank,,blank,,blank,,blank,,blank,,blank,,blank,,blank,,blank,,blank,,blank,,blank,,blank,,blank,,blank,,blank,,blank,,blank,,blank,,blank,,blank,,blank,,blank,,blank,,blank,,blank,,blank,,blank,,blank,,blank,,blank,,blank,,blank,,blank,,blank,,blank,,blank,,blank,,blank,,blank,,blank,,blank,,blank,,blank,,blank,,blank,,blank,,blank,,blank,,blank,,blank,,blank,,blank,,blank,,blank,,blank,,blank,,blank,,blank,,blank,,blank,,blank,,blank,,blank,,blank,,blank,,blank,,blank,,blank,,blank,,blank,,blank,,blank,,blank,,blank,,blank,,blank,,blank,,blank,,blank,,blank,,blank,,blank,,blank,,blank,,blank,,blank,,blank,,blank,,blank,,blank,,blank,,blank,,blank,,blank,,blank,,blank,,blank,,blank,,blank,,blank,,blank,,blank,,blank,,blank,,blank,,blank,,blank,,blank,,blank,,blank,,blank
VA-Ki,42,,"      Manufacture of food products, beverages and tobacco",,15; 16,,blank,,blank,,blank,,blank,,blank,,blank,,blank,,blank,,blank,,blank,,blank,,blank,,blank,,blank,,blank,,blank,,blank,,blank,,blank,,blank,,blank,,blank,,blank,,blank,,blank,,blank,,blank,,blank,,blank,,blank,,blank,,blank,,blank,,blank,,blank,,blank,,blank,,blank,,blank,,blank,,blank,,blank,,blank,,blank,,blank,,blank,,blank,,blank,,blank,,blank,,blank,,blank,,blank,,blank,,blank,,blank,,blank,,blank,,blank,,blank,,blank,,blank,,blank,,blank,,blank,,blank,,blank,,blank,,blank,,blank,,blank,,blank,,blank,,blank,,blank,,blank,,blank,,blank,,blank,,blank,,blank,,blank,,blank,,blank,,blank,,blank,,blank,,blank,,blank,,blank,,blank,,blank,,blank,,blank,,blank,,blank,,blank,,blank,,blank,,blank,,blank,,blank,,blank,,blank,,blank,,blank,,blank,,blank,,blank,,blank,,blank,,blank,,blank,,blank,,blank,,blank,,blank,,blank,,blank,,blank,,blank,,blank,,blank,,blank,,blank,,blank,,blank,,blank,,blank,,blank,,blank,,blank,,blank,,blank,,blank,,blank,,blank,,blank,,blank,,blank,,blank,,blank,,blank,,blank,,blank,,blank,,blank,,blank,,blank,,blank,,blank,,blank,,blank,,blank,,blank,,blank,,blank
VA-Ki,43,,"      Manufacture of textiles, wearing apparel and leather",,17; 18; 19,,blank,,blank,,blank,,blank,,blank,,blank,,blank,,blank,,blank,,blank,,blank,,blank,,blank,,blank,,blank,,blank,,blank,,blank,,blank,,blank,,blank,,blank,,blank,,blank,,blank,,blank,,blank,,blank,,blank,,blank,,blank,,blank,,blank,,blank,,blank,,blank,,blank,,blank,,blank,,blank,,blank,,blank,,blank,,blank,,blank,,blank,,blank,,blank,,blank,,blank,,blank,,blank,,blank,,blank,,blank,,blank,,blank,,blank,,blank,,blank,,blank,,blank,,blank,,blank,,blank,,blank,,blank,,blank,,blank,,blank,,blank,,blank,,blank,,blank,,blank,,blank,,blank,,blank,,blank,,blank,,blank,,blank,,blank,,blank,,blank,,blank,,blank,,blank,,blank,,blank,,blank,,blank,,blank,,blank,,blank,,blank,,blank,,blank,,blank,,blank,,blank,,blank,,blank,,blank,,blank,,blank,,blank,,blank,,blank,,blank,,blank,,blank,,blank,,blank,,blank,,blank,,blank,,blank,,blank,,blank,,blank,,blank,,blank,,blank,,blank,,blank,,blank,,blank,,blank,,blank,,blank,,blank,,blank,,blank,,blank,,blank,,blank,,blank,,blank,,blank,,blank,,blank,,blank,,blank,,blank,,blank,,blank,,blank,,blank,,blank,,blank,,blank,,blank,,blank,,blank,,blank,,blank
VA-Ki,44,,         Manufacture of textiles and wearing apparel,,17; 18,,blank,,blank,,blank,,blank,,blank,,blank,,blank,,blank,,blank,,blank,,blank,,blank,,blank,,blank,,blank,,blank,,blank,,blank,,blank,,blank,,blank,,blank,,blank,,blank,,blank,,blank,,blank,,blank,,blank,,blank,,blank,,blank,,blank,,blank,,blank,,blank,,blank,,blank,,blank,,blank,,blank,,blank,,blank,,blank,,blank,,blank,,blank,,blank,,blank,,blank,,blank,,blank,,blank,,blank,,blank,,blank,,blank,,blank,,blank,,blank,,blank,,blank,,blank,,blank,,blank,,blank,,blank,,blank,,blank,,blank,,blank,,blank,,blank,,blank,,blank,,blank,,blank,,blank,,blank,,blank,,blank,,blank,,blank,,blank,,blank,,blank,,blank,,blank,,blank,,blank,,blank,,blank,,blank,,blank,,blank,,blank,,blank,,blank,,blank,,blank,,blank,,blank,,blank,,blank,,blank,,blank,,blank,,blank,,blank,,blank,,blank,,blank,,blank,,blank,,blank,,blank,,blank,,blank,,blank,,blank,,blank,,blank,,blank,,blank,,blank,,blank,,blank,,blank,,blank,,blank,,blank,,blank,,blank,,blank,,blank,,blank,,blank,,blank,,blank,,blank,,blank,,blank,,blank,,blank,,blank,,blank,,blank,,blank,,blank,,blank,,blank,,blank,,blank,,blank,,blank,,blank,,blank
VA-Ki,45,,            Manufacture of textiles,17,,,blank,,blank,,blank,,blank,,blank,,blank,,blank,,blank,,blank,,blank,,blank,,blank,,blank,,blank,,blank,,blank,,blank,,blank,,blank,,blank,,blank,,blank,,blank,,blank,,blank,,blank,,blank,,blank,,blank,,blank,,blank,,blank,,blank,,blank,,blank,,blank,,blank,,blank,,blank,,blank,,blank,,blank,,blank,,blank,,blank,,blank,,blank,,blank,,blank,,blank,,blank,,blank,,blank,,blank,,blank,,blank,,blank,,blank,,blank,,blank,,blank,,blank,,blank,,blank,,blank,,blank,,blank,,blank,,blank,,blank,,blank,,blank,,blank,,blank,,blank,,blank,,blank,,blank,,blank,,blank,,blank,,blank,,blank,,blank,,blank,,blank,,blank,,blank,,blank,,blank,,blank,,blank,,blank,,blank,,blank,,blank,,blank,,blank,,blank,,blank,,blank,,blank,,blank,,blank,,blank,,blank,,blank,,blank,,blank,,blank,,blank,,blank,,blank,,blank,,blank,,blank,,blank,,blank,,blank,,blank,,blank,,blank,,blank,,blank,,blank,,blank,,blank,,blank,,blank,,blank,,blank,,blank,,blank,,blank,,blank,,blank,,blank,,blank,,blank,,blank,,blank,,blank,,blank,,blank,,blank,,blank,,blank,,blank,,blank,,blank,,blank,,blank,,blank,,blank,,blank,,blank,,blank
VA-Ki,46,,         Manufacture of wearing apparel and leather,,18; 19,,blank,,blank,,blank,,blank,,blank,,blank,,blank,,blank,,blank,,blank,,blank,,blank,,blank,,blank,,blank,,blank,,blank,,blank,,blank,,blank,,blank,,blank,,blank,,blank,,blank,,blank,,blank,,blank,,blank,,blank,,blank,,blank,,blank,,blank,,blank,,blank,,blank,,blank,,blank,,blank,,blank,,blank,,blank,,blank,,blank,,blank,,blank,,blank,,blank,,blank,,blank,,blank,,blank,,blank,,blank,,blank,,blank,,blank,,blank,,blank,,blank,,blank,,blank,,blank,,blank,,blank,,blank,,blank,,blank,,blank,,blank,,blank,,blank,,blank,,blank,,blank,,blank,,blank,,blank,,blank,,blank,,blank,,blank,,blank,,blank,,blank,,blank,,blank,,blank,,blank,,blank,,blank,,blank,,blank,,blank,,blank,,blank,,blank,,blank,,blank,,blank,,blank,,blank,,blank,,blank,,blank,,blank,,blank,,blank,,blank,,blank,,blank,,blank,,blank,,blank,,blank,,blank,,blank,,blank,,blank,,blank,,blank,,blank,,blank,,blank,,blank,,blank,,blank,,blank,,blank,,blank,,blank,,blank,,blank,,blank,,blank,,blank,,blank,,blank,,blank,,blank,,blank,,blank,,blank,,blank,,blank,,blank,,blank,,blank,,blank,,blank,,blank,,blank,,blank,,blank,,blank,,blank
VA-Ki,47,,            Manufacture of wearing apparel; dressing and dyeing of fur,18,,,blank,,blank,,blank,,blank,,blank,,blank,,blank,,blank,,blank,,blank,,blank,,blank,,blank,,blank,,blank,,blank,,blank,,blank,,blank,,blank,,blank,,blank,,blank,,blank,,blank,,blank,,blank,,blank,,blank,,blank,,blank,,blank,,blank,,blank,,blank,,blank,,blank,,blank,,blank,,blank,,blank,,blank,,blank,,blank,,blank,,blank,,blank,,blank,,blank,,blank,,blank,,blank,,blank,,blank,,blank,,blank,,blank,,blank,,blank,,blank,,blank,,blank,,blank,,blank,,blank,,blank,,blank,,blank,,blank,,blank,,blank,,blank,,blank,,blank,,blank,,blank,,blank,,blank,,blank,,blank,,blank,,blank,,blank,,blank,,blank,,blank,,blank,,blank,,blank,,blank,,blank,,blank,,blank,,blank,,blank,,blank,,blank,,blank,,blank,,blank,,blank,,blank,,blank,,blank,,blank,,blank,,blank,,blank,,blank,,blank,,blank,,blank,,blank,,blank,,blank,,blank,,blank,,blank,,blank,,blank,,blank,,blank,,blank,,blank,,blank,,blank,,blank,,blank,,blank,,blank,,blank,,blank,,blank,,blank,,blank,,blank,,blank,,blank,,blank,,blank,,blank,,blank,,blank,,blank,,blank,,blank,,blank,,blank,,blank,,blank,,blank,,blank,,blank,,blank,,blank,,blank,,blank
VA-Ki,48,,"            Tanning and dressing of leather; manufacture of luggage, handbags, saddlery, harness and footwear",19,,,blank,,blank,,blank,,blank,,blank,,blank,,blank,,blank,,blank,,blank,,blank,,blank,,blank,,blank,,blank,,blank,,blank,,blank,,blank,,blank,,blank,,blank,,blank,,blank,,blank,,blank,,blank,,blank,,blank,,blank,,blank,,blank,,blank,,blank,,blank,,blank,,blank,,blank,,blank,,blank,,blank,,blank,,blank,,blank,,blank,,blank,,blank,,blank,,blank,,blank,,blank,,blank,,blank,,blank,,blank,,blank,,blank,,blank,,blank,,blank,,blank,,blank,,blank,,blank,,blank,,blank,,blank,,blank,,blank,,blank,,blank,,blank,,blank,,blank,,blank,,blank,,blank,,blank,,blank,,blank,,blank,,blank,,blank,,blank,,blank,,blank,,blank,,blank,,blank,,blank,,blank,,blank,,blank,,blank,,blank,,blank,,blank,,blank,,blank,,blank,,blank,,blank,,blank,,blank,,blank,,blank,,blank,,blank,,blank,,blank,,blank,,blank,,blank,,blank,,blank,,blank,,blank,,blank,,blank,,blank,,blank,,blank,,blank,,blank,,blank,,blank,,blank,,blank,,blank,,blank,,blank,,blank,,blank,,blank,,blank,,blank,,blank,,blank,,blank,,blank,,blank,,blank,,blank,,blank,,blank,,blank,,blank,,blank,,blank,,blank,,blank,,blank,,blank,,blank,,blank,,blank,,blank
VA-Ki,49,,      Manufacture of wood and paper products,,20; 21; 36,,blank,,blank,,blank,,blank,,blank,,blank,,blank,,blank,,blank,,blank,,blank,,blank,,blank,,blank,,blank,,blank,,blank,,blank,,blank,,blank,,blank,,blank,,blank,,blank,,blank,,blank,,blank,,blank,,blank,,blank,,blank,,blank,,blank,,blank,,blank,,blank,,blank,,blank,,blank,,blank,,blank,,blank,,blank,,blank,,blank,,blank,,blank,,blank,,blank,,blank,,blank,,blank,,blank,,blank,,blank,,blank,,blank,,blank,,blank,,blank,,blank,,blank,,blank,,blank,,blank,,blank,,blank,,blank,,blank,,blank,,blank,,blank,,blank,,blank,,blank,,blank,,blank,,blank,,blank,,blank,,blank,,blank,,blank,,blank,,blank,,blank,,blank,,blank,,blank,,blank,,blank,,blank,,blank,,blank,,blank,,blank,,blank,,blank,,blank,,blank,,blank,,blank,,blank,,blank,,blank,,blank,,blank,,blank,,blank,,blank,,blank,,blank,,blank,,blank,,blank,,blank,,blank,,blank,,blank,,blank,,blank,,blank,,blank,,blank,,blank,,blank,,blank,,blank,,blank,,blank,,blank,,blank,,blank,,blank,,blank,,blank,,blank,,blank,,blank,,blank,,blank,,blank,,blank,,blank,,blank,,blank,,blank,,blank,,blank,,blank,,blank,,blank,,blank,,blank,,blank,,blank,,blank
VA-Ki,50,,     Manufacture of paper and printing products,,21; 22,,blank,,blank,,blank,,blank,,blank,,blank,,blank,,blank,,blank,,blank,,blank,,blank,,blank,,blank,,blank,,blank,,blank,,blank,,blank,,blank,,blank,,blank,,blank,,blank,,blank,,blank,,blank,,blank,,blank,,blank,,blank,,blank,,blank,,blank,,blank,,blank,,blank,,blank,,blank,,blank,,blank,,blank,,blank,,blank,,blank,,blank,,blank,,blank,,blank,,blank,,blank,,blank,,blank,,blank,,blank,,blank,,blank,,blank,,blank,,blank,,blank,,blank,,blank,,blank,,blank,,blank,,blank,,blank,,blank,,blank,,blank,,blank,,blank,,blank,,blank,,blank,,blank,,blank,,blank,,blank,,blank,,blank,,blank,,blank,,blank,,blank,,blank,,blank,,blank,,blank,,blank,,blank,,blank,,blank,,blank,,blank,,blank,,blank,,blank,,blank,,blank,,blank,,blank,,blank,,blank,,blank,,blank,,blank,,blank,,blank,,blank,,blank,,blank,,blank,,blank,,blank,,blank,,blank,,blank,,blank,,blank,,blank,,blank,,blank,,blank,,blank,,blank,,blank,,blank,,blank,,blank,,blank,,blank,,blank,,blank,,blank,,blank,,blank,,blank,,blank,,blank,,blank,,blank,,blank,,blank,,blank,,blank,,blank,,blank,,blank,,blank,,blank,,blank,,blank,,blank,,blank,,blank
VA-Ki,51,,         Manufacture of wood and of products of wood and cork; manufacture of furniture,,20; 36,,blank,,blank,,blank,,blank,,blank,,blank,,blank,,blank,,blank,,blank,,blank,,blank,,blank,,blank,,blank,,blank,,blank,,blank,,blank,,blank,,blank,,blank,,blank,,blank,,blank,,blank,,blank,,blank,,blank,,blank,,blank,,blank,,blank,,blank,,blank,,blank,,blank,,blank,,blank,,blank,,blank,,blank,,blank,,blank,,blank,,blank,,blank,,blank,,blank,,blank,,blank,,blank,,blank,,blank,,blank,,blank,,blank,,blank,,blank,,blank,,blank,,blank,,blank,,blank,,blank,,blank,,blank,,blank,,blank,,blank,,blank,,blank,,blank,,blank,,blank,,blank,,blank,,blank,,blank,,blank,,blank,,blank,,blank,,blank,,blank,,blank,,blank,,blank,,blank,,blank,,blank,,blank,,blank,,blank,,blank,,blank,,blank,,blank,,blank,,blank,,blank,,blank,,blank,,blank,,blank,,blank,,blank,,blank,,blank,,blank,,blank,,blank,,blank,,blank,,blank,,blank,,blank,,blank,,blank,,blank,,blank,,blank,,blank,,blank,,blank,,blank,,blank,,blank,,blank,,blank,,blank,,blank,,blank,,blank,,blank,,blank,,blank,,blank,,blank,,blank,,blank,,blank,,blank,,blank,,blank,,blank,,blank,,blank,,blank,,blank,,blank,,blank,,blank,,blank,,blank,,blank,,blank
VA-Ki,52,,         Manufacture of paper and paper products,21,,,blank,,blank,,blank,,blank,,blank,,blank,,blank,,blank,,blank,,blank,,blank,,blank,,blank,,blank,,blank,,blank,,blank,,blank,,blank,,blank,,blank,,blank,,blank,,blank,,blank,,blank,,blank,,blank,,blank,,blank,,blank,,blank,,blank,,blank,,blank,,blank,,blank,,blank,,blank,,blank,,blank,,blank,,blank,,blank,,blank,,blank,,blank,,blank,,blank,,blank,,blank,,blank,,blank,,blank,,blank,,blank,,blank,,blank,,blank,,blank,,blank,,blank,,blank,,blank,,blank,,blank,,blank,,blank,,blank,,blank,,blank,,blank,,blank,,blank,,blank,,blank,,blank,,blank,,blank,,blank,,blank,,blank,,blank,,blank,,blank,,blank,,blank,,blank,,blank,,blank,,blank,,blank,,blank,,blank,,blank,,blank,,blank,,blank,,blank,,blank,,blank,,blank,,blank,,blank,,blank,,blank,,blank,,blank,,blank,,blank,,blank,,blank,,blank,,blank,,blank,,blank,,blank,,blank,,blank,,blank,,blank,,blank,,blank,,blank,,blank,,blank,,blank,,blank,,blank,,blank,,blank,,blank,,blank,,blank,,blank,,blank,,blank,,blank,,blank,,blank,,blank,,blank,,blank,,blank,,blank,,blank,,blank,,blank,,blank,,blank,,blank,,blank,,blank,,blank,,blank,,blank,,blank
VA-Ki,53,,"      Publishing, printing and reproduction of recorded media",22,,,blank,,blank,,blank,,blank,,blank,,blank,,blank,,blank,,blank,,blank,,blank,,blank,,blank,,blank,,blank,,blank,,blank,,blank,,blank,,blank,,blank,,blank,,blank,,blank,,blank,,blank,,blank,,blank,,blank,,blank,,blank,,blank,,blank,,blank,,blank,,blank,,blank,,blank,,blank,,blank,,blank,,blank,,blank,,blank,,blank,,blank,,blank,,blank,,blank,,blank,,blank,,blank,,blank,,blank,,blank,,blank,,blank,,blank,,blank,,blank,,blank,,blank,,blank,,blank,,blank,,blank,,blank,,blank,,blank,,blank,,blank,,blank,,blank,,blank,,blank,,blank,,blank,,blank,,blank,,blank,,blank,,blank,,blank,,blank,,blank,,blank,,blank,,blank,,blank,,blank,,blank,,blank,,blank,,blank,,blank,,blank,,blank,,blank,,blank,,blank,,blank,,blank,,blank,,blank,,blank,,blank,,blank,,blank,,blank,,blank,,blank,,blank,,blank,,blank,,blank,,blank,,blank,,blank,,blank,,blank,,blank,,blank,,blank,,blank,,blank,,blank,,blank,,blank,,blank,,blank,,blank,,blank,,blank,,blank,,blank,,blank,,blank,,blank,,blank,,blank,,blank,,blank,,blank,,blank,,blank,,blank,,blank,,blank,,blank,,blank,,blank,,blank,,blank,,blank,,blank,,blank,,blank
VA-Ki,54,,"      Manufacture of coke, refined petroleum products and nuclear fuel",23,,,blank,,blank,,blank,,blank,,blank,,blank,,blank,,blank,,blank,,blank,,blank,,blank,,blank,,blank,,blank,,blank,,blank,,blank,,blank,,blank,,blank,,blank,,blank,,blank,,blank,,blank,,blank,,blank,,blank,,blank,,blank,,blank,,blank,,blank,,blank,,blank,,blank,,blank,,blank,,blank,,blank,,blank,,blank,,blank,,blank,,blank,,blank,,blank,,blank,,blank,,blank,,blank,,blank,,blank,,blank,,blank,,blank,,blank,,blank,,blank,,blank,,blank,,blank,,blank,,blank,,blank,,blank,,blank,,blank,,blank,,blank,,blank,,blank,,blank,,blank,,blank,,blank,,blank,,blank,,blank,,blank,,blank,,blank,,blank,,blank,,blank,,blank,,blank,,blank,,blank,,blank,,blank,,blank,,blank,,blank,,blank,,blank,,blank,,blank,,blank,,blank,,blank,,blank,,blank,,blank,,blank,,blank,,blank,,blank,,blank,,blank,,blank,,blank,,blank,,blank,,blank,,blank,,blank,,blank,,blank,,blank,,blank,,blank,,blank,,blank,,blank,,blank,,blank,,blank,,blank,,blank,,blank,,blank,,blank,,blank,,blank,,blank,,blank,,blank,,blank,,blank,,blank,,blank,,blank,,blank,,blank,,blank,,blank,,blank,,blank,,blank,,blank,,blank,,blank,,blank,,blank,,blank
VA-Ki,55,,      Manufacture of chemicals and rubber,,24; 25,,blank,,blank,,blank,,blank,,blank,,blank,,blank,,blank,,blank,,blank,,blank,,blank,,blank,,blank,,blank,,blank,,blank,,blank,,blank,,blank,,blank,,blank,,blank,,blank,,blank,,blank,,blank,,blank,,blank,,blank,,blank,,blank,,blank,,blank,,blank,,blank,,blank,,blank,,blank,,blank,,blank,,blank,,blank,,blank,,blank,,blank,,blank,,blank,,blank,,blank,,blank,,blank,,blank,,blank,,blank,,blank,,blank,,blank,,blank,,blank,,blank,,blank,,blank,,blank,,blank,,blank,,blank,,blank,,blank,,blank,,blank,,blank,,blank,,blank,,blank,,blank,,blank,,blank,,blank,,blank,,blank,,blank,,blank,,blank,,blank,,blank,,blank,,blank,,blank,,blank,,blank,,blank,,blank,,blank,,blank,,blank,,blank,,blank,,blank,,blank,,blank,,blank,,blank,,blank,,blank,,blank,,blank,,blank,,blank,,blank,,blank,,blank,,blank,,blank,,blank,,blank,,blank,,blank,,blank,,blank,,blank,,blank,,blank,,blank,,blank,,blank,,blank,,blank,,blank,,blank,,blank,,blank,,blank,,blank,,blank,,blank,,blank,,blank,,blank,,blank,,blank,,blank,,blank,,blank,,blank,,blank,,blank,,blank,,blank,,blank,,blank,,blank,,blank,,blank,,blank,,blank,,blank
VA-Ki,56,,         Manufacture of chemicals and chemical products,24,,,blank,,blank,,blank,,blank,,blank,,blank,,blank,,blank,,blank,,blank,,blank,,blank,,blank,,blank,,blank,,blank,,blank,,blank,,blank,,blank,,blank,,blank,,blank,,blank,,blank,,blank,,blank,,blank,,blank,,blank,,blank,,blank,,blank,,blank,,blank,,blank,,blank,,blank,,blank,,blank,,blank,,blank,,blank,,blank,,blank,,blank,,blank,,blank,,blank,,blank,,blank,,blank,,blank,,blank,,blank,,blank,,blank,,blank,,blank,,blank,,blank,,blank,,blank,,blank,,blank,,blank,,blank,,blank,,blank,,blank,,blank,,blank,,blank,,blank,,blank,,blank,,blank,,blank,,blank,,blank,,blank,,blank,,blank,,blank,,blank,,blank,,blank,,blank,,blank,,blank,,blank,,blank,,blank,,blank,,blank,,blank,,blank,,blank,,blank,,blank,,blank,,blank,,blank,,blank,,blank,,blank,,blank,,blank,,blank,,blank,,blank,,blank,,blank,,blank,,blank,,blank,,blank,,blank,,blank,,blank,,blank,,blank,,blank,,blank,,blank,,blank,,blank,,blank,,blank,,blank,,blank,,blank,,blank,,blank,,blank,,blank,,blank,,blank,,blank,,blank,,blank,,blank,,blank,,blank,,blank,,blank,,blank,,blank,,blank,,blank,,blank,,blank,,blank,,blank,,blank,,blank,,blank
VA-Ki,57,,         Manufacture of rubber and plastics products,25,,,blank,,blank,,blank,,blank,,blank,,blank,,blank,,blank,,blank,,blank,,blank,,blank,,blank,,blank,,blank,,blank,,blank,,blank,,blank,,blank,,blank,,blank,,blank,,blank,,blank,,blank,,blank,,blank,,blank,,blank,,blank,,blank,,blank,,blank,,blank,,blank,,blank,,blank,,blank,,blank,,blank,,blank,,blank,,blank,,blank,,blank,,blank,,blank,,blank,,blank,,blank,,blank,,blank,,blank,,blank,,blank,,blank,,blank,,blank,,blank,,blank,,blank,,blank,,blank,,blank,,blank,,blank,,blank,,blank,,blank,,blank,,blank,,blank,,blank,,blank,,blank,,blank,,blank,,blank,,blank,,blank,,blank,,blank,,blank,,blank,,blank,,blank,,blank,,blank,,blank,,blank,,blank,,blank,,blank,,blank,,blank,,blank,,blank,,blank,,blank,,blank,,blank,,blank,,blank,,blank,,blank,,blank,,blank,,blank,,blank,,blank,,blank,,blank,,blank,,blank,,blank,,blank,,blank,,blank,,blank,,blank,,blank,,blank,,blank,,blank,,blank,,blank,,blank,,blank,,blank,,blank,,blank,,blank,,blank,,blank,,blank,,blank,,blank,,blank,,blank,,blank,,blank,,blank,,blank,,blank,,blank,,blank,,blank,,blank,,blank,,blank,,blank,,blank,,blank,,blank,,blank,,blank
VA-Ki,58,,      Manufacture of other non-metallic mineral products,26,,,blank,,blank,,blank,,blank,,blank,,blank,,blank,,blank,,blank,,blank,,blank,,blank,,blank,,blank,,blank,,blank,,blank,,blank,,blank,,blank,,blank,,blank,,blank,,blank,,blank,,blank,,blank,,blank,,blank,,blank,,blank,,blank,,blank,,blank,,blank,,blank,,blank,,blank,,blank,,blank,,blank,,blank,,blank,,blank,,blank,,blank,,blank,,blank,,blank,,blank,,blank,,blank,,blank,,blank,,blank,,blank,,blank,,blank,,blank,,blank,,blank,,blank,,blank,,blank,,blank,,blank,,blank,,blank,,blank,,blank,,blank,,blank,,blank,,blank,,blank,,blank,,blank,,blank,,blank,,blank,,blank,,blank,,blank,,blank,,blank,,blank,,blank,,blank,,blank,,blank,,blank,,blank,,blank,,blank,,blank,,blank,,blank,,blank,,blank,,blank,,blank,,blank,,blank,,blank,,blank,,blank,,blank,,blank,,blank,,blank,,blank,,blank,,blank,,blank,,blank,,blank,,blank,,blank,,blank,,blank,,blank,,blank,,blank,,blank,,blank,,blank,,blank,,blank,,blank,,blank,,blank,,blank,,blank,,blank,,blank,,blank,,blank,,blank,,blank,,blank,,blank,,blank,,blank,,blank,,blank,,blank,,blank,,blank,,blank,,blank,,blank,,blank,,blank,,blank,,blank,,blank,,blank
VA-Ki,59,,         Manufacture of glass and glass products,261,,,blank,,blank,,blank,,blank,,blank,,blank,,blank,,blank,,blank,,blank,,blank,,blank,,blank,,blank,,blank,,blank,,blank,,blank,,blank,,blank,,blank,,blank,,blank,,blank,,blank,,blank,,blank,,blank,,blank,,blank,,blank,,blank,,blank,,blank,,blank,,blank,,blank,,blank,,blank,,blank,,blank,,blank,,blank,,blank,,blank,,blank,,blank,,blank,,blank,,blank,,blank,,blank,,blank,,blank,,blank,,blank,,blank,,blank,,blank,,blank,,blank,,blank,,blank,,blank,,blank,,blank,,blank,,blank,,blank,,blank,,blank,,blank,,blank,,blank,,blank,,blank,,blank,,blank,,blank,,blank,,blank,,blank,,blank,,blank,,blank,,blank,,blank,,blank,,blank,,blank,,blank,,blank,,blank,,blank,,blank,,blank,,blank,,blank,,blank,,blank,,blank,,blank,,blank,,blank,,blank,,blank,,blank,,blank,,blank,,blank,,blank,,blank,,blank,,blank,,blank,,blank,,blank,,blank,,blank,,blank,,blank,,blank,,blank,,blank,,blank,,blank,,blank,,blank,,blank,,blank,,blank,,blank,,blank,,blank,,blank,,blank,,blank,,blank,,blank,,blank,,blank,,blank,,blank,,blank,,blank,,blank,,blank,,blank,,blank,,blank,,blank,,blank,,blank,,blank,,blank,,blank,,blank
VA-Ki,60,,         Manufacture of building materials,269,,,blank,,blank,,blank,,blank,,blank,,blank,,blank,,blank,,blank,,blank,,blank,,blank,,blank,,blank,,blank,,blank,,blank,,blank,,blank,,blank,,blank,,blank,,blank,,blank,,blank,,blank,,blank,,blank,,blank,,blank,,blank,,blank,,blank,,blank,,blank,,blank,,blank,,blank,,blank,,blank,,blank,,blank,,blank,,blank,,blank,,blank,,blank,,blank,,blank,,blank,,blank,,blank,,blank,,blank,,blank,,blank,,blank,,blank,,blank,,blank,,blank,,blank,,blank,,blank,,blank,,blank,,blank,,blank,,blank,,blank,,blank,,blank,,blank,,blank,,blank,,blank,,blank,,blank,,blank,,blank,,blank,,blank,,blank,,blank,,blank,,blank,,blank,,blank,,blank,,blank,,blank,,blank,,blank,,blank,,blank,,blank,,blank,,blank,,blank,,blank,,blank,,blank,,blank,,blank,,blank,,blank,,blank,,blank,,blank,,blank,,blank,,blank,,blank,,blank,,blank,,blank,,blank,,blank,,blank,,blank,,blank,,blank,,blank,,blank,,blank,,blank,,blank,,blank,,blank,,blank,,blank,,blank,,blank,,blank,,blank,,blank,,blank,,blank,,blank,,blank,,blank,,blank,,blank,,blank,,blank,,blank,,blank,,blank,,blank,,blank,,blank,,blank,,blank,,blank,,blank,,blank,,blank
VA-Ki,61,,      Manufacture of basic metals and metal products,,27; 28; 29; 30; 31; 32; 33; 34; 35,,blank,,blank,,blank,,blank,,blank,,blank,,blank,,blank,,blank,,blank,,blank,,blank,,blank,,blank,,blank,,blank,,blank,,blank,,blank,,blank,,blank,,blank,,blank,,blank,,blank,,blank,,blank,,blank,,blank,,blank,,blank,,blank,,blank,,blank,,blank,,blank,,blank,,blank,,blank,,blank,,blank,,blank,,blank,,blank,,blank,,blank,,blank,,blank,,blank,,blank,,blank,,blank,,blank,,blank,,blank,,blank,,blank,,blank,,blank,,blank,,blank,,blank,,blank,,blank,,blank,,blank,,blank,,blank,,blank,,blank,,blank,,blank,,blank,,blank,,blank,,blank,,blank,,blank,,blank,,blank,,blank,,blank,,blank,,blank,,blank,,blank,,blank,,blank,,blank,,blank,,blank,,blank,,blank,,blank,,blank,,blank,,blank,,blank,,blank,,blank,,blank,,blank,,blank,,blank,,blank,,blank,,blank,,blank,,blank,,blank,,blank,,blank,,blank,,blank,,blank,,blank,,blank,,blank,,blank,,blank,,blank,,blank,,blank,,blank,,blank,,blank,,blank,,blank,,blank,,blank,,blank,,blank,,blank,,blank,,blank,,blank,,blank,,blank,,blank,,blank,,blank,,blank,,blank,,blank,,blank,,blank,,blank,,blank,,blank,,blank,,blank,,blank,,blank,,blank,,blank,,blank,,blank
VA-Ki,62,,         Manufacture of basic metals,27,,,blank,,blank,,blank,,blank,,blank,,blank,,blank,,blank,,blank,,blank,,blank,,blank,,blank,,blank,,blank,,blank,,blank,,blank,,blank,,blank,,blank,,blank,,blank,,blank,,blank,,blank,,blank,,blank,,blank,,blank,,blank,,blank,,blank,,blank,,blank,,blank,,blank,,blank,,blank,,blank,,blank,,blank,,blank,,blank,,blank,,blank,,blank,,blank,,blank,,blank,,blank,,blank,,blank,,blank,,blank,,blank,,blank,,blank,,blank,,blank,,blank,,blank,,blank,,blank,,blank,,blank,,blank,,blank,,blank,,blank,,blank,,blank,,blank,,blank,,blank,,blank,,blank,,blank,,blank,,blank,,blank,,blank,,blank,,blank,,blank,,blank,,blank,,blank,,blank,,blank,,blank,,blank,,blank,,blank,,blank,,blank,,blank,,blank,,blank,,blank,,blank,,blank,,blank,,blank,,blank,,blank,,blank,,blank,,blank,,blank,,blank,,blank,,blank,,blank,,blank,,blank,,blank,,blank,,blank,,blank,,blank,,blank,,blank,,blank,,blank,,blank,,blank,,blank,,blank,,blank,,blank,,blank,,blank,,blank,,blank,,blank,,blank,,blank,,blank,,blank,,blank,,blank,,blank,,blank,,blank,,blank,,blank,,blank,,blank,,blank,,blank,,blank,,blank,,blank,,blank,,blank,,blank
VA-Ki,63,,            Manufacture of basic iron and steel; casting of metals,,271; 273,,blank,,blank,,blank,,blank,,blank,,blank,,blank,,blank,,blank,,blank,,blank,,blank,,blank,,blank,,blank,,blank,,blank,,blank,,blank,,blank,,blank,,blank,,blank,,blank,,blank,,blank,,blank,,blank,,blank,,blank,,blank,,blank,,blank,,blank,,blank,,blank,,blank,,blank,,blank,,blank,,blank,,blank,,blank,,blank,,blank,,blank,,blank,,blank,,blank,,blank,,blank,,blank,,blank,,blank,,blank,,blank,,blank,,blank,,blank,,blank,,blank,,blank,,blank,,blank,,blank,,blank,,blank,,blank,,blank,,blank,,blank,,blank,,blank,,blank,,blank,,blank,,blank,,blank,,blank,,blank,,blank,,blank,,blank,,blank,,blank,,blank,,blank,,blank,,blank,,blank,,blank,,blank,,blank,,blank,,blank,,blank,,blank,,blank,,blank,,blank,,blank,,blank,,blank,,blank,,blank,,blank,,blank,,blank,,blank,,blank,,blank,,blank,,blank,,blank,,blank,,blank,,blank,,blank,,blank,,blank,,blank,,blank,,blank,,blank,,blank,,blank,,blank,,blank,,blank,,blank,,blank,,blank,,blank,,blank,,blank,,blank,,blank,,blank,,blank,,blank,,blank,,blank,,blank,,blank,,blank,,blank,,blank,,blank,,blank,,blank,,blank,,blank,,blank,,blank,,blank,,blank,,blank
VA-Ki,64,,            Manufacture of basic precious and non-ferrous metals,272,,,blank,,blank,,blank,,blank,,blank,,blank,,blank,,blank,,blank,,blank,,blank,,blank,,blank,,blank,,blank,,blank,,blank,,blank,,blank,,blank,,blank,,blank,,blank,,blank,,blank,,blank,,blank,,blank,,blank,,blank,,blank,,blank,,blank,,blank,,blank,,blank,,blank,,blank,,blank,,blank,,blank,,blank,,blank,,blank,,blank,,blank,,blank,,blank,,blank,,blank,,blank,,blank,,blank,,blank,,blank,,blank,,blank,,blank,,blank,,blank,,blank,,blank,,blank,,blank,,blank,,blank,,blank,,blank,,blank,,blank,,blank,,blank,,blank,,blank,,blank,,blank,,blank,,blank,,blank,,blank,,blank,,blank,,blank,,blank,,blank,,blank,,blank,,blank,,blank,,blank,,blank,,blank,,blank,,blank,,blank,,blank,,blank,,blank,,blank,,blank,,blank,,blank,,blank,,blank,,blank,,blank,,blank,,blank,,blank,,blank,,blank,,blank,,blank,,blank,,blank,,blank,,blank,,blank,,blank,,blank,,blank,,blank,,blank,,blank,,blank,,blank,,blank,,blank,,blank,,blank,,blank,,blank,,blank,,blank,,blank,,blank,,blank,,blank,,blank,,blank,,blank,,blank,,blank,,blank,,blank,,blank,,blank,,blank,,blank,,blank,,blank,,blank,,blank,,blank,,blank,,blank,,blank
VA-Ki,65,,"         Manufacture of metal products, machinery and transport equipment",,28; 29; 30; 31; 32; 33; 34; 35,,blank,,blank,,blank,,blank,,blank,,blank,,blank,,blank,,blank,,blank,,blank,,blank,,blank,,blank,,blank,,blank,,blank,,blank,,blank,,blank,,blank,,blank,,blank,,blank,,blank,,blank,,blank,,blank,,blank,,blank,,blank,,blank,,blank,,blank,,blank,,blank,,blank,,blank,,blank,,blank,,blank,,blank,,blank,,blank,,blank,,blank,,blank,,blank,,blank,,blank,,blank,,blank,,blank,,blank,,blank,,blank,,blank,,blank,,blank,,blank,,blank,,blank,,blank,,blank,,blank,,blank,,blank,,blank,,blank,,blank,,blank,,blank,,blank,,blank,,blank,,blank,,blank,,blank,,blank,,blank,,blank,,blank,,blank,,blank,,blank,,blank,,blank,,blank,,blank,,blank,,blank,,blank,,blank,,blank,,blank,,blank,,blank,,blank,,blank,,blank,,blank,,blank,,blank,,blank,,blank,,blank,,blank,,blank,,blank,,blank,,blank,,blank,,blank,,blank,,blank,,blank,,blank,,blank,,blank,,blank,,blank,,blank,,blank,,blank,,blank,,blank,,blank,,blank,,blank,,blank,,blank,,blank,,blank,,blank,,blank,,blank,,blank,,blank,,blank,,blank,,blank,,blank,,blank,,blank,,blank,,blank,,blank,,blank,,blank,,blank,,blank,,blank,,blank,,blank,,blank,,blank,,blank
VA-Ki,66,,            Manufacture of metal products and machinery,,28; 29; 30; 31; 32,,blank,,blank,,blank,,blank,,blank,,blank,,blank,,blank,,blank,,blank,,blank,,blank,,blank,,blank,,blank,,blank,,blank,,blank,,blank,,blank,,blank,,blank,,blank,,blank,,blank,,blank,,blank,,blank,,blank,,blank,,blank,,blank,,blank,,blank,,blank,,blank,,blank,,blank,,blank,,blank,,blank,,blank,,blank,,blank,,blank,,blank,,blank,,blank,,blank,,blank,,blank,,blank,,blank,,blank,,blank,,blank,,blank,,blank,,blank,,blank,,blank,,blank,,blank,,blank,,blank,,blank,,blank,,blank,,blank,,blank,,blank,,blank,,blank,,blank,,blank,,blank,,blank,,blank,,blank,,blank,,blank,,blank,,blank,,blank,,blank,,blank,,blank,,blank,,blank,,blank,,blank,,blank,,blank,,blank,,blank,,blank,,blank,,blank,,blank,,blank,,blank,,blank,,blank,,blank,,blank,,blank,,blank,,blank,,blank,,blank,,blank,,blank,,blank,,blank,,blank,,blank,,blank,,blank,,blank,,blank,,blank,,blank,,blank,,blank,,blank,,blank,,blank,,blank,,blank,,blank,,blank,,blank,,blank,,blank,,blank,,blank,,blank,,blank,,blank,,blank,,blank,,blank,,blank,,blank,,blank,,blank,,blank,,blank,,blank,,blank,,blank,,blank,,blank,,blank,,blank,,blank,,blank
VA-Ki,67,,"               Manufacture of fabricated metal products, except machinery and equipment",28,,,blank,,blank,,blank,,blank,,blank,,blank,,blank,,blank,,blank,,blank,,blank,,blank,,blank,,blank,,blank,,blank,,blank,,blank,,blank,,blank,,blank,,blank,,blank,,blank,,blank,,blank,,blank,,blank,,blank,,blank,,blank,,blank,,blank,,blank,,blank,,blank,,blank,,blank,,blank,,blank,,blank,,blank,,blank,,blank,,blank,,blank,,blank,,blank,,blank,,blank,,blank,,blank,,blank,,blank,,blank,,blank,,blank,,blank,,blank,,blank,,blank,,blank,,blank,,blank,,blank,,blank,,blank,,blank,,blank,,blank,,blank,,blank,,blank,,blank,,blank,,blank,,blank,,blank,,blank,,blank,,blank,,blank,,blank,,blank,,blank,,blank,,blank,,blank,,blank,,blank,,blank,,blank,,blank,,blank,,blank,,blank,,blank,,blank,,blank,,blank,,blank,,blank,,blank,,blank,,blank,,blank,,blank,,blank,,blank,,blank,,blank,,blank,,blank,,blank,,blank,,blank,,blank,,blank,,blank,,blank,,blank,,blank,,blank,,blank,,blank,,blank,,blank,,blank,,blank,,blank,,blank,,blank,,blank,,blank,,blank,,blank,,blank,,blank,,blank,,blank,,blank,,blank,,blank,,blank,,blank,,blank,,blank,,blank,,blank,,blank,,blank,,blank,,blank,,blank,,blank,,blank,,blank
VA-Ki,68,,"               Manufacture of machinery and equipment; office, accounting and computing machinery",,29; 30,,blank,,blank,,blank,,blank,,blank,,blank,,blank,,blank,,blank,,blank,,blank,,blank,,blank,,blank,,blank,,blank,,blank,,blank,,blank,,blank,,blank,,blank,,blank,,blank,,blank,,blank,,blank,,blank,,blank,,blank,,blank,,blank,,blank,,blank,,blank,,blank,,blank,,blank,,blank,,blank,,blank,,blank,,blank,,blank,,blank,,blank,,blank,,blank,,blank,,blank,,blank,,blank,,blank,,blank,,blank,,blank,,blank,,blank,,blank,,blank,,blank,,blank,,blank,,blank,,blank,,blank,,blank,,blank,,blank,,blank,,blank,,blank,,blank,,blank,,blank,,blank,,blank,,blank,,blank,,blank,,blank,,blank,,blank,,blank,,blank,,blank,,blank,,blank,,blank,,blank,,blank,,blank,,blank,,blank,,blank,,blank,,blank,,blank,,blank,,blank,,blank,,blank,,blank,,blank,,blank,,blank,,blank,,blank,,blank,,blank,,blank,,blank,,blank,,blank,,blank,,blank,,blank,,blank,,blank,,blank,,blank,,blank,,blank,,blank,,blank,,blank,,blank,,blank,,blank,,blank,,blank,,blank,,blank,,blank,,blank,,blank,,blank,,blank,,blank,,blank,,blank,,blank,,blank,,blank,,blank,,blank,,blank,,blank,,blank,,blank,,blank,,blank,,blank,,blank,,blank,,blank,,blank
VA-Ki,69,,               Manufacture of electrical machinery and apparatus,31,,,blank,,blank,,blank,,blank,,blank,,blank,,blank,,blank,,blank,,blank,,blank,,blank,,blank,,blank,,blank,,blank,,blank,,blank,,blank,,blank,,blank,,blank,,blank,,blank,,blank,,blank,,blank,,blank,,blank,,blank,,blank,,blank,,blank,,blank,,blank,,blank,,blank,,blank,,blank,,blank,,blank,,blank,,blank,,blank,,blank,,blank,,blank,,blank,,blank,,blank,,blank,,blank,,blank,,blank,,blank,,blank,,blank,,blank,,blank,,blank,,blank,,blank,,blank,,blank,,blank,,blank,,blank,,blank,,blank,,blank,,blank,,blank,,blank,,blank,,blank,,blank,,blank,,blank,,blank,,blank,,blank,,blank,,blank,,blank,,blank,,blank,,blank,,blank,,blank,,blank,,blank,,blank,,blank,,blank,,blank,,blank,,blank,,blank,,blank,,blank,,blank,,blank,,blank,,blank,,blank,,blank,,blank,,blank,,blank,,blank,,blank,,blank,,blank,,blank,,blank,,blank,,blank,,blank,,blank,,blank,,blank,,blank,,blank,,blank,,blank,,blank,,blank,,blank,,blank,,blank,,blank,,blank,,blank,,blank,,blank,,blank,,blank,,blank,,blank,,blank,,blank,,blank,,blank,,blank,,blank,,blank,,blank,,blank,,blank,,blank,,blank,,blank,,blank,,blank,,blank,,blank,,blank
VA-Ki,70,,"               Manufacture of radio, television and communication equipment and apparatus",32,,,blank,,blank,,blank,,blank,,blank,,blank,,blank,,blank,,blank,,blank,,blank,,blank,,blank,,blank,,blank,,blank,,blank,,blank,,blank,,blank,,blank,,blank,,blank,,blank,,blank,,blank,,blank,,blank,,blank,,blank,,blank,,blank,,blank,,blank,,blank,,blank,,blank,,blank,,blank,,blank,,blank,,blank,,blank,,blank,,blank,,blank,,blank,,blank,,blank,,blank,,blank,,blank,,blank,,blank,,blank,,blank,,blank,,blank,,blank,,blank,,blank,,blank,,blank,,blank,,blank,,blank,,blank,,blank,,blank,,blank,,blank,,blank,,blank,,blank,,blank,,blank,,blank,,blank,,blank,,blank,,blank,,blank,,blank,,blank,,blank,,blank,,blank,,blank,,blank,,blank,,blank,,blank,,blank,,blank,,blank,,blank,,blank,,blank,,blank,,blank,,blank,,blank,,blank,,blank,,blank,,blank,,blank,,blank,,blank,,blank,,blank,,blank,,blank,,blank,,blank,,blank,,blank,,blank,,blank,,blank,,blank,,blank,,blank,,blank,,blank,,blank,,blank,,blank,,blank,,blank,,blank,,blank,,blank,,blank,,blank,,blank,,blank,,blank,,blank,,blank,,blank,,blank,,blank,,blank,,blank,,blank,,blank,,blank,,blank,,blank,,blank,,blank,,blank,,blank,,blank,,blank,,blank
VA-Ki,71,,"               Manufacture of medical, precision and optical instruments, watches and clocks",33,,,blank,,blank,,blank,,blank,,blank,,blank,,blank,,blank,,blank,,blank,,blank,,blank,,blank,,blank,,blank,,blank,,blank,,blank,,blank,,blank,,blank,,blank,,blank,,blank,,blank,,blank,,blank,,blank,,blank,,blank,,blank,,blank,,blank,,blank,,blank,,blank,,blank,,blank,,blank,,blank,,blank,,blank,,blank,,blank,,blank,,blank,,blank,,blank,,blank,,blank,,blank,,blank,,blank,,blank,,blank,,blank,,blank,,blank,,blank,,blank,,blank,,blank,,blank,,blank,,blank,,blank,,blank,,blank,,blank,,blank,,blank,,blank,,blank,,blank,,blank,,blank,,blank,,blank,,blank,,blank,,blank,,blank,,blank,,blank,,blank,,blank,,blank,,blank,,blank,,blank,,blank,,blank,,blank,,blank,,blank,,blank,,blank,,blank,,blank,,blank,,blank,,blank,,blank,,blank,,blank,,blank,,blank,,blank,,blank,,blank,,blank,,blank,,blank,,blank,,blank,,blank,,blank,,blank,,blank,,blank,,blank,,blank,,blank,,blank,,blank,,blank,,blank,,blank,,blank,,blank,,blank,,blank,,blank,,blank,,blank,,blank,,blank,,blank,,blank,,blank,,blank,,blank,,blank,,blank,,blank,,blank,,blank,,blank,,blank,,blank,,blank,,blank,,blank,,blank,,blank,,blank,,blank
VA-Ki,72,,"            Manufacture of motor vehicles, and other transport equipment",,34; 35,,blank,,blank,,blank,,blank,,blank,,blank,,blank,,blank,,blank,,blank,,blank,,blank,,blank,,blank,,blank,,blank,,blank,,blank,,blank,,blank,,blank,,blank,,blank,,blank,,blank,,blank,,blank,,blank,,blank,,blank,,blank,,blank,,blank,,blank,,blank,,blank,,blank,,blank,,blank,,blank,,blank,,blank,,blank,,blank,,blank,,blank,,blank,,blank,,blank,,blank,,blank,,blank,,blank,,blank,,blank,,blank,,blank,,blank,,blank,,blank,,blank,,blank,,blank,,blank,,blank,,blank,,blank,,blank,,blank,,blank,,blank,,blank,,blank,,blank,,blank,,blank,,blank,,blank,,blank,,blank,,blank,,blank,,blank,,blank,,blank,,blank,,blank,,blank,,blank,,blank,,blank,,blank,,blank,,blank,,blank,,blank,,blank,,blank,,blank,,blank,,blank,,blank,,blank,,blank,,blank,,blank,,blank,,blank,,blank,,blank,,blank,,blank,,blank,,blank,,blank,,blank,,blank,,blank,,blank,,blank,,blank,,blank,,blank,,blank,,blank,,blank,,blank,,blank,,blank,,blank,,blank,,blank,,blank,,blank,,blank,,blank,,blank,,blank,,blank,,blank,,blank,,blank,,blank,,blank,,blank,,blank,,blank,,blank,,blank,,blank,,blank,,blank,,blank,,blank,,blank,,blank,,blank
VA-Ki,73,,      Other industry,,MISCi,,blank,,blank,,blank,,blank,,blank,,blank,,blank,,blank,,blank,,blank,,blank,,blank,,blank,,blank,,blank,,blank,,blank,,blank,,blank,,blank,,blank,,blank,,blank,,blank,,blank,,blank,,blank,,blank,,blank,,blank,,blank,,blank,,blank,,blank,,blank,,blank,,blank,,blank,,blank,,blank,,blank,,blank,,blank,,blank,,blank,,blank,,blank,,blank,,blank,,blank,,blank,,blank,,blank,,blank,,blank,,blank,,blank,,blank,,blank,,blank,,blank,,blank,,blank,,blank,,blank,,blank,,blank,,blank,,blank,,blank,,blank,,blank,,blank,,blank,,blank,,blank,,blank,,blank,,blank,,blank,,blank,,blank,,blank,,blank,,blank,,blank,,blank,,blank,,blank,,blank,,blank,,blank,,blank,,blank,,blank,,blank,,blank,,blank,,blank,,blank,,blank,,blank,,blank,,blank,,blank,,blank,,blank,,blank,,blank,,blank,,blank,,blank,,blank,,blank,,blank,,blank,,blank,,blank,,blank,,blank,,blank,,blank,,blank,,blank,,blank,,blank,,blank,,blank,,blank,,blank,,blank,,blank,,blank,,blank,,blank,,blank,,blank,,blank,,blank,,blank,,blank,,blank,,blank,,blank,,blank,,blank,,blank,,blank,,blank,,blank,,blank,,blank,,blank,,blank,,blank,,blank,,blank
VA-Ki,74,,"   ELECTRICITY, GAS AND WATER SUPPLY",,E,,blank,,blank,,blank,,blank,,blank,,blank,,blank,,blank,,blank,,blank,,blank,,blank,,blank,,blank,,blank,,blank,,blank,,blank,,blank,,blank,,blank,,blank,,blank,,blank,,blank,,blank,,blank,,blank,,blank,,blank,,blank,,blank,,blank,,blank,,blank,,blank,,blank,,blank,,blank,,blank,,blank,,blank,,blank,,blank,,blank,,blank,,blank,,blank,,blank,,blank,,blank,,blank,,blank,,blank,,blank,,blank,,blank,,blank,,blank,,blank,,blank,,blank,,blank,,blank,,blank,,blank,,blank,,blank,,blank,,blank,,blank,,blank,,blank,,blank,,blank,,blank,,blank,,blank,,blank,,blank,,blank,,blank,,blank,,blank,,blank,,blank,,blank,,blank,,blank,,blank,,blank,,blank,,blank,,blank,,blank,,blank,,blank,,blank,,blank,,blank,,blank,,blank,,blank,,blank,,blank,,blank,,blank,,blank,,blank,,blank,,blank,,blank,,blank,,blank,,blank,,blank,,blank,,blank,,blank,,blank,,blank,,blank,,blank,,blank,,blank,,blank,,blank,,blank,,blank,,blank,,blank,,blank,,blank,,blank,,blank,,blank,,blank,,blank,,blank,,blank,,blank,,blank,,blank,,blank,,blank,,blank,,blank,,blank,,blank,,blank,,blank,,blank,,blank,,blank,,blank,,blank,,blank
VA-Ki,75,,"      Electricity, gas, steam and hot water supply",40,,,blank,,blank,,blank,,blank,,blank,,blank,,blank,,blank,,blank,,blank,,blank,,blank,,blank,,blank,,blank,,blank,,blank,,blank,,blank,,blank,,blank,,blank,,blank,,blank,,blank,,blank,,blank,,blank,,blank,,blank,,blank,,blank,,blank,,blank,,blank,,blank,,blank,,blank,,blank,,blank,,blank,,blank,,blank,,blank,,blank,,blank,,blank,,blank,,blank,,blank,,blank,,blank,,blank,,blank,,blank,,blank,,blank,,blank,,blank,,blank,,blank,,blank,,blank,,blank,,blank,,blank,,blank,,blank,,blank,,blank,,blank,,blank,,blank,,blank,,blank,,blank,,blank,,blank,,blank,,blank,,blank,,blank,,blank,,blank,,blank,,blank,,blank,,blank,,blank,,blank,,blank,,blank,,blank,,blank,,blank,,blank,,blank,,blank,,blank,,blank,,blank,,blank,,blank,,blank,,blank,,blank,,blank,,blank,,blank,,blank,,blank,,blank,,blank,,blank,,blank,,blank,,blank,,blank,,blank,,blank,,blank,,blank,,blank,,blank,,blank,,blank,,blank,,blank,,blank,,blank,,blank,,blank,,blank,,blank,,blank,,blank,,blank,,blank,,blank,,blank,,blank,,blank,,blank,,blank,,blank,,blank,,blank,,blank,,blank,,blank,,blank,,blank,,blank,,blank,,blank,,blank,,blank
VA-Ki,76,,"      Collection, purification and distribution of water",41,,,blank,,blank,,blank,,blank,,blank,,blank,,blank,,blank,,blank,,blank,,blank,,blank,,blank,,blank,,blank,,blank,,blank,,blank,,blank,,blank,,blank,,blank,,blank,,blank,,blank,,blank,,blank,,blank,,blank,,blank,,blank,,blank,,blank,,blank,,blank,,blank,,blank,,blank,,blank,,blank,,blank,,blank,,blank,,blank,,blank,,blank,,blank,,blank,,blank,,blank,,blank,,blank,,blank,,blank,,blank,,blank,,blank,,blank,,blank,,blank,,blank,,blank,,blank,,blank,,blank,,blank,,blank,,blank,,blank,,blank,,blank,,blank,,blank,,blank,,blank,,blank,,blank,,blank,,blank,,blank,,blank,,blank,,blank,,blank,,blank,,blank,,blank,,blank,,blank,,blank,,blank,,blank,,blank,,blank,,blank,,blank,,blank,,blank,,blank,,blank,,blank,,blank,,blank,,blank,,blank,,blank,,blank,,blank,,blank,,blank,,blank,,blank,,blank,,blank,,blank,,blank,,blank,,blank,,blank,,blank,,blank,,blank,,blank,,blank,,blank,,blank,,blank,,blank,,blank,,blank,,blank,,blank,,blank,,blank,,blank,,blank,,blank,,blank,,blank,,blank,,blank,,blank,,blank,,blank,,blank,,blank,,blank,,blank,,blank,,blank,,blank,,blank,,blank,,blank,,blank,,blank,,blank
VA-Ki,77,,   CONSTRUCTION,,F,,blank,,blank,,blank,,blank,,blank,,blank,,blank,,blank,,blank,,blank,,blank,,blank,,blank,,blank,,blank,,blank,,blank,,blank,,blank,,blank,,blank,,blank,,blank,,blank,,blank,,blank,,blank,,blank,,blank,,blank,,blank,,blank,,blank,,blank,,blank,,blank,,blank,,blank,,blank,,blank,,blank,,blank,,blank,,blank,,blank,,blank,,blank,,blank,,blank,,blank,,blank,,blank,,blank,,blank,,blank,,blank,,blank,,blank,,blank,,blank,,blank,,blank,,blank,,blank,,blank,,blank,,blank,,blank,,blank,,blank,,blank,,blank,,blank,,blank,,blank,,blank,,blank,,blank,,blank,,blank,,blank,,blank,,blank,,blank,,blank,,blank,,blank,,blank,,blank,,blank,,blank,,blank,,blank,,blank,,blank,,blank,,blank,,blank,,blank,,blank,,blank,,blank,,blank,,blank,,blank,,blank,,blank,,blank,,blank,,blank,,blank,,blank,,blank,,blank,,blank,,blank,,blank,,blank,,blank,,blank,,blank,,blank,,blank,,blank,,blank,,blank,,blank,,blank,,blank,,blank,,blank,,blank,,blank,,blank,,blank,,blank,,blank,,blank,,blank,,blank,,blank,,blank,,blank,,blank,,blank,,blank,,blank,,blank,,blank,,blank,,blank,,blank,,blank,,blank,,blank,,blank,,blank
VA-Ki,78,,"TRADE, HOTELS AND RESTAURANTS",,G; H,,blank,15.382630120151862,,15.726468509770724,,16.04248075494496,,16.474063517351446,,15.858532292510786,,16.238256582269926,,16.561378345589368,,16.59850774990821,,16.10561679310552,,17.013719275910212,,17.737856312287352,,16.85472071164058,,17.315763902021715,,17.066322910688452,,18.247866369505754,,18.676116534712424,,19.303069604308938,,19.85911717464217,,20.034247742410493,,20.381986830600603,,20.759899687341672,,22.658701671126835,,24.363742140142193,,25.664453436448543,,26.16474778304258,,27.00139656278344,,26.72934249516055,,28.274162549401538,,30.07168890179233,,32.1443666044142,,33.260842194808035,,34.56542493615248,,33.84984801616223,,36.108089193147904,,40.34471521882937,,41.717510307682964,,42.42459770413247,,46.00047970312093,,45.15324157936726,,47.25729828555994,,49.44333577043115,,48.14833804081679,,47.42134377211579,,48.76864341287435,,48.724964213730416,,51.67152699645209,,51.32873222385882,,52.97856160469701,,54.129434042891425,,52.598362321029626,,53.000429800062754,,52.746758162526284,,56.27855834525634,,56.52895746727591,,59.627907971640134,,59.62176870277587,,60.927394781435176,,59.98263052374043,,62.43568849829,,64.07396303862694,,66.39544110748511,,70.29183830111286,,72.62626552937289,,72.8604433688176,,74.96290668869653,,74.70773872471166,,75.53716323720117,,79.13819246723703,,82.24375691293166,,85.38142970122377,,90.62629190356007,,92.64122797357498,,94.05086830500122,,91.8489649613092,,94.75309442338786,,100,,103.63649181746854,,107.62266554303967,,109.40816788583749,,,blank,,blank,,blank,,blank,,blank,,blank,74.28736168469995,,77.83361535961141,,97.4370305277143,,102.87256654238546,,113.20390734319406,,113.63934814876102,,121.1581069067243,,124.76850061055104,,131.24444711713485,,135.4247247136918,,131.49941664111554,,122.55646239316964,,107.41893571113926,,104.32704619892922,,103.05869218128987,,111.19686602506145,,120.81080359270145,,131.44612045130617,,118.83261798353291,,107.33400419846595,,,blank,,blank,,blank,,blank,,blank,,blank,110.62131648411109,,137.84262239164627,,137.78039902762146,,139.96417078957927,,152.67680056349616,,166.24715937970672,,168.44265980875528,,178.71993721225277,,,blank,,blank,,blank,,blank,,blank,,blank,,blank,,blank,,blank,,blank,,blank,,blank,,blank,,blank,,blank,,blank,,blank,,blank,,blank,,blank,,blank,,blank,,blank,,blank,,blank,,blank,,blank,,blank,,blank,,blank,,blank,,blank,,blank,,blank,,blank,,blank,,blank
VA-Ki,79,,   TRADE,,G,,blank,11.186269783894366,,11.680059859712262,,12.065298731988191,,12.024786338045459,,11.865428450903478,,12.498109936631103,,12.924194800839214,,13.199294808790714,,13.015875428105602,,13.033564099030714,,14.282153800531214,,13.995512544602812,,15.41828317718056,,14.262251119499913,,15.345125305196625,,15.463113885948987,,16.233077456588894,,17.347711488188338,,17.809096511063924,,19.0718904721715,,19.349349701021627,,21.541782953358663,,22.50199508905311,,22.27102433676543,,22.413496909333233,,24.342260197262828,,24.868937120203004,,26.239422920304357,,27.88051761782538,,30.04493888718856,,30.753264907621098,,32.22214781629551,,32.10301503639289,,34.982608629493534,,39.196729646157976,,40.47082789879436,,43.109486794360926,,45.72691931654077,,42.940584540770594,,46.00193591784799,,46.79829839800438,,45.20764147461428,,45.6487793317434,,47.560507191692764,,47.511704145737966,,50.30807292456858,,50.202420191586285,,52.64245116775152,,53.98367692839562,,51.07502960494198,,51.0888227917807,,51.004692853282776,,54.542861484422524,,55.05955568171118,,58.700398382899685,,58.17786001729374,,59.226191940103924,,57.87205779885286,,60.595922740842845,,62.056501797649844,,63.874572256923734,,67.81589530538126,,68.52980993681358,,69.68121508155235,,71.21434859615265,,69.51645859371969,,69.6452742909787,,75.46450907324495,,80.33398881491318,,83.67873320975706,,87.31962638635974,,89.68341210878845,,92.65456125248005,,89.6773934008772,,93.83296204780345,,100,,103.65621385691,,108.71316403974313,,109.49173461124802,,,blank,,blank,,blank,,blank,,blank,,blank,80.62130265777667,,80.98731425894023,,100.06757641597864,,106.66422379275626,,120.32610130017352,,119.94932842284669,,128.89748739814598,,134.65316156265777,,140.2105569681438,,144.20057134634447,,134.14369501133837,,118.2587085257435,,101.03092215330574,,98.29417016985312,,95.41287248524775,,106.92722580002909,,120.46154025031615,,135.74517689929192,,118.08118322743874,,105.83017918008713,,,blank,,blank,,blank,,blank,,blank,,blank,96.52273930398735,,123.1615120510123,,123.85905758852111,,125.73151254978244,,140.50635922006995,,156.53193632466676,,151.95281161639178,,160.13361633913325,,,blank,,blank,,blank,,blank,,blank,,blank,,blank,,blank,,blank,,blank,,blank,,blank,,blank,,blank,,blank,,blank,,blank,,blank,,blank,,blank,,blank,,blank,,blank,,blank,,blank,,blank,,blank,,blank,,blank,,blank,,blank,,blank,,blank,,blank,,blank,,blank,,blank
VA-Ki,80,,   HOTELS AND RESTAURANTS,,H,,blank,25.800948343622075,,25.77250116675387,,25.916644226993863,,27.52029925595685,,25.77222491842297,,25.523931508713822,,25.59142642772606,,25.037745396855392,,23.77652829483246,,26.89526420741737,,26.31734081032966,,23.95328665078748,,22.026645816401494,,24.02800158009282,,25.454511582266015,,26.653049249104594,,26.92494965644648,,26.094192700363934,,25.55863834900702,,23.634567560523507,,24.261876984338983,,25.431679608916845,,28.985907939934265,,34.08933152039613,,35.47799121466589,,33.60324355295473,,31.348177311011515,,33.325817616932284,,35.511717376291,,37.356623010578126,,39.48641294051738,,40.38308709197661,,38.186716256300166,,38.90232365513392,,43.19482294401814,,44.812653007222316,,40.72422120687804,,46.67964901470329,,50.646612810699665,,50.37399074869015,,56.010179142011104,,55.4492155085243,,51.822095597893636,,51.768087359767634,,51.737129152704064,,55.05657910487927,,54.12503097583967,,53.813024141212885,,54.4913057318004,,56.380345688687314,,57.746383086872264,,57.071789690670386,,60.58777890465479,,60.17704632844403,,61.93063921407581,,63.20656575678708,,65.15097692011,,65.22255667871545,,67.00328126484027,,69.08272099261188,,72.65401086324752,,76.43887048274605,,82.79654990243971,,80.75352435988597,,84.26946474326932,,87.59614774062743,,90.16497616563923,,88.25885885048231,,86.98514473091221,,89.6087201302214,,98.83576174320038,,99.98460758269061,,97.51748462132426,,97.24033313485262,,97.03751023337658,,100,,103.587527842392,,104.915281178854,,109.20069648956637,,,blank,,blank,,blank,,blank,,blank,,blank,58.56206467051602,,70.00391626767924,,90.9061652136501,,93.4590060606082,,95.52161193782278,,97.97353844427941,,101.94352037194186,,100.22781890589039,,108.9842553868624,,113.63690012928399,,124.93445764691495,,133.22651068481085,,123.27847891726584,,119.30488824233083,,122.0409950079543,,121.79711648014691,,121.6779208927396,,120.77283823843463,,120.69820763405052,,111.06755573800304,,,blank,,blank,,blank,,blank,,blank,,blank,145.62390248502672,,174.29146547146001,,172.34296124540288,,175.29964029798236,,182.8923970985102,,190.36717703521379,,209.3820625669974,,224.86425989746363,,,blank,,blank,,blank,,blank,,blank,,blank,,blank,,blank,,blank,,blank,,blank,,blank,,blank,,blank,,blank,,blank,,blank,,blank,,blank,,blank,,blank,,blank,,blank,,blank,,blank,,blank,,blank,,blank,,blank,,blank,,blank,,blank,,blank,,blank,,blank,,blank,,blank
VA-Ki,81,,TRANSPORT AND COMMUNICATIONS,,I,,blank,2.994728448322638,,3.4062933502107007,,3.8316465573980616,,4.00972344954138,,4.231724772159772,,4.074077125092143,,4.48497447772993,,4.81842790656887,,5.0333972553822655,,5.059536555329641,,5.778599028790172,,5.9756453107370096,,6.418948291007317,,5.513625850868219,,6.036888155887046,,6.407849901760845,,6.6951421284231065,,7.044649109979457,,7.595512038948331,,8.303438755538812,,8.377708795114952,,9.23912329602955,,9.571982771694387,,10.258922090024864,,11.248617111185446,,12.181797157281107,,13.488124612115582,,14.817388073322135,,16.088615331681808,,16.610448894235702,,18.839634194095062,,19.230066218578425,,19.81691713791504,,21.565900820111516,,23.840950564522085,,24.819309742896618,,24.371174957612343,,26.512216998370253,,22.516412109529114,,25.63260280394242,,28.28153595761246,,31.17498655018258,,33.05378816845551,,34.06830947761693,,35.30131863025964,,36.33533705523049,,37.01124561611071,,37.98762099492625,,39.147339474013215,,39.59220449516115,,40.373132799985726,,42.33032479142777,,45.08175857504134,,47.378939666465186,,47.99837821639701,,48.64630493540851,,50.89389384751524,,51.25795577012574,,54.40148322568129,,55.03480245686044,,56.22501538815581,,59.71210014106274,,57.31585156372494,,62.66870715191772,,65.55704433098747,,64.80849086769554,,66.70943206836245,,72.38581832195636,,77.55732791327173,,82.00780699955804,,83.83177132250688,,86.82636808683478,,86.18279351764338,,89.93086281201359,,93.73706483677311,,100,,110.01969720488962,,114.5979586214732,,119.16606174739997,,,blank,,blank,,blank,,blank,,blank,,blank,101.13622887246476,,111.690841636982,,134.05678183143138,,141.11054492427306,,154.01360113715123,,163.68396343452451,,173.22776896315716,,184.99635166263118,,201.03839025763594,,212.0702910366826,,197.98042297960706,,183.75973039090704,,163.7362770139869,,168.965147667481,,170.12264308170157,,163.806112898376,,173.72603030832389,,192.53946180666074,,173.9107440009484,,172.94121117177775,,,blank,,blank,,blank,,blank,,blank,,blank,145.68121784980514,,177.48943900354362,,208.19781239281033,,220.3336591235446,,217.69244410931577,,249.81927361421046,,232.81568929410295,,245.53911701112784,,,blank,,blank,,blank,,blank,,blank,,blank,,blank,,blank,,blank,,blank,,blank,,blank,,blank,,blank,,blank,,blank,,blank,,blank,,blank,,blank,,blank,,blank,,blank,,blank,,blank,,blank,,blank,,blank,,blank,,blank,,blank,,blank,,blank,,blank,,blank,,blank,,blank
VA-Ki,82,,   Transport,,60; 61; 62; 63,,blank,,blank,,blank,,blank,,blank,,blank,,blank,,blank,,blank,,blank,,blank,,blank,,blank,,blank,,blank,,blank,,blank,,blank,,blank,,blank,,blank,,blank,,blank,,blank,,blank,,blank,,blank,,blank,,blank,,blank,,blank,,blank,,blank,,blank,,blank,,blank,,blank,,blank,,blank,,blank,,blank,,blank,,blank,,blank,,blank,,blank,,blank,,blank,,blank,,blank,,blank,,blank,,blank,,blank,,blank,,blank,,blank,,blank,,blank,,blank,,blank,,blank,,blank,,blank,,blank,,blank,,blank,,blank,,blank,,blank,,blank,,blank,,blank,,blank,,blank,,blank,,blank,,blank,,blank,,blank,,blank,,blank,,blank,,blank,,blank,,blank,,blank,,blank,,blank,,blank,,blank,,blank,,blank,,blank,,blank,,blank,,blank,,blank,,blank,,blank,,blank,,blank,,blank,,blank,,blank,,blank,,blank,,blank,,blank,,blank,,blank,,blank,,blank,,blank,,blank,,blank,,blank,,blank,,blank,,blank,,blank,,blank,,blank,,blank,,blank,,blank,,blank,,blank,,blank,,blank,,blank,,blank,,blank,,blank,,blank,,blank,,blank,,blank,,blank,,blank,,blank,,blank,,blank,,blank,,blank,,blank,,blank,,blank,,blank,,blank,,blank,,blank,,blank,,blank,,blank,,blank,,blank
VA-Ki,83,,      Land Transport,60,,,blank,,blank,,blank,,blank,,blank,,blank,,blank,,blank,,blank,,blank,,blank,,blank,,blank,,blank,,blank,,blank,,blank,,blank,,blank,,blank,,blank,,blank,,blank,,blank,,blank,,blank,,blank,,blank,,blank,,blank,,blank,,blank,,blank,,blank,,blank,,blank,,blank,,blank,,blank,,blank,,blank,,blank,,blank,,blank,,blank,,blank,,blank,,blank,,blank,,blank,,blank,,blank,,blank,,blank,,blank,,blank,,blank,,blank,,blank,,blank,,blank,,blank,,blank,,blank,,blank,,blank,,blank,,blank,,blank,,blank,,blank,,blank,,blank,,blank,,blank,,blank,,blank,,blank,,blank,,blank,,blank,,blank,,blank,,blank,,blank,,blank,,blank,,blank,,blank,,blank,,blank,,blank,,blank,,blank,,blank,,blank,,blank,,blank,,blank,,blank,,blank,,blank,,blank,,blank,,blank,,blank,,blank,,blank,,blank,,blank,,blank,,blank,,blank,,blank,,blank,,blank,,blank,,blank,,blank,,blank,,blank,,blank,,blank,,blank,,blank,,blank,,blank,,blank,,blank,,blank,,blank,,blank,,blank,,blank,,blank,,blank,,blank,,blank,,blank,,blank,,blank,,blank,,blank,,blank,,blank,,blank,,blank,,blank,,blank,,blank,,blank,,blank,,blank,,blank,,blank,,blank,,blank
VA-Ki,84,,      Water Transport,61,,,blank,,blank,,blank,,blank,,blank,,blank,,blank,,blank,,blank,,blank,,blank,,blank,,blank,,blank,,blank,,blank,,blank,,blank,,blank,,blank,,blank,,blank,,blank,,blank,,blank,,blank,,blank,,blank,,blank,,blank,,blank,,blank,,blank,,blank,,blank,,blank,,blank,,blank,,blank,,blank,,blank,,blank,,blank,,blank,,blank,,blank,,blank,,blank,,blank,,blank,,blank,,blank,,blank,,blank,,blank,,blank,,blank,,blank,,blank,,blank,,blank,,blank,,blank,,blank,,blank,,blank,,blank,,blank,,blank,,blank,,blank,,blank,,blank,,blank,,blank,,blank,,blank,,blank,,blank,,blank,,blank,,blank,,blank,,blank,,blank,,blank,,blank,,blank,,blank,,blank,,blank,,blank,,blank,,blank,,blank,,blank,,blank,,blank,,blank,,blank,,blank,,blank,,blank,,blank,,blank,,blank,,blank,,blank,,blank,,blank,,blank,,blank,,blank,,blank,,blank,,blank,,blank,,blank,,blank,,blank,,blank,,blank,,blank,,blank,,blank,,blank,,blank,,blank,,blank,,blank,,blank,,blank,,blank,,blank,,blank,,blank,,blank,,blank,,blank,,blank,,blank,,blank,,blank,,blank,,blank,,blank,,blank,,blank,,blank,,blank,,blank,,blank,,blank,,blank,,blank,,blank,,blank
VA-Ki,85,,      Air Transport,62,,,blank,,blank,,blank,,blank,,blank,,blank,,blank,,blank,,blank,,blank,,blank,,blank,,blank,,blank,,blank,,blank,,blank,,blank,,blank,,blank,,blank,,blank,,blank,,blank,,blank,,blank,,blank,,blank,,blank,,blank,,blank,,blank,,blank,,blank,,blank,,blank,,blank,,blank,,blank,,blank,,blank,,blank,,blank,,blank,,blank,,blank,,blank,,blank,,blank,,blank,,blank,,blank,,blank,,blank,,blank,,blank,,blank,,blank,,blank,,blank,,blank,,blank,,blank,,blank,,blank,,blank,,blank,,blank,,blank,,blank,,blank,,blank,,blank,,blank,,blank,,blank,,blank,,blank,,blank,,blank,,blank,,blank,,blank,,blank,,blank,,blank,,blank,,blank,,blank,,blank,,blank,,blank,,blank,,blank,,blank,,blank,,blank,,blank,,blank,,blank,,blank,,blank,,blank,,blank,,blank,,blank,,blank,,blank,,blank,,blank,,blank,,blank,,blank,,blank,,blank,,blank,,blank,,blank,,blank,,blank,,blank,,blank,,blank,,blank,,blank,,blank,,blank,,blank,,blank,,blank,,blank,,blank,,blank,,blank,,blank,,blank,,blank,,blank,,blank,,blank,,blank,,blank,,blank,,blank,,blank,,blank,,blank,,blank,,blank,,blank,,blank,,blank,,blank,,blank,,blank,,blank,,blank
VA-Ki,86,,      Supporting and auxiliary transport activities; activities of travel agencies,63,,,blank,,blank,,blank,,blank,,blank,,blank,,blank,,blank,,blank,,blank,,blank,,blank,,blank,,blank,,blank,,blank,,blank,,blank,,blank,,blank,,blank,,blank,,blank,,blank,,blank,,blank,,blank,,blank,,blank,,blank,,blank,,blank,,blank,,blank,,blank,,blank,,blank,,blank,,blank,,blank,,blank,,blank,,blank,,blank,,blank,,blank,,blank,,blank,,blank,,blank,,blank,,blank,,blank,,blank,,blank,,blank,,blank,,blank,,blank,,blank,,blank,,blank,,blank,,blank,,blank,,blank,,blank,,blank,,blank,,blank,,blank,,blank,,blank,,blank,,blank,,blank,,blank,,blank,,blank,,blank,,blank,,blank,,blank,,blank,,blank,,blank,,blank,,blank,,blank,,blank,,blank,,blank,,blank,,blank,,blank,,blank,,blank,,blank,,blank,,blank,,blank,,blank,,blank,,blank,,blank,,blank,,blank,,blank,,blank,,blank,,blank,,blank,,blank,,blank,,blank,,blank,,blank,,blank,,blank,,blank,,blank,,blank,,blank,,blank,,blank,,blank,,blank,,blank,,blank,,blank,,blank,,blank,,blank,,blank,,blank,,blank,,blank,,blank,,blank,,blank,,blank,,blank,,blank,,blank,,blank,,blank,,blank,,blank,,blank,,blank,,blank,,blank,,blank,,blank,,blank,,blank,,blank
VA-Ki,87,,   Communications,64,,,blank,,blank,,blank,,blank,,blank,,blank,,blank,,blank,,blank,,blank,,blank,,blank,,blank,,blank,,blank,,blank,,blank,,blank,,blank,,blank,,blank,,blank,,blank,,blank,,blank,,blank,,blank,,blank,,blank,,blank,,blank,,blank,,blank,,blank,,blank,,blank,,blank,,blank,,blank,,blank,,blank,,blank,,blank,,blank,,blank,,blank,,blank,,blank,,blank,,blank,,blank,,blank,,blank,,blank,,blank,,blank,,blank,,blank,,blank,,blank,,blank,,blank,,blank,,blank,,blank,,blank,,blank,,blank,,blank,,blank,,blank,,blank,,blank,,blank,,blank,,blank,,blank,,blank,,blank,,blank,,blank,,blank,,blank,,blank,,blank,,blank,,blank,,blank,,blank,,blank,,blank,,blank,,blank,,blank,,blank,,blank,,blank,,blank,,blank,,blank,,blank,,blank,,blank,,blank,,blank,,blank,,blank,,blank,,blank,,blank,,blank,,blank,,blank,,blank,,blank,,blank,,blank,,blank,,blank,,blank,,blank,,blank,,blank,,blank,,blank,,blank,,blank,,blank,,blank,,blank,,blank,,blank,,blank,,blank,,blank,,blank,,blank,,blank,,blank,,blank,,blank,,blank,,blank,,blank,,blank,,blank,,blank,,blank,,blank,,blank,,blank,,blank,,blank,,blank,,blank,,blank,,blank
VA-Ki,88,,"FINANCIAL INTERMEDIATION; REAL ESTATE, RENTING AND BUSINESS ACTIVITIES",,J; K,,blank,35.56733757837577,,35.66916869925372,,35.048000358918024,,35.479403671594795,,35.788135420780584,,35.65047074200135,,37.58152478147834,,37.75260322744589,,38.85008830915693,,39.90107331231291,,39.58393640384594,,40.03153658108498,,39.57446583376185,,40.194383193888896,,39.991421608868286,,39.88862286256344,,40.640674894047066,,40.674853066851284,,40.2097519888129,,39.775536164840595,,39.07973763150077,,39.67237432437697,,40.589503953424796,,41.49415081587417,,42.28630246349225,,43.682983052482236,,45.14177805850081,,47.27651112651325,,49.052573347075764,,49.9072768116697,,51.09572723734874,,51.265219216556964,,52.61212895938152,,53.95403396583649,,54.9734006890516,,55.22827697219179,,57.45775822929645,,55.3168487110226,,53.33872991821125,,56.60674638997871,,60.10192422965323,,61.5311960831472,,61.83795943267219,,63.482450999442996,,64.82573162021362,,64.77637813963526,,65.43893504679394,,67.26697444285989,,68.41156668807238,,70.04539446316224,,71.15097867949773,,71.86497709261062,,72.13863535210436,,72.56411311605898,,73.56511420797919,,74.14808241684509,,74.92752503209879,,75.70125348997493,,76.49181416630594,,77.54246117105896,,78.18497946761063,,79.21751654275837,,81.00179388229755,,82.46522710857063,,82.71513264184831,,81.81422817191533,,83.21647755083774,,85.03803606325454,,86.87302213029572,,88.82853766603078,,92.00942035725755,,91.77727185822653,,94.31493476224155,,96.3586588111362,,98.32266706867203,,100,,102.25801736047563,,104.66513898400179,,106.51625204182069,,,blank,,blank,,blank,,blank,,blank,,blank,76.84219586345085,,86.60424114905348,,90.2849016549083,,97.92406783680399,,102.41550822728271,,109.05041860929747,,111.01574010183882,,114.17633551006243,,116.36035725700921,,117.55248990660255,,127.5514381796065,,134.36410503718926,,138.85499538570843,,141.59853063861726,,143.84388765786585,,145.0347450428025,,146.03837128460427,,146.8337767603556,,147.72124848276212,,149.0976778989152,,,blank,,blank,,blank,,blank,,blank,,blank,140.45325207018448,,141.71110561619824,,147.83935590796375,,148.75760293204536,,148.62804875207064,,152.60833721736068,,154.8196690128252,,158.85577257986972,,,blank,,blank,,blank,,blank,,blank,,blank,,blank,,blank,,blank,,blank,,blank,,blank,,blank,,blank,,blank,,blank,,blank,,blank,,blank,,blank,,blank,,blank,,blank,,blank,,blank,,blank,,blank,,blank,,blank,,blank,,blank,,blank,,blank,,blank,,blank,,blank,,blank
VA-Ki,89,,   FINANCIAL INTERMEDIATION,,J,,blank,32.68037547116006,,33.07795176403777,,39.43053156360895,,35.242653131596185,,35.67443249285545,,38.50680552975124,,37.01589016612655,,42.14185898062743,,26.662439005479495,,35.80967668881054,,36.26738467992015,,33.67068406132562,,35.976145787715666,,32.16624948645567,,37.05435050825874,,38.98076283821857,,39.393286987558575,,35.434110287774025,,36.13518623146743,,35.28164432773263,,35.49030721546073,,37.78310166934923,,43.96832789357014,,43.57755470056801,,43.18592670309888,,41.93334932218517,,42.07482648457581,,40.303783980845154,,47.24292472752793,,43.9092667805066,,51.86033807927164,,49.41576128506543,,43.08301895071728,,34.86291634354829,,48.3209569521349,,47.144143010324974,,43.11961274654011,,46.397310599329735,,45.10879999489384,,56.80021847846012,,66.03762779323873,,61.29757424245976,,53.15245545136429,,55.129386373809055,,54.68255849742329,,52.16597106298681,,45.595810606591066,,53.784452437187525,,57.06696554698249,,49.738594572144386,,64.12085444481,,61.4613110886178,,45.553882051413744,,44.69361396170761,,43.208250089292264,,47.19905008367653,,47.052931571876385,,48.34480726253399,,54.105126983952076,,47.1718879679526,,45.351972922707496,,47.09677457718913,,50.0766529943703,,57.09420777442057,,58.14706854263157,,56.824589567368214,,65.9678599458292,,64.21764586703192,,67.94629084064185,,64.60385462422244,,71.40277142483762,,72.86321258516017,,74.09084042831556,,82.22130230256391,,90.18946010097406,,100,,103.4548540910515,,112.82385822866206,,124.75156333175639,,,blank,,blank,,blank,,blank,,blank,,blank,62.01498357623433,,71.0154313060592,,81.82838478729731,,88.77511730646262,,93.17349961656987,,95.58462282416342,,111.5252802499314,,121.76638237363946,,142.9151071516045,,168.4060089586749,,165.5924618360397,,130.09417249361098,,122.04506328140252,,116.66910981748487,,111.33537911107057,,111.0334824380777,,108.16950725573054,,120.08409690565574,,112.46038502560498,,114.57214254020447,,,blank,,blank,,blank,,blank,,blank,,blank,65.63944459233745,,87.68881185072956,,95.51288081450582,,99.59659290857621,,113.75488221670251,,122.28451329878243,,138.96039586674436,,142.0316976943863,,,blank,,blank,,blank,,blank,,blank,,blank,,blank,,blank,,blank,,blank,,blank,,blank,,blank,,blank,,blank,,blank,,blank,,blank,,blank,,blank,,blank,,blank,,blank,,blank,,blank,,blank,,blank,,blank,,blank,,blank,,blank,,blank,,blank,,blank,,blank,,blank,,blank
VA-Ki,90,,"      Financial intermediation, except insurance and pension funding",65,,,blank,34.361307098413576,,34.77933292882901,,41.45866088064141,,37.05537680515079,,37.50936495605436,,40.48742253143104,,38.91982118265033,,44.309446793512485,,28.03383502948109,,37.651565505573515,,38.13281593850671,,35.40255271136271,,37.8265970267053,,33.82073678387444,,38.96025975191586,,40.98575807357178,,41.41950061100049,,37.25668165690873,,37.99381779605188,,37.09637353316456,,37.315769101969885,,39.72649459724846,,46.22986105799101,,45.81898824833118,,45.407216666904624,,44.09021233541874,,44.23896644715184,,42.376829477252706,,49.67288843490758,,46.16776210673075,,54.527800775789224,,51.957485938816106,,45.29901580227525,,36.65610806351122,,50.80636979176639,,49.56902583016134,,45.33749181847876,,48.78377971669786,,47.42899391817922,,59.72176641965835,,69.43430655062971,,64.4504459500997,,55.88637885788169,,57.96499422135637,,57.49518352734606,,54.849154146472166,,47.94105416679791,,56.55088292804784,,60.002233758449705,,52.29692431915844,,67.41894299639097,,64.62260468368363,,47.89696899519662,,46.9924525815635,,45.43068826774789,,49.6267570765778,,49.47312288528282,,50.8314468549335,,56.888051532176796,,49.598197863705344,,47.68467456842142,,49.51922097772972,,52.38797305363757,,58.282154887686545,,61.95837882256786,,60.280724071840986,,69.90511358861428,,66.32214257569862,,70.36643496732417,,67.85499894950077,,70.93093516088376,,73.65889627378124,,74.82063623860033,,85.38991747058662,,92.193937929011,,100,,107.21728693222856,,115.0503157969542,,128.65915383880818,,,blank,,blank,,blank,,blank,,blank,,blank,65.46607314259028,,75.30549864457379,,86.24573716351695,,92.26453293296206,,98.30217746916465,,99.48363519061657,,117.92637922887566,,124.7700472159907,,150.13494419683272,,181.25784365605654,,177.8719707125525,,127.99598017286624,,116.42033692502538,,107.46842828980144,,100.26870128517311,,93.8137750190483,,90.20927616044744,,102.89618860556462,,96.16990267290723,,96.80111821495986,,,blank,,blank,,blank,,blank,,blank,,blank,39.6003664500942,,63.06150389959906,,68.19249157595644,,70.50580547209975,,78.12245796676048,,85.98727179701268,,100.00058615420735,,103.45941161783927,,,blank,,blank,,blank,,blank,,blank,,blank,,blank,,blank,,blank,,blank,,blank,,blank,,blank,,blank,,blank,,blank,,blank,,blank,,blank,,blank,,blank,,blank,,blank,,blank,,blank,,blank,,blank,,blank,,blank,,blank,,blank,,blank,,blank,,blank,,blank,,blank,,blank
VA-Ki,91,,"      Insurance and pernsion funding, except compulsory social security",66,,,blank,24.307517362305806,,24.603232833827683,,29.328253325400034,,26.21332804593956,,26.5344836070119,,28.64119002571961,,27.532253834976732,,31.344926552494172,,19.831403088347283,,26.63507763611755,,26.975518796304986,,25.04410447008653,,26.758896608622763,,23.925112750380737,,27.560860465734798,,28.99371735560688,,29.3005509760254,,26.355733023876166,,26.87719018059278,,26.242329523535812,,26.397532047778398,,28.102902325585514,,32.70344597502181,,32.41279061881253,,32.12149946285729,,31.18983799951024,,31.295068081221363,,29.977774574394754,,35.13907647951904,,32.65951658282446,,38.57348791446419,,36.75522260961491,,32.04495713610405,,25.930881518459298,,35.94091203492397,,35.06560307930954,,32.072175438051076,,34.51011246650984,,33.551724031943635,,42.24774889953008,,49.11849270416777,,45.592862036750944,,39.53455904670978,,41.00499144011397,,40.67264286067998,,38.80081636314453,,33.91396035049218,,40.004635582990105,,42.44615417811,,36.995344567140386,,47.692805245721864,,45.71464877186198,,33.88277407835622,,33.242910514205214,,32.13810349783723,,35.1064427153163,,34.99776041863735,,35.95865178931063,,40.24315187910817,,35.08623965491576,,33.73259496991953,,35.0303706502363,,38.56377847489125,,51.17694590669625,,39.16261988015701,,39.609300532473064,,46.35607707785353,,53.734975396367126,,55.89135472834044,,48.40963846122515,,73.75302650044264,,68.89984696318099,,70.45566772475085,,66.43817063125039,,80.20499186658195,,100,,84.71386795425039,,101.73369072723084,,105.28753497237085,,,blank,,blank,,blank,,blank,,blank,,blank,44.824823791295145,,49.64625452312077,,59.82519080651129,,71.3940522769258,,67.62713517820058,,76.16332288567592,,79.64088196598564,,106.80488178443781,,106.9525075023158,,104.38996772596529,,104.42722239233441,,140.54544029168773,,150.06228594502005,,162.49845807117902,,166.45940775704267,,196.80625543961384,,197.630889339868,,205.698475891314,,193.60461186533337,,203.09107020616017,,,blank,,blank,,blank,,blank,,blank,,blank,195.34222549996917,,210.35944980807906,,231.59797723618416,,244.50018775522295,,291.24290581152957,,303.08404607555445,,333.0223989739281,,334.1634138313184,,,blank,,blank,,blank,,blank,,blank,,blank,,blank,,blank,,blank,,blank,,blank,,blank,,blank,,blank,,blank,,blank,,blank,,blank,,blank,,blank,,blank,,blank,,blank,,blank,,blank,,blank,,blank,,blank,,blank,,blank,,blank,,blank,,blank,,blank,,blank,,blank,,blank
VA-Ki,92,,      Activities auxiliary to financial intermediation,67,,,blank,,blank,,blank,,blank,,blank,,blank,,blank,,blank,,blank,,blank,,blank,,blank,,blank,,blank,,blank,,blank,,blank,,blank,,blank,,blank,,blank,,blank,,blank,,blank,,blank,,blank,,blank,,blank,,blank,,blank,,blank,,blank,,blank,,blank,,blank,,blank,,blank,,blank,,blank,,blank,,blank,,blank,,blank,,blank,,blank,,blank,,blank,,blank,,blank,,blank,,blank,,blank,,blank,,blank,,blank,,blank,,blank,,blank,,blank,,blank,,blank,,blank,,blank,,blank,,blank,,blank,,blank,,blank,,blank,,blank,,blank,,blank,,blank,,blank,,blank,,blank,,blank,,blank,,blank,,blank,,blank,,blank,,blank,,blank,,blank,,blank,,blank,,blank,,blank,,blank,,blank,,blank,,blank,,blank,,blank,,blank,,blank,,blank,,blank,,blank,,blank,,blank,,blank,,blank,,blank,,blank,,blank,,blank,,blank,,blank,,blank,,blank,,blank,,blank,,blank,,blank,,blank,,blank,,blank,,blank,,blank,,blank,,blank,,blank,,blank,,blank,,blank,,blank,,blank,,blank,,blank,,blank,,blank,,blank,,blank,,blank,,blank,,blank,,blank,,blank,,blank,,blank,,blank,,blank,,blank,,blank,,blank,,blank,,blank,,blank,,blank,,blank,,blank,,blank,,blank,,blank,,blank
VA-Ki,93,,"   REAL ESTATE, RENTING AND BUSINESS ACTIVITIES",,K,,blank,35.5971380560714,,35.69591636673762,,35.0027619669456,,35.48184751357285,,35.789309111823876,,35.62098641280949,,37.587363507832436,,37.7072954217611,,38.975894522660234,,39.94330648659597,,39.6181712922874,,40.09719606555361,,39.6116092572955,,40.27725307946442,,40.021739333373716,,39.897994188338245,,40.65355097419796,,40.728950291718235,,40.251811427579916,,39.821924069664,,39.11678929240961,,39.69187621789902,,40.55462626410076,,41.472645015419914,,42.277016151067215,,43.70104353232882,,45.17343646570466,,47.34848664682327,,49.07125332669481,,49.9691908782607,,51.087834591898485,,51.284310125197116,,52.710492574741274,,54.1511007799334,,55.042070104804544,,55.31172491673423,,57.60576279907848,,55.40892006030995,,53.423682832038345,,56.6047492869883,,60.04065331750223,,61.533607629331065,,61.92761497994223,,63.5686749631882,,64.93043386194137,,64.90654824262383,,65.64376440212693,,67.40614689521269,,68.52867059200857,,70.25501007803618,,71.22354667750838,,71.97236825508199,,72.41305473080031,,72.85180452230891,,73.87847095409545,,74.42626204204903,,75.21525870155352,,75.98363861847896,,76.72289928182902,,77.85595942830327,,78.5238960321115,,79.54908080268385,,81.32101662822873,,82.7271177977116,,82.9687348780479,,82.0721820833973,,83.39452527890928,,85.25295318049206,,87.06839207721629,,89.07859537370442,,92.22213114426695,,91.97251099908395,,94.52369665440703,,96.50459074985332,,98.40662156611035,,100,,102.24566309153471,,104.58092113775169,,106.32801923266457,,,blank,,blank,,blank,,blank,,blank,,blank,76.99524879336258,,86.76515561996614,,90.37219349766093,,98.01850728079128,,102.5109082572235,,109.18941840633178,,111.01048040695738,,114.09798774730469,,116.08624758651204,,117.02755777934411,,127.15876219880342,,134.4081811368404,,139.02851481136602,,141.85586295596502,,144.1794546129864,,145.38572085413813,,146.42927015890209,,147.10989858262775,,148.08522644158504,,149.45406548149387,,,blank,,blank,,blank,,blank,,blank,,blank,141.22551270897011,,142.26874721336384,,148.37949252770522,,149.2650642454575,,148.98802473475345,,152.9213529081704,,154.9833753235098,,159.02943799346184,,,blank,,blank,,blank,,blank,,blank,,blank,,blank,,blank,,blank,,blank,,blank,,blank,,blank,,blank,,blank,,blank,,blank,,blank,,blank,,blank,,blank,,blank,,blank,,blank,,blank,,blank,,blank,,blank,,blank,,blank,,blank,,blank,,blank,,blank,,blank,,blank,,blank
VA-Ki,94,,      Real estate activities,70,,,blank,,blank,,blank,,blank,,blank,,blank,,blank,,blank,,blank,,blank,,blank,,blank,,blank,,blank,,blank,,blank,,blank,,blank,,blank,,blank,,blank,,blank,,blank,,blank,,blank,,blank,,blank,,blank,,blank,,blank,,blank,,blank,,blank,,blank,,blank,,blank,,blank,,blank,,blank,,blank,,blank,,blank,,blank,,blank,,blank,,blank,,blank,,blank,,blank,,blank,,blank,,blank,,blank,,blank,,blank,,blank,,blank,,blank,,blank,,blank,,blank,,blank,,blank,,blank,,blank,,blank,,blank,,blank,,blank,,blank,,blank,,blank,,blank,,blank,,blank,,blank,,blank,,blank,,blank,,blank,,blank,,blank,,blank,,blank,,blank,,blank,,blank,,blank,,blank,,blank,,blank,,blank,,blank,,blank,,blank,,blank,,blank,,blank,,blank,,blank,,blank,,blank,,blank,,blank,,blank,,blank,,blank,,blank,,blank,,blank,,blank,,blank,,blank,,blank,,blank,,blank,,blank,,blank,,blank,,blank,,blank,,blank,,blank,,blank,,blank,,blank,,blank,,blank,,blank,,blank,,blank,,blank,,blank,,blank,,blank,,blank,,blank,,blank,,blank,,blank,,blank,,blank,,blank,,blank,,blank,,blank,,blank,,blank,,blank,,blank,,blank,,blank,,blank,,blank,,blank,,blank,,blank
VA-Ki,95,,         Research and development,73,,,blank,,blank,,blank,,blank,,blank,,blank,,blank,,blank,,blank,,blank,,blank,,blank,,blank,,blank,,blank,,blank,,blank,,blank,,blank,,blank,,blank,,blank,,blank,,blank,,blank,,blank,,blank,,blank,,blank,,blank,,blank,,blank,,blank,,blank,,blank,,blank,,blank,,blank,,blank,,blank,,blank,,blank,,blank,,blank,,blank,,blank,,blank,,blank,,blank,,blank,,blank,,blank,,blank,,blank,,blank,,blank,,blank,,blank,,blank,,blank,,blank,,blank,,blank,,blank,,blank,,blank,,blank,,blank,,blank,,blank,,blank,,blank,,blank,,blank,,blank,,blank,,blank,,blank,,blank,,blank,,blank,,blank,,blank,,blank,,blank,,blank,,blank,,blank,,blank,,blank,,blank,,blank,,blank,,blank,,blank,,blank,,blank,,blank,,blank,,blank,,blank,,blank,,blank,,blank,,blank,,blank,,blank,,blank,,blank,,blank,,blank,,blank,,blank,,blank,,blank,,blank,,blank,,blank,,blank,,blank,,blank,,blank,,blank,,blank,,blank,,blank,,blank,,blank,,blank,,blank,,blank,,blank,,blank,,blank,,blank,,blank,,blank,,blank,,blank,,blank,,blank,,blank,,blank,,blank,,blank,,blank,,blank,,blank,,blank,,blank,,blank,,blank,,blank,,blank,,blank,,blank,,blank
VA-Ki,96,,TOTAL GOVERNMENT,,73; L; M; N,,blank,,blank,,blank,,blank,,blank,,blank,,blank,,blank,,blank,,blank,,blank,,blank,,blank,,blank,,blank,,blank,,blank,,blank,,blank,,blank,,blank,,blank,,blank,,blank,,blank,,blank,,blank,,blank,,blank,,blank,,blank,,blank,,blank,,blank,,blank,,blank,,blank,,blank,,blank,,blank,,blank,,blank,,blank,,blank,,blank,,blank,,blank,,blank,,blank,,blank,,blank,,blank,,blank,,blank,,blank,,blank,,blank,,blank,,blank,,blank,,blank,,blank,,blank,,blank,,blank,,blank,,blank,,blank,,blank,,blank,,blank,,blank,,blank,,blank,,blank,,blank,,blank,,blank,,blank,,blank,,blank,,blank,,blank,,blank,,blank,,blank,,blank,,blank,,blank,,blank,,blank,,blank,,blank,,blank,,blank,,blank,,blank,,blank,,blank,,blank,,blank,,blank,,blank,,blank,,blank,,blank,,blank,,blank,,blank,,blank,,blank,,blank,,blank,,blank,,blank,,blank,,blank,,blank,,blank,,blank,,blank,,blank,,blank,,blank,,blank,,blank,,blank,,blank,,blank,,blank,,blank,,blank,,blank,,blank,,blank,,blank,,blank,,blank,,blank,,blank,,blank,,blank,,blank,,blank,,blank,,blank,,blank,,blank,,blank,,blank,,blank,,blank,,blank,,blank,,blank,,blank,,blank
VA-Ki,97,,"COMMUNITY, SOCIAL AND PERSONAL SERVICES",,L; M; N; O; P; MISCs,,blank,47.764950225855365,,45.80007125244106,,45.265419016462324,,44.90993713693646,,46.23313453438671,,46.265776414352764,,45.96336256518245,,47.12973595280939,,47.39499664666532,,47.95805886440206,,47.829358786929184,,48.213095504205,,48.46825848225405,,49.825975949711996,,48.3502495973649,,49.13888610864051,,48.12288320016677,,48.12574964430214,,47.97906487867872,,48.55305303674582,,48.09781617268775,,48.81301593733062,,48.645890220099055,,48.76628459504494,,48.23498424688803,,48.10613704240318,,48.63008908131416,,50.47602690215922,,51.240074191945105,,50.762620850941076,,50.178862144887695,,48.97725692169204,,50.254229968467435,,50.880830521986056,,52.13488105362046,,54.33685522378373,,54.3246832285116,,54.252230518168545,,53.518254473894146,,55.43560440467877,,58.81242348871445,,60.89858032266592,,63.39030640365675,,64.8787804113508,,66.52979845372822,,68.78079736379617,,69.24937264691926,,72.16209776111116,,71.91800389085233,,71.46670127931219,,72.59321285436351,,72.16140582879424,,72.92655046241289,,74.30224042169037,,74.18484295620419,,75.11741482541704,,76.52803620800265,,77.08539101739018,,79.46393905634456,,80.20753970024008,,80.01730820603265,,82.4623031516711,,83.75001898736791,,85.31548276378811,,86.7976320236924,,87.58155805644763,,89.28586785391795,,90.10793043267232,,91.86693170269355,,93.72271670026515,,95.3296674105585,,95.13687000901427,,96.78618297799304,,99.04111485715057,,98.52346906430647,,100,,102.80650564064582,,105.7879278382615,,108.50369200158845,,,blank,,blank,,blank,,blank,,blank,,blank,99.85437835765015,,101.36043526293612,,96.06259222957138,,94.13211156531476,,93.60882873837673,,99.04216474883944,,93.31581635259508,,96.64235502109342,,97.84300815419266,,94.68976718062578,,98.73029010122116,,100.38524375852921,,99.24423877854026,,99.288766178963,,99.92807855616664,,99.68837350023163,,101.84451150159578,,103.83304779160565,,108.06752990491795,,112.4699096801987,,,blank,,blank,,blank,,blank,,blank,,blank,128.7097915138806,,127.715685972859,,175.38324663348166,,137.4340090637538,,145.2870106802194,,144.7941256353407,,157.87855117507817,,152.72049221879726,,,blank,,blank,,blank,,blank,,blank,,blank,,blank,,blank,,blank,,blank,,blank,,blank,,blank,,blank,,blank,,blank,,blank,,blank,,blank,,blank,,blank,,blank,,blank,,blank,,blank,,blank,,blank,,blank,,blank,,blank,,blank,,blank,,blank,,blank,,blank,,blank,,blank
VA-Ki,98,,   PUBLIC ADMINISTRATION AND DEFENCE; COMPULSORY SOCIAL SECURITY,,L,,blank,80.6813781161534,,69.18354745299399,,65.43315769715755,,62.609682150830025,,67.95381976504035,,65.56884343894251,,63.599916055767004,,67.1239954689676,,66.69453791030323,,67.79959181096304,,64.84581961606767,,66.79798583176867,,67.94589061709873,,73.92248069925273,,67.0296312720029,,68.65747587681086,,63.84222360653167,,63.438813376252554,,62.967281224267154,,65.16851197409065,,62.035638026184394,,63.922464763560264,,63.84020234930839,,63.469674339130734,,62.08722763156184,,60.59046264454299,,60.8906463164438,,67.72354295782343,,69.01729456709428,,63.647484160893875,,61.5710005444698,,57.70192679261008,,58.36723688081757,,58.953959580913185,,60.30706957577871,,67.41457199802116,,65.10387924229533,,60.95581485917575,,55.00796024809068,,57.313634660910814,,61.4066745529225,,66.99788958024735,,69.12705240043468,,68.79620320871818,,69.61478700380233,,67.1262948268171,,66.71620271032249,,70.8229574725438,,69.1832588621542,,72.22034950215443,,70.70562813144801,,71.31908236703805,,70.43285696454686,,71.73613031391426,,69.12273920842453,,70.4402125787696,,71.09157038284633,,70.40903204009973,,73.88708932419809,,74.73433671864987,,74.28612510116463,,78.86759360380394,,81.26293070499415,,83.22808048185496,,85.84686969225525,,84.42582144960411,,86.87137529570363,,87.62442299899223,,90.34392447924466,,94.12508248042796,,96.09821066192588,,93.46665972577526,,95.57764705022834,,99.31798326485952,,96.9283316708399,,100,,104.37338579906219,,111.48306407628863,,115.68145514932684,,,blank,,blank,,blank,,blank,,blank,,blank,143.5696496009937,,147.2341369924925,,135.41848826133614,,128.29634467959102,,119.81169268036305,,137.6839053135578,,118.21521959884068,,121.61837872605481,,128.4449540510551,,118.46215382539104,,132.84581497543576,,136.97294737943145,,130.71538479345082,,129.77223943897823,,131.9598564347475,,129.9887023917257,,136.97655226831301,,147.4438152838743,,160.72214834641235,,184.59080132359594,,,blank,,blank,,blank,,blank,,blank,,blank,267.66918828216603,,256.6495031808962,,483.15555351515644,,266.09819946157313,,274.63988185755386,,267.681014070983,,311.4954140390946,,271.23452286622614,,,blank,,blank,,blank,,blank,,blank,,blank,,blank,,blank,,blank,,blank,,blank,,blank,,blank,,blank,,blank,,blank,,blank,,blank,,blank,,blank,,blank,,blank,,blank,,blank,,blank,,blank,,blank,,blank,,blank,,blank,,blank,,blank,,blank,,blank,,blank,,blank,,blank
VA-Ki,99,,      Administration of the State and the economic and social policy of the community,751,,,blank,,blank,,blank,,blank,,blank,,blank,,blank,,blank,,blank,,blank,,blank,,blank,,blank,,blank,,blank,,blank,,blank,,blank,,blank,,blank,,blank,,blank,,blank,,blank,,blank,,blank,,blank,,blank,,blank,,blank,,blank,,blank,,blank,,blank,,blank,,blank,,blank,,blank,,blank,,blank,,blank,,blank,,blank,,blank,,blank,,blank,,blank,,blank,,blank,,blank,,blank,,blank,,blank,,blank,,blank,,blank,,blank,,blank,,blank,,blank,,blank,,blank,,blank,,blank,,blank,,blank,,blank,,blank,,blank,,blank,,blank,,blank,,blank,,blank,,blank,,blank,,blank,,blank,,blank,,blank,,blank,,blank,,blank,,blank,,blank,,blank,,blank,,blank,,blank,,blank,,blank,,blank,,blank,,blank,,blank,,blank,,blank,,blank,,blank,,blank,,blank,,blank,,blank,,blank,,blank,,blank,,blank,,blank,,blank,,blank,,blank,,blank,,blank,,blank,,blank,,blank,,blank,,blank,,blank,,blank,,blank,,blank,,blank,,blank,,blank,,blank,,blank,,blank,,blank,,blank,,blank,,blank,,blank,,blank,,blank,,blank,,blank,,blank,,blank,,blank,,blank,,blank,,blank,,blank,,blank,,blank,,blank,,blank,,blank,,blank,,blank,,blank,,blank,,blank,,blank,,blank,,blank
VA-Ki,100,,      Defence,,752; 753,,blank,,blank,,blank,,blank,,blank,,blank,,blank,,blank,,blank,,blank,,blank,,blank,,blank,,blank,,blank,,blank,,blank,,blank,,blank,,blank,,blank,,blank,,blank,,blank,,blank,,blank,,blank,,blank,,blank,,blank,,blank,,blank,,blank,,blank,,blank,,blank,,blank,,blank,,blank,,blank,,blank,,blank,,blank,,blank,,blank,,blank,,blank,,blank,,blank,,blank,,blank,,blank,,blank,,blank,,blank,,blank,,blank,,blank,,blank,,blank,,blank,,blank,,blank,,blank,,blank,,blank,,blank,,blank,,blank,,blank,,blank,,blank,,blank,,blank,,blank,,blank,,blank,,blank,,blank,,blank,,blank,,blank,,blank,,blank,,blank,,blank,,blank,,blank,,blank,,blank,,blank,,blank,,blank,,blank,,blank,,blank,,blank,,blank,,blank,,blank,,blank,,blank,,blank,,blank,,blank,,blank,,blank,,blank,,blank,,blank,,blank,,blank,,blank,,blank,,blank,,blank,,blank,,blank,,blank,,blank,,blank,,blank,,blank,,blank,,blank,,blank,,blank,,blank,,blank,,blank,,blank,,blank,,blank,,blank,,blank,,blank,,blank,,blank,,blank,,blank,,blank,,blank,,blank,,blank,,blank,,blank,,blank,,blank,,blank,,blank,,blank,,blank,,blank,,blank,,blank,,blank,,blank
VA-Ki,101,,   EDUCATION,,M,,blank,8.243769140774747,,8.789312686855427,,9.39858468312012,,9.582124954025522,,10.590080721047336,,12.62902247948127,,12.252756515196532,,14.337164547297407,,15.570410262121163,,16.72997405245614,,18.401943526599172,,18.392705701811458,,18.916018648562545,,19.909833143768736,,19.050354530392795,,20.97356202272975,,19.723400483478475,,19.442786694726262,,18.74332537613468,,19.05242505622118,,19.79285856378547,,21.188782634270588,,21.03051306481277,,22.552953179331286,,21.52111540223074,,22.52660961553131,,25.453790250874658,,28.416415276993824,,31.213791763422844,,34.548878594556946,,33.93553034054889,,32.473132763272,,34.73045476559012,,33.374986556667025,,34.551111409858315,,35.220899512447076,,34.080504348687136,,33.49377296855858,,30.981927094362717,,34.36292715545879,,43.74788888593581,,43.74568432545803,,49.87308635667659,,52.798160769623635,,55.23418610275527,,64.50014503497535,,64.43872668419975,,72.99241255547187,,69.9382100737396,,61.06989129872685,,65.54750424637848,,59.08207947933417,,60.93552720300418,,64.26461896512467,,63.33191634389451,,64.00092770082819,,67.75354833400945,,68.43948787448949,,74.37269435938168,,73.78138450598922,,69.48067291973436,,73.77473994609906,,73.66254452175386,,75.80015146597422,,76.8997723748263,,78.67354509446284,,81.87970450259557,,82.45784945791027,,86.09289790004352,,89.03128449065566,,92.76414399603439,,91.52365730709393,,95.15429822970988,,101.1745471534679,,98.13362928979717,,100,,105.26538248444702,,108.288641639318,,112.73946507921644,,,blank,,blank,,blank,,blank,,blank,,blank,48.09065930809854,,57.47921840842874,,46.00824464411154,,46.88922694437369,,54.938778652710226,,68.01704939804095,,59.66192636773313,,76.71464090917948,,77.9271330128192,,72.61374768891288,,79.27910881473666,,82.09970141743935,,81.59473334940121,,82.22778115177951,,83.05094332698204,,83.0613029507514,,87.16560395967701,,86.38738438329003,,96.29362917783773,,95.73493044474893,,,blank,,blank,,blank,,blank,,blank,,blank,96.4023614498882,,97.0621270584405,,105.67856721553477,,115.09389563722361,,137.97472019784652,,130.20909502465182,,138.01905825164238,,136.28614777478208,,,blank,,blank,,blank,,blank,,blank,,blank,,blank,,blank,,blank,,blank,,blank,,blank,,blank,,blank,,blank,,blank,,blank,,blank,,blank,,blank,,blank,,blank,,blank,,blank,,blank,,blank,,blank,,blank,,blank,,blank,,blank,,blank,,blank,,blank,,blank,,blank,,blank
VA-Ki,102,,   HEALTH AND SOCIAL WORK,,N,,blank,27.14464360150063,,27.62817840766986,,28.00333472280117,,28.503543142976234,,28.92038349312213,,29.378907878282618,,29.595664860358482,,29.745727386411,,29.92080033347228,,30.120883701542304,,30.312630262609417,,29.49562317632347,,29.75406419341392,,30.162567736556902,,30.529387244685292,,31.0962901208837,,31.821592330137555,,32.5385577323885,,33.16381825760734,,33.839099624843676,,34.38099208003334,,35.09795748228428,,36.57357232180074,,38.17423926636098,,39.833263859941646,,41.65902459358066,,43.50979574822843,,45.53563984993746,,47.703209670696125,,49.804085035431434,,51.87161317215507,,53.68070029178824,,54.005835764902045,,54.30596081700707,,54.62275948311795,,53.93914130887869,,53.3889120466861,,54.60608586911213,,55.481450604418505,,54.78949562317632,,55.07294706127552,,56.1233847436432,,55.73989162150895,,56.75698207586495,,57.765735723218,,58.78282617757399,,59.24135056273446,,59.633180491871606,,62.100875364735295,,62.16756982075865,,62.35097957482285,,64.568570237599,,65.2688620258441,,65.93580658607753,,66.54439349729054,,67.86160900375157,,69.26219258024176,,70.5377240516882,,71.62150896206751,,72.67194664443518,,73.81408920383493,,75.48145060441851,,78.19091288036682,,79.68320133388912,,81.14214255939974,,81.37557315548143,,84.69362234264277,,86.68611921634015,,89.00375156315128,,91.96331804918714,,93.80575239683202,,95.57315548145058,,98.13255523134639,,97.30721133805751,,98.35764902042516,,100,,101.97582325969154,,103.3097123801584,,105.71071279699875,,,blank,,blank,,blank,,blank,,blank,,blank,105.88578574406004,,114.12255106294289,,121.91746561067112,,131.07127969987496,,144.49353897457274,,159.44977073780743,,173.69737390579408,,188.8620258441017,,203.2346811171321,,216.92371821592334,,237.08211754897874,,244.37682367653184,,248.5785744060025,,255.6065027094623,,263.0095873280534,,272.57190496040016,,276.6652771988328,,279.3330554397666,,279.2746977907461,,283.2763651521467,,,blank,,blank,,blank,,blank,,blank,,blank,314.98124218424346,,325.42726135889944,,335.3480616923719,,348.09503959983317,,347.5448103376407,,345.8524385160484,,368.7036265110463,,379.0746144226762,,,blank,,blank,,blank,,blank,,blank,,blank,,blank,,blank,,blank,,blank,,blank,,blank,,blank,,blank,,blank,,blank,,blank,,blank,,blank,,blank,,blank,,blank,,blank,,blank,,blank,,blank,,blank,,blank,,blank,,blank,,blank,,blank,,blank,,blank,,blank,,blank,,blank
VA-Ki,103,,      Human health activities; Veterinary activities,,851; 852,,blank,,blank,,blank,,blank,,blank,,blank,,blank,,blank,,blank,,blank,,blank,,blank,,blank,,blank,,blank,,blank,,blank,,blank,,blank,,blank,,blank,,blank,,blank,,blank,,blank,,blank,,blank,,blank,,blank,,blank,,blank,,blank,,blank,,blank,,blank,,blank,,blank,,blank,,blank,,blank,,blank,,blank,,blank,,blank,,blank,,blank,,blank,,blank,,blank,,blank,,blank,,blank,,blank,,blank,,blank,,blank,,blank,,blank,,blank,,blank,,blank,,blank,,blank,,blank,,blank,,blank,,blank,,blank,,blank,,blank,,blank,,blank,,blank,,blank,,blank,,blank,,blank,,blank,,blank,,blank,,blank,,blank,,blank,,blank,,blank,,blank,,blank,,blank,,blank,,blank,,blank,,blank,,blank,,blank,,blank,,blank,,blank,,blank,,blank,,blank,,blank,,blank,,blank,,blank,,blank,,blank,,blank,,blank,,blank,,blank,,blank,,blank,,blank,,blank,,blank,,blank,,blank,,blank,,blank,,blank,,blank,,blank,,blank,,blank,,blank,,blank,,blank,,blank,,blank,,blank,,blank,,blank,,blank,,blank,,blank,,blank,,blank,,blank,,blank,,blank,,blank,,blank,,blank,,blank,,blank,,blank,,blank,,blank,,blank,,blank,,blank,,blank,,blank,,blank,,blank,,blank,,blank
VA-Ki,104,,      Social work activities,853,,,blank,,blank,,blank,,blank,,blank,,blank,,blank,,blank,,blank,,blank,,blank,,blank,,blank,,blank,,blank,,blank,,blank,,blank,,blank,,blank,,blank,,blank,,blank,,blank,,blank,,blank,,blank,,blank,,blank,,blank,,blank,,blank,,blank,,blank,,blank,,blank,,blank,,blank,,blank,,blank,,blank,,blank,,blank,,blank,,blank,,blank,,blank,,blank,,blank,,blank,,blank,,blank,,blank,,blank,,blank,,blank,,blank,,blank,,blank,,blank,,blank,,blank,,blank,,blank,,blank,,blank,,blank,,blank,,blank,,blank,,blank,,blank,,blank,,blank,,blank,,blank,,blank,,blank,,blank,,blank,,blank,,blank,,blank,,blank,,blank,,blank,,blank,,blank,,blank,,blank,,blank,,blank,,blank,,blank,,blank,,blank,,blank,,blank,,blank,,blank,,blank,,blank,,blank,,blank,,blank,,blank,,blank,,blank,,blank,,blank,,blank,,blank,,blank,,blank,,blank,,blank,,blank,,blank,,blank,,blank,,blank,,blank,,blank,,blank,,blank,,blank,,blank,,blank,,blank,,blank,,blank,,blank,,blank,,blank,,blank,,blank,,blank,,blank,,blank,,blank,,blank,,blank,,blank,,blank,,blank,,blank,,blank,,blank,,blank,,blank,,blank,,blank,,blank,,blank,,blank,,blank,,blank
VA-Ki,105,,"OTHER COMMUNITY, SOCIAL AND PERSONAL SERVICE ACTIVITIES",,O,,blank,45.25458622606125,,45.49031528143685,,45.53482127400714,,45.76097669013814,,45.86959886125734,,46.02100002057971,,46.23852871514163,,46.36936544791858,,46.5394415997261,,46.742960343816904,,46.948666799118904,,46.896384729034025,,46.58853908809819,,46.479060938407734,,46.344349063889226,,46.483756030721835,,46.64159854606954,,46.7775161193511,,46.7669507990996,,46.807856478715216,,46.669537689306004,,46.72202410858825,,46.06513014762063,,45.498994580526904,,44.935984984760566,,44.50338679974392,,43.965484749906665,,43.543400664896126,,43.156356931014315,,42.64827970036495,,42.059592552978806,,41.19273142126838,,42.585232720972996,,44.011953633029826,,45.49075486806143,,46.85586055938265,,48.03712691528659,,49.566247273754904,,51.19832254578536,,52.931117045190526,,54.6659924476498,,56.60931589684031,,58.58580743319576,,60.57100389504303,,62.621219734407106,,64.68989049302814,,65.61006682598783,,66.58087347336308,,67.49723089983004,,68.42959188742907,,69.48841920038608,,70.38558667843525,,71.36803279557068,,72.15152146909493,,73.01290065302669,,73.81900342035965,,75.31105169342251,,76.70385877597103,,78.29213333264649,,80.00329150273289,,81.66817263350572,,83.58212977386226,,85.56281731565207,,87.5266606108582,,89.43547176563739,,91.3422780206399,,92.35472774777296,,93.26038045875174,,94.15427827618866,,95.03820177036371,,95.89890289640132,,96.72669474998595,,97.61159319013765,,98.40328671049234,,99.15745183573297,,100,,101.98239747018123,,104.13408765296663,,106.30185740016157,,,blank,,blank,,blank,,blank,,blank,,blank,112.9901385247595,,109.61979405481831,,106.19720917372145,,103.1585129630362,,100.59094524291787,,97.8743079618375,,95.07345280035062,,92.34547595137317,,89.79230883158125,,87.41544459230852,,85.26877215511084,,86.41146347575739,,87.39770356367713,,88.15323479603113,,88.80619726030025,,89.45771674885728,,90.26413180529116,,91.20993712715175,,91.90182633978249,,92.364451873205,,,blank,,blank,,blank,,blank,,blank,,blank,96.53159360475736,,98.68200622077794,,104.31860696926279,,109.87422419960306,,115.80257583042672,,122.1985756048019,,129.07306655974327,,136.24576036314397,,,blank,,blank,,blank,,blank,,blank,,blank,,blank,,blank,,blank,,blank,,blank,,blank,,blank,,blank,,blank,,blank,,blank,,blank,,blank,,blank,,blank,,blank,,blank,,blank,,blank,,blank,,blank,,blank,,blank,,blank,,blank,,blank,,blank,,blank,,blank,,blank,,blank
VA-Ki,106,,PRIVATE HOUSEHOLDS WITH EMPLOYED PERSONS,,P,,blank,59.867550337943655,,60.1292167183601,,60.39189339368164,,60.65558036390822,,60.92078277649245,,61.186995483981796,,61.45421848637616,,61.722956931128216,,61.9927056707853,,62.263464705347495,,62.53573918226729,,62.809023954092204,,63.083319020822174,,63.35912952990979,,63.63595033390246,,63.91378143280024,,64.19312797405566,,64.47348481021612,,64.75535708873421,,65.03823966215738,,65.32263767793819,,65.6080459886241,,66.08743092108588,,66.57035188571545,,67.05680888251281,,67.54680191147796,,68.04033097261092,,68.53739606591166,,69.03799719138016,,69.54213434901651,,70.04980753882057,,70.56051161333991,,71.4556328992433,,72.36186742910257,,73.2797203503703,,74.20919166304645,,75.15028136713107,,76.10349461007668,,77.06883139188328,,78.04629171255093,,79.03638071953206,,80.03909841282673,,81.05444479243495,,82.08241985835667,,83.12352875804449,,84.17777149149838,,85.0799648417373,,85.99175599357454,,86.91314494701004,,87.84463684949637,,88.785726553581,,89.73691920671646,,90.69871995635529,,91.6706236550449,,92.65313545023794,,93.6452450470292,,93.49622654852952,,93.34771319748238,,93.19919984643518,,93.05119164284056,,92.90318343924592,,92.75568038310386,,92.60817732696171,,92.46067427081967,,92.31367636213012,,92.16667845344057,,92.92136874753744,,93.68262595851732,,94.44994493892767,,95.22332568876857,,96.00327335549245,,96.78978793909948,,97.58236429213689,,98.38150756205737,,99.18721774886092,,100,,100.81884402056961,,101.64476010547479,,102.477243107263,,,blank,,blank,,blank,,blank,,blank,,blank,76.6515795960841,,77.67248259767027,,78.58427374950749,,79.70772168395955,,81.1443610389873,,82.41379658722381,,83.55340924015722,,84.69100130328043,,85.91800446550349,,87.25614006728566,,88.77562360453018,,87.09651347228255,,85.25474586031665,,83.20233176064094,,81.07161980582133,,78.9712166981542,,77.03397621765794,,75.23059981208515,,73.24486517614493,,71.11011204170497,,,blank,,blank,,blank,,blank,,blank,,blank,57.995473878825244,,57.18117618532851,,55.96326567725121,,54.554914579565775,,53.1980885220396,,51.92208605692002,,50.71023731827321,,49.48272900859761,,,blank,,blank,,blank,,blank,,blank,,blank,,blank,,blank,,blank,,blank,,blank,,blank,,blank,,blank,,blank,,blank,,blank,,blank,,blank,,blank,,blank,,blank,,blank,,blank,,blank,,blank,,blank,,blank,,blank,,blank,,blank,,blank,,blank,,blank,,blank,,blank,,blank
VA-Ki,107,,EXTRA-TERRITORIAL ORGANIZATION AND BODIES,,Q,,blank,,blank,,blank,,blank,,blank,,blank,,blank,,blank,,blank,,blank,,blank,,blank,,blank,,blank,,blank,,blank,,blank,,blank,,blank,,blank,,blank,,blank,,blank,,blank,,blank,,blank,,blank,,blank,,blank,,blank,,blank,,blank,,blank,,blank,,blank,,blank,,blank,,blank,,blank,,blank,,blank,,blank,,blank,,blank,,blank,,blank,,blank,,blank,,blank,,blank,,blank,,blank,,blank,,blank,,blank,,blank,,blank,,blank,,blank,,blank,,blank,,blank,,blank,,blank,,blank,,blank,,blank,,blank,,blank,,blank,,blank,,blank,,blank,,blank,,blank,,blank,,blank,,blank,,blank,,blank,,blank,,blank,,blank,,blank,,blank,,blank,,blank,,blank,,blank,,blank,,blank,,blank,,blank,,blank,,blank,,blank,,blank,,blank,,blank,,blank,,blank,,blank,,blank,,blank,,blank,,blank,,blank,,blank,,blank,,blank,,blank,,blank,,blank,,blank,,blank,,blank,,blank,,blank,,blank,,blank,,blank,,blank,,blank,,blank,,blank,,blank,,blank,,blank,,blank,,blank,,blank,,blank,,blank,,blank,,blank,,blank,,blank,,blank,,blank,,blank,,blank,,blank,,blank,,blank,,blank,,blank,,blank,,blank,,blank,,blank,,blank,,blank,,blank,,blank,,blank,,blank,,blank
VA-Ki,108,,MISCELLANEOUS SERVICES,,MISCs,,blank,,blank,,blank,,blank,,blank,,blank,,blank,,blank,,blank,,blank,,blank,,blank,,blank,,blank,,blank,,blank,,blank,,blank,,blank,,blank,,blank,,blank,,blank,,blank,,blank,,blank,,blank,,blank,,blank,,blank,,blank,,blank,,blank,,blank,,blank,,blank,,blank,,blank,,blank,,blank,,blank,,blank,,blank,,blank,,blank,,blank,,blank,,blank,,blank,,blank,,blank,,blank,,blank,,blank,,blank,,blank,,blank,,blank,,blank,,blank,,blank,,blank,,blank,,blank,,blank,,blank,,blank,,blank,,blank,,blank,,blank,,blank,,blank,,blank,,blank,,blank,,blank,,blank,,blank,,blank,,blank,,blank,,blank,,blank,,blank,,blank,,blank,,blank,,blank,,blank,,blank,,blank,,blank,,blank,,blank,,blank,,blank,,blank,,blank,,blank,,blank,,blank,,blank,,blank,,blank,,blank,,blank,,blank,,blank,,blank,,blank,,blank,,blank,,blank,,blank,,blank,,blank,,blank,,blank,,blank,,blank,,blank,,blank,,blank,,blank,,blank,,blank,,blank,,blank,,blank,,blank,,blank,,blank,,blank,,blank,,blank,,blank,,blank,,blank,,blank,,blank,,blank,,blank,,blank,,blank,,blank,,blank,,blank,,blank,,blank,,blank,,blank,,blank,,blank,,blank,,blank,,blank
VA-Ki,109,,blank,,blank,,blank,,blank,,blank,,blank,,blank,,blank,,blank,,blank,,blank,,blank,,blank,,blank,,blank,,blank,,blank,,blank,,blank,,blank,,blank,,blank,,blank,,blank,,blank,,blank,,blank,,blank,,blank,,blank,,blank,,blank,,blank,,blank,,blank,,blank,,blank,,blank,,blank,,blank,,blank,,blank,,blank,,blank,,blank,,blank,,blank,,blank,,blank,,blank,,blank,,blank,,blank,,blank,,blank,,blank,,blank,,blank,,blank,,blank,,blank,,blank,,blank,,blank,,blank,,blank,,blank,,blank,,blank,,blank,,blank,,blank,,blank,,blank,,blank,,blank,,blank,,blank,,blank,,blank,,blank,,blank,,blank,,blank,,blank,,blank,,blank,,blank,,blank,,blank,,blank,,blank,,blank,,blank,,blank,,blank,,blank,,blank,,blank,,blank,,blank,,blank,,blank,,blank,,blank,,blank,,blank,,blank,,blank,,blank,,blank,,blank,,blank,,blank,,blank,,blank,,blank,,blank,,blank,,blank,,blank,,blank,,blank,,blank,,blank,,blank,,blank,,blank,,blank,,blank,,blank,,blank,,blank,,blank,,blank,,blank,,blank,,blank,,blank,,blank,,blank,,blank,,blank,,blank,,blank,,blank,,blank,,blank,,blank,,blank,,blank,,blank,,blank,,blank,,blank,,blank,,blank,,blank,,blank
VA-Ki,110,,TOTAL VALUE ADDED,,tVA,,blank,,blank,,blank,,blank,,blank,,blank,,blank,,blank,,blank,,blank,,blank,,blank,,blank,,blank,,blank,,blank,,blank,,blank,,blank,,blank,,blank,,blank,,blank,,blank,,blank,,blank,,blank,,blank,,blank,,blank,,blank,,blank,,blank,,blank,,blank,,blank,,blank,,blank,,blank,,blank,,blank,,blank,,blank,,blank,,blank,,blank,,blank,,blank,,blank,,blank,,blank,,blank,,blank,,blank,,blank,,blank,,blank,,blank,,blank,,blank,,blank,,blank,,blank,,blank,,blank,,blank,,blank,,blank,,blank,,blank,,blank,,blank,,blank,,blank,,blank,,blank,,blank,,blank,,blank,,blank,,blank,,blank,,blank,,blank,,blank,,blank,,blank,,blank,,blank,,blank,,blank,,blank,,blank,,blank,,blank,,blank,,blank,,blank,,blank,,blank,,blank,,blank,,blank,,blank,,blank,,blank,,blank,,blank,,blank,,blank,,blank,,blank,,blank,,blank,,blank,,blank,,blank,,blank,,blank,,blank,,blank,,blank,,blank,,blank,,blank,,blank,,blank,,blank,,blank,,blank,,blank,,blank,,blank,,blank,,blank,,blank,,blank,,blank,,blank,,blank,,blank,,blank,,blank,,blank,,blank,,blank,,blank,,blank,,blank,,blank,,blank,,blank,,blank,,blank,,blank,,blank,,blank
VA-Ki,111,,NET INDIRECT TAXES,,iTAX,,blank,,blank,,blank,,blank,,blank,,blank,,blank,,blank,,blank,,blank,,blank,,blank,,blank,,blank,,blank,,blank,,blank,,blank,,blank,,blank,,blank,,blank,,blank,,blank,,blank,,blank,,blank,,blank,,blank,,blank,,blank,,blank,,blank,,blank,,blank,,blank,,blank,,blank,,blank,,blank,,blank,,blank,,blank,,blank,,blank,,blank,,blank,,blank,,blank,,blank,,blank,,blank,,blank,,blank,,blank,,blank,,blank,,blank,,blank,,blank,,blank,,blank,,blank,,blank,,blank,,blank,,blank,,blank,,blank,,blank,,blank,,blank,,blank,,blank,,blank,,blank,,blank,,blank,,blank,,blank,,blank,,blank,,blank,,blank,,blank,,blank,,blank,,blank,,blank,,blank,,blank,,blank,,blank,,blank,,blank,,blank,,blank,,blank,,blank,,blank,,blank,,blank,,blank,,blank,,blank,,blank,,blank,,blank,,blank,,blank,,blank,,blank,,blank,,blank,,blank,,blank,,blank,,blank,,blank,,blank,,blank,,blank,,blank,,blank,,blank,,blank,,blank,,blank,,blank,,blank,,blank,,blank,,blank,,blank,,blank,,blank,,blank,,blank,,blank,,blank,,blank,,blank,,blank,,blank,,blank,,blank,,blank,,blank,,blank,,blank,,blank,,blank,,blank,,blank,,blank,,blank,,blank
VA-Ki,112,,TOTAL GDP,,GDP,,blank,18.806951124652993,,19.242410000687485,,19.958743831054292,,19.941549711925013,,20.23316370730414,,20.508699284271543,,21.143823043199607,,21.54419240616806,,21.196091041176764,,22.065995426428504,,23.0005068424976,,22.837351320872713,,24.713998147390996,,23.478277212393866,,24.667576610693317,,24.786035156978624,,25.4848169884545,,25.798451199363715,,26.76754528401424,,28.12107250647452,,28.078436887715842,,30.400842431148167,,31.357216700095808,,31.128263256196558,,31.06010500168238,,33.26060722696413,,33.54432126046717,,35.57239591440219,,37.405816364959655,,38.91696263078593,,39.545015945353214,,41.00246509676544,,40.97410035169542,,43.60369040453431,,47.788661724456254,,49.11009268585052,,48.45001532919396,,51.95000326631381,,49.87775170671996,,54.060089646649914,,52.91616197901822,,53.54350588674052,,54.022101170346204,,55.34886165588646,,55.39412441600765,,58.00196615762475,,58.61584653377433,,61.21331448337535,,61.993875781252285,,60.42807627317865,,61.49931012680627,,61.02129510824229,,63.994370936946055,,63.84301537703886,,67.47922087749204,,66.88437211892855,,67.24631888709669,,67.70000388584712,,70.2351620780702,,70.99150735577932,,71.85513291506149,,74.65116155490215,,76.67721234035673,,77.62757779973268,,78.36158735612663,,77.7627119361276,,78.09404582745486,,81.86898964058582,,84.32576366231328,,87.81237113157451,,90.3555173960021,,91.66309906740035,,92.64753881852845,,93.97692779977498,,95.45269274211608,,100,,102.99340456356221,,106.29288400472761,,108.30248086741128,,,blank,,blank,,blank,,blank,,blank,,blank,76.58309665792011,,82.10375079228221,,90.69817909385007,,94.75969465828527,,101.52053912144123,,104.29253398834581,,109.44210321617425,,113.72528090801777,,119.72172051415993,,122.37035572849442,,119.90545451784477,,113.62362759361784,,104.73021440449024,,104.14133905514684,,103.01716812235897,,102.00889331838403,,108.24140387896249,,122.28785869843337,,114.24833507959535,,110.17435309215786,,,blank,,blank,,blank,,blank,,blank,,blank,104.46886086652746,,120.36516016724484,,134.13560219462147,,132.38294027273275,,139.85108012734423,,149.68689764369066,,149.04395773746322,,153.41255499384263,,151.46616414236996,,159.2659337692559,,163.13953694554456,,168.10899838124044,,165.59642885776924,,169.88111549703282,,180.8013410059352,,189.77557369886406,,198.5070748598126,,210.78398968397784,,225.857251712072,,233.6323216737556,,242.41380765936702,,250.52282007132948,,263.5600021559306,,283.4037551063543,,297.83234367244995,,312.4551872771003,,332.22593546222777,,356.8176300040726,,367.9813457361459,,357.3220243201146,,377.7432041381999,,381.96118344198914,,393.73459941158575,,405.3232046122737,,421.5679218952018,,414.58849324715885,,424.89081649746197,,423.8657440112136,,428.72455487059773,,437.7956827370492,,446.90754431590375,,456.19705792485775,,477.6604228876677,,495.0321513621813,,512.0441510821978,
