year,agricultureValueAddedCurrentPrices,agricultureValueAddedCurrentPrices_state,fisheriesValueAddedCurrentPrices,fisheriesValueAddedCurrentPrices_state,industryValueAddedCurrentPrices,industryValueAddedCurrentPrices_state,servicesValueAddedCurrentPrices,servicesValueAddedCurrentPrices_state,grossDomesticProductValueAddedCurrentPrices,grossDomesticProductValueAddedCurrentPrices_state,agricultureValueAddedPriceIndex,agricultureValueAddedPriceIndex_state,fisheriesValueAddedPriceIndex,fisheriesValueAddedPriceIndex_state,industryValueAddedPriceIndex,industryValueAddedPriceIndex_state,servicesValueAddedPriceIndex,servicesValueAddedPriceIndex_state,grossDomesticProductValueAddedPriceIndex,grossDomesticProductValueAddedPriceIndex_state,agricultureValueAddedConstant1913Prices,agricultureValueAddedConstant1913Prices_state,fisheriesValueAddedConstant1913Prices,fisheriesValueAddedConstant1913Prices_state,industryValueAddedConstant1913Prices,industryValueAddedConstant1913Prices_state,servicesValueAddedConstant1913Prices,servicesValueAddedConstant1913Prices_state,grossDomesticProductValueAddedConstant1913Prices,grossDomesticProductValueAddedConstant1913Prices_state,housingValueAddedAdjustmentCurrentPrices,housingValueAddedAdjustmentCurrentPrices_state,servicesValueAddedHousingAdjustmentNominal,servicesValueAddedHousingAdjustmentNominal_state,servicesValueAddedHousingAdjustmentReal,servicesValueAddedHousingAdjustmentReal_state,grossDomesticProductValueAddedHousingAdjustmentNominal,grossDomesticProductValueAddedHousingAdjustmentNominal_state,grossDomesticProductValueAddedHousingAdjustmentReal,grossDomesticProductValueAddedHousingAdjustmentReal_state,agricultureEmployment,industryEmployment,servicesEmployment,totalEmployment,agricultureLabourInputManHours,industryLabourInputManHours,servicesLabourInputManHours,totalLabourInput,agricultureRealValueAddedProductivity,agricultureRealValueAddedProductivity_state,industryRealValueAddedProductivity,industryRealValueAddedProductivity_state,servicesRealValueAddedProductivity,servicesRealValueAddedProductivity_state,grossDomesticProductRealValueAddedProductivity,grossDomesticProductRealValueAddedProductivity_state,agricultureRealValueAddedPerWorker,agricultureRealValueAddedPerWorker_state,industryRealValueAddedPerWorker,industryRealValueAddedPerWorker_state,servicesRealValueAddedPerWorker,servicesRealValueAddedPerWorker_state,grossDomesticProductRealValueAddedPerWorker,grossDomesticProductRealValueAddedPerWorker_state,agricultureRealValueAddedPerManHour,agricultureRealValueAddedPerManHour_state,industryRealValueAddedPerManHour,industryRealValueAddedPerManHour_state,servicesRealValueAddedPerManHour,servicesRealValueAddedPerManHour_state,grossDomesticProductRealValueAddedPerManHour,grossDomesticProductRealValueAddedPerManHour_state,agricultureNominalValueAddedPerManHour,agricultureNominalValueAddedPerManHour_state,industryNominalValueAddedPerManHour,industryNominalValueAddedPerManHour_state,servicesNominalValueAddedPerManHour,servicesNominalValueAddedPerManHour_state,agricultureRelativeProductivityWorkerGdp100,agricultureRelativeProductivityWorkerGdp100_state,industryRelativeProductivityWorkerGdp100,industryRelativeProductivityWorkerGdp100_state,servicesRelativeProductivityWorkerGdp100,servicesRelativeProductivityWorkerGdp100_state,relativeProductivityWorkerGdp100StandardDeviationSeries,relativeProductivityWorkerGdp100StandardDeviationSeries_state,relativeProductivityWorkerGdp100StandardDeviationFiveYearAverage,relativeProductivityWorkerGdp100StandardDeviationFiveYearAverage_state,agricultureRelativeProductivityWorkerIndustry100,agricultureRelativeProductivityWorkerIndustry100_state,agricultureRelativeProductivityWorkerIndustry100FiveYearAverage,agricultureRelativeProductivityWorkerIndustry100FiveYearAverage_state,agricultureRelativeProductivityManHourGdp100,agricultureRelativeProductivityManHourGdp100_state,industryRelativeProductivityManHourGdp100,industryRelativeProductivityManHourGdp100_state,servicesRelativeProductivityManHourGdp100,servicesRelativeProductivityManHourGdp100_state,relativeProductivityManHourGdp100StandardDeviationSeries,relativeProductivityManHourGdp100StandardDeviationSeries_state,relativeProductivityManHourGdp100StandardDeviationFiveYearAverage,relativeProductivityManHourGdp100StandardDeviationFiveYearAverage_state,agricultureRelativeProductivityManHourIndustry100,agricultureRelativeProductivityManHourIndustry100_state,agricultureRelativeProductivityManHourIndustry100FiveYearAverage,agricultureRelativeProductivityManHourIndustry100FiveYearAverage_state
1800,,blank,,blank,,blank,,blank,,blank,,blank,,blank,,blank,,blank,,blank,,blank,,blank,,blank,,blank,,blank,,blank,,blank,,blank,,blank,,blank,371511,217156,265575,854242,953041.1639146915,701025.9922904653,857332.8754560791,2511400.0316612357,,blank,,blank,,blank,,blank,,blank,,blank,,blank,,blank,,blank,,blank,,blank,,blank,,blank,,blank,,blank,,blank,,blank,,blank,,blank,,blank,,blank,,blank,,blank,,blank,,blank,,blank,,blank,,blank,,blank
1801,,blank,,blank,,blank,,blank,,blank,,blank,,blank,,blank,,blank,,blank,,blank,,blank,,blank,,blank,,blank,,blank,,blank,,blank,,blank,,blank,372107,218728,265988,856823,954908.8319267352,705687.0997340089,858163.1079882297,2518759.039648974,,blank,,blank,,blank,,blank,,blank,,blank,,blank,,blank,,blank,,blank,,blank,,blank,,blank,,blank,,blank,,blank,,blank,,blank,,blank,,blank,,blank,,blank,,blank,,blank,,blank,,blank,,blank,,blank,,blank
1802,,blank,,blank,,blank,,blank,,blank,,blank,,blank,,blank,,blank,,blank,,blank,,blank,,blank,,blank,,blank,,blank,,blank,,blank,,blank,,blank,372699,220308,266398,859405,956767.4519388273,710357.0811189767,858968.8331605443,2526093.366218348,,blank,,blank,,blank,,blank,,blank,,blank,,blank,,blank,,blank,,blank,,blank,,blank,,blank,,blank,,blank,,blank,,blank,,blank,,blank,,blank,,blank,,blank,,blank,,blank,,blank,,blank,,blank,,blank,,blank
1803,,blank,,blank,,blank,,blank,,blank,,blank,,blank,,blank,,blank,,blank,,blank,,blank,,blank,,blank,,blank,,blank,,blank,,blank,,blank,,blank,373287,221897,266806,861990,958616.987950967,715038.5848743438,859752.8793809027,2533408.4522062135,,blank,,blank,,blank,,blank,,blank,,blank,,blank,,blank,,blank,,blank,,blank,,blank,,blank,,blank,,blank,,blank,,blank,,blank,,blank,,blank,,blank,,blank,,blank,,blank,,blank,,blank,,blank,,blank,,blank
1804,,blank,,blank,,blank,,blank,,blank,,blank,,blank,,blank,,blank,,blank,,blank,,blank,,blank,,blank,,blank,,blank,,blank,,blank,,blank,,blank,374312,223758,267525,865595,961590.3479631114,720577.963151102,861522.8040650995,2543691.115179313,,blank,,blank,,blank,,blank,,blank,,blank,,blank,,blank,,blank,,blank,,blank,,blank,,blank,,blank,,blank,,blank,,blank,,blank,,blank,,blank,,blank,,blank,,blank,,blank,,blank,,blank,,blank,,blank,,blank
1805,,blank,,blank,,blank,,blank,,blank,,blank,,blank,,blank,,blank,,blank,,blank,,blank,,blank,,blank,,blank,,blank,,blank,,blank,,blank,,blank,375657,225826,268473,869956,965388.0599753105,726763.7562580504,864012.318926375,2556164.135159736,,blank,,blank,,blank,,blank,,blank,,blank,,blank,,blank,,blank,,blank,,blank,,blank,,blank,,blank,,blank,,blank,,blank,,blank,,blank,,blank,,blank,,blank,,blank,,blank,,blank,,blank,,blank,,blank,,blank
1806,,blank,,blank,,blank,,blank,,blank,,blank,,blank,,blank,,blank,,blank,,blank,,blank,,blank,,blank,,blank,,blank,,blank,,blank,,blank,,blank,377359,228125,269677,875161,970106.0999875949,733671.1894746075,867306.2810474247,2571083.570509627,,blank,,blank,,blank,,blank,,blank,,blank,,blank,,blank,,blank,,blank,,blank,,blank,,blank,,blank,,blank,,blank,,blank,,blank,,blank,,blank,,blank,,blank,,blank,,blank,,blank,,blank,,blank,,blank,,blank
1807,119.29741856448038,,1.36,,142.71345218777395,,226.9275605217955,,490.29843127404985,,76.95776615633685,,36.3,,179.1,,146.2107695770793,,128.36949798606264,,155.0167377807356,,3.7465564738292017,,79.68366956324621,,155.2057766867604,,381.94309315386016,,19.7388252,,207.1887353217955,,141.70552273344668,,470.55960607404984,,366.5665235561952,,377238,229335,269577,876150,970139.196,737055.7282805806,866388.785238599,2573583.7095191795,158.7632942545648,,79.68366956324621,,141.70552273344668,,366.5665235561952,,420.85710944964404,,347.4553363561873,,525.6588015054945,,418.3832945913316,,0.16365001528560527,,0.10811077983090096,,0.16355881464280694,,0.1424342725672135,,0.12437124390187032,,0.1936264066771436,,0.26192347406632327,,59.55283179914432,,115.86663481797392,,143.10246846642826,,42.60981270436222,,,blank,51.39774007651263,,,blank,68.02109724397391,,105.8981177994728,,130.79073269764402,,31.60785265725639,,,blank,64.23258378659546,,,blank
1808,94.57299195923848,,1.36,,135.14225781747734,,205.16927226945504,,436.24452204617086,,71.20596946881457,,44.6,,177.4,,152.2938250853515,,128.57038045729698,,132.81610048249922,,3.04932735426009,,76.17940124998722,,134.7193638051116,,339.3040609310975,,19.680976623316237,,185.4882956461388,,121.79633385804303,,416.56354542285465,,323.99650988138046,,375653,229656,268431,873740,966405.8880123578,737566.3680442786,862096.6913143733,2566068.9473710097,135.86542783675932,,76.17940124998722,,121.79633385804303,,323.99650988138046,,361.6780055976109,,331.7109121903509,,453.7342328495704,,370.81570018698983,,0.14058836925776466,,0.10328480873115668,,0.14127920346423023,,0.12626181000059314,,0.09926780574210632,,0.18322725068907195,,0.23798870165787211,,53.56512037191518,,123.4281817498423,,144.9388458448807,,47.77152869250759,,,blank,43.3978039800328,,,blank,61.14986214885933,,112.86963621075303,,132.54019115726788,,36.87466347156275,,,blank,54.17742468371101,,,blank
1809,107.62328379715798,,1.36,,112.0867886355101,,186.81201034442384,,407.8820827770919,,66.3259284442164,,53,,169.9,,150.24763561939656,,121.81627719473344,,162.26427028107844,,2.566037735849057,,65.97221226339617,,124.33607329279457,,334.83381053014654,,19.767502572281447,,167.0445077721424,,111.17945855420663,,388.11458020481047,,318.60650246631417,,375299,230731,268165,874195,965837.8080247011,740481.6075824416,860617.9936694482,2566937.4092765907,164.8303080169275,,65.97221226339617,,111.17945855420663,,318.60650246631417,,439.1973013968262,,285.9269550402684,,414.5934725046394,,364.4570175605147,,0.17066044282738618,,0.08909365416756979,,0.12918560775166546,,0.1241193109403097,,0.11283807994641142,,0.15137011843070106,,0.21706728388039703,,65.40799588698239,,109.42003220952472,,140.30671825135846,,37.64054845446921,,,blank,59.77698467656711,,,blank,74.6295819272074,,100.11415171296842,,128.3740078824661,,26.884152981345334,,,blank,74.54448811709818,,,blank
1810,,blank,,blank,,blank,,blank,,blank,68.60873368540479,,,blank,,blank,,blank,,blank,,blank,,blank,,blank,,blank,,blank,,blank,,blank,,blank,,blank,,blank,375784,232329,268499,876612,967429.1640371126,745054.8281731504,861048.2389613985,2573532.2311716615,,blank,,blank,,blank,,blank,,blank,,blank,,blank,,blank,,blank,,blank,,blank,,blank,,blank,,blank,,blank,,blank,,blank,,blank,,blank,,blank,,blank,,blank,,blank,,blank,,blank,,blank,,blank,,blank,,blank
1811,,blank,,blank,,blank,,blank,,blank,70.9323105141394,,,blank,,blank,,blank,,blank,,blank,,blank,,blank,,blank,,blank,,blank,,blank,,blank,,blank,,blank,376167,233874,268759,878800,968758.8240495516,749435.8482730029,861222.8342868555,2579417.50660941,,blank,,blank,,blank,,blank,,blank,,blank,,blank,,blank,,blank,,blank,,blank,,blank,,blank,,blank,,blank,,blank,,blank,,blank,,blank,,blank,,blank,,blank,,blank,,blank,,blank,,blank,,blank,,blank,,blank
1812,,blank,,blank,,blank,,blank,,blank,81.34662790593494,,,blank,,blank,,blank,,blank,,blank,,blank,,blank,,blank,,blank,,blank,,blank,,blank,,blank,,blank,376575,235445,269038,881058,970153.7160620288,753877.3278101162,861439.6080586889,2585470.651930834,,blank,,blank,,blank,,blank,,blank,,blank,,blank,,blank,,blank,,blank,,blank,,blank,,blank,,blank,,blank,,blank,,blank,,blank,,blank,,blank,,blank,,blank,,blank,,blank,,blank,,blank,,blank,,blank,,blank
1813,,blank,,blank,,blank,,blank,,blank,77.31922479702541,,,blank,,blank,,blank,,blank,,blank,,blank,,blank,,blank,,blank,,blank,,blank,,blank,,blank,,blank,378077,237714,270098,885889,974368.9080747579,760528.3200433698,864135.8026328869,2599033.0307510146,,blank,,blank,,blank,,blank,,blank,,blank,,blank,,blank,,blank,,blank,,blank,,blank,,blank,,blank,,blank,,blank,,blank,,blank,,blank,,blank,,blank,,blank,,blank,,blank,,blank,,blank,,blank,,blank,,blank
1814,120.08635520463257,,1.496,,86.74517762023875,,,blank,,blank,69.0829236174389,,63.9,,154.9,,,blank,,blank,,blank,,blank,,blank,,blank,,blank,,blank,,blank,,blank,,blank,,blank,378256,239165,270213,887634,975176.1600872896,764536.3608212969,863787.1915481158,2603499.7124567023,,blank,,blank,,blank,,blank,,blank,,blank,,blank,,blank,,blank,,blank,,blank,,blank,,blank,,blank,,blank,,blank,,blank,,blank,,blank,,blank,,blank,,blank,,blank,,blank,,blank,,blank,,blank,,blank,,blank
1815,117.21183072160215,,2.04,,113.76863756058783,,237.9331386190675,,470.9536069012575,,65.72904753198516,,60.6,,154.3,,145.50027153988782,,117.92181436131594,,178.32577090754947,,3.3663366336633667,,73.73210470550086,,163.5276251383764,,399.3778500203887,,18.952979120328582,,218.9801594987389,,150.50154696014235,,452.00062778092894,,383.30535383045043,,383521,243857,273960,901338,989100.6601011842,778871.5489392162,875019.5792919114,2642991.788332312,181.69210754121283,,73.73210470550086,,150.50154696014235,,383.30535383045043,,473.74748068870497,,302.357958580237,,549.3559167766913,,425.2626138368187,,0.1836942536491947,,0.094665294689375,,0.171997919271626,,0.1450270695212074,,0.12056591966019192,,0.14606854970570562,,0.27191750247646934,,62.00469120393114,,93.0327746292075,,159.39190210987906,,49.75028410150287,,,blank,66.64822311390556,,,blank,70.4987373975646,,85.41093832128499,,146.33350423308926,,40.17637082221744,,,blank,82.54064266613476,,,blank
1816,134.7311810306985,,1.768,,124.2860898269643,,247.49089558746692,,508.2761664451297,,79.86164529758165,,57.5,,156.5,,164.2893136902188,,131.75407539000713,,168.70574169698256,,3.074782608695652,,79.41603183831585,,150.6433315888894,,385.7764285017933,,19.33002228498893,,228.160873302478,,138.87748885036694,,488.94614416014076,,371.10513865533517,,388453,248383,277470,914306,1002175.8001153369,792633.6420583084,885455.3518635288,2680264.7940371744,171.7805243056782,,79.41603183831585,,138.87748885036694,,371.10513865533517,,442.2170103092992,,319.7321549313594,,500.51352885128824,,405.88723978114024,,0.17140757568273807,,0.10019260806554788,,0.15684301705115392,,0.13845838645530037,,0.1362028308955268,,0.1568014316225824,,0.2795069170530143,,65.7085842486511,,93.56883037760474,,153.7643584069562,,45.00650744006682,,,blank,70.22486439498998,,,blank,74.66254859715472,,85.95412027525619,,141.25088561246412,,35.63527857377755,,,blank,86.86325723311253,,,blank
1817,158.6264006576458,,1.904,,117.16551490205286,,273.3755817492386,,551.0714973089373,,102.1294589228531,,54.5,,151.2,,163.39012718158665,,140.37131499217256,,155.31894747182548,,3.493577981651376,,77.49041990876513,,167.3146269391281,,392.5812744146953,,19.605776223931617,,253.769805525307,,155.31526286363388,,531.4657210850057,,378.6141927320703,,391045,251447,279308,921800,1009220.952129053,801690.5329119324,890519.9877770107,2701431.472817996,158.81252545347687,,77.49041990876513,,155.31526286363388,,378.6141927320703,,406.1234012798447,,308.17794568543326,,556.0716587553305,,410.7335568800936,,0.15736150257131096,,0.09665876884849985,,0.17440963144616733,,0.1401531730646194,,0.15906368205990057,,0.14614805849893173,,0.30698421764980394,,71.20196805033201,,80.81924564887252,,157.58613982802447,,47.34249888496657,,47.31054708243365,,88.10026309782232,,75.1942520365131,,80.85180658908422,,74.28681648822875,,144.848823525936,,38.982291084177966,,38.279411690635,,108.83735555136589,,92.85150009606474,
1818,140.6721007147372,,0.952,,123.58569365484969,,259.44690266379484,,524.6566970333818,,85.60998579743288,,51.8,,159.1,,151.18428798662424,,130.1255775794135,,164.31739756106282,,1.8378378378378377,,77.67799726891873,,171.60969973728285,,403.19259809870385,,19.89118581172673,,239.55571685206812,,158.45278635916344,,504.76551122165506,,387.90645206827617,,394946,255384,282080,932410,1019650.4881434256,812139.0782500632,897034.2354759024,2728823.8018693915,166.15523539890066,,77.67799726891873,,158.45278635916344,,387.90645206827617,,420.7036794875772,,304.16156559893625,,561.7299573141075,,416.02562399403286,,0.1629531269106096,,0.0956461760666578,,0.17664073464832664,,0.14215152030062891,,0.13889475105592863,,0.15217306612205256,,0.2892274256691561,,66.23944647909342,,89.39058176690817,,156.87418901342838,,47.089752718226755,,46.327506564001304,,74.10114708931769,,75.0674628941081,,75.08819327192604,,82.26661204175531,,144.3721227878868,,38.09830934622841,,37.35514201248423,,91.27420153611556,,92.55541615072495,
1819,122.62240640172054,,0.816,,104.3844113190919,,226.78903496391777,,454.61185268473025,,71.64650340172255,,46,,152.5,,136.91279799994513,,116.74504536979204,,171.1491846492154,,1.7739130434782608,,68.44879430760125,,165.64487635699962,,389.4056927595848,,20.220927171323464,,206.5681077925943,,150.8756747434795,,434.3909255134068,,372.08510574257406,,399419,259730,285261,944410,1031564.5801582922,826465.0822908571,907705.1393345867,2765734.801783736,172.9230976926937,,68.44879430760125,,150.8756747434795,,372.08510574257406,,432.93658462089604,,263.5382678458447,,528.9039677470089,,393.9868338354889,,0.16763186815328507,,0.08282115696632919,,0.16621661397012938,,0.13453390596329087,,0.11966134624628065,,0.12630226437365202,,0.24984879465392307,,67.18950152649421,,87.37624232003768,,157.43478804325096,,47.363692267405234,,47.634419173512654,,76.89676248652992,,71.28497282841406,,76.18749156660681,,80.41571487927371,,144.89328782294905,,38.50480862677364,,38.59797190202143,,94.74204349359495,,87.79625263415696,
1820,114.47140641324741,,0.68,,114.06708972910454,,216.48728099443647,,445.70577713678847,,60.61816685299497,,47.2,,154.2,,121.79279315909565,,105.62947789155564,,188.84009919147152,,1.4406779661016949,,73.97346934442578,,177.75048537694934,,421.95207818254266,,20.496917457310925,,195.99036353712555,,160.92115013825736,,425.20885967947754,,402.54753518332984,,403634,263947,288258,955839,1042820.4481733545,837352.7422042439,914477.6290782276,2794650.8194558257,190.28077715757323,,73.97346934442578,,160.92115013825736,,402.54753518332984,,471.419100367098,,280.2587994727191,,558.2538910915131,,421.14575277147077,,0.18246743961616455,,0.08834206376359183,,0.17597057054360335,,0.14404215810464432,,0.11042304225521389,,0.13622346232345858,,0.2367332716631359,,64.13039966524136,,97.1462571268173,,152.83956431969943,,44.83508150934115,,49.216439787659354,,66.01427740188058,,62.76938644271273,,72.57465090401851,,89.53176819935801,,140.85973921258486,,35.55502243146358,,39.92631838996672,,81.06022293943582,,77.20435858168608,
1821,88.77315695480327,,0.816,,114.81513212553607,,205.69394785988965,,410.09823694022896,,48.42687402160801,,46,,154,,115.13891977838864,,97.643242494994,,183.3138288364283,,1.7739130434782608,,74.55528060099745,,178.64849544862415,,419.99653684304263,,20.92677890216112,,184.76716895772853,,160.4732520622527,,389.17145803806784,,398.56466058879596,,409450,269257,292397,971104,1058221.9441894467,855314.1237336629,928819.9892197856,2842356.057142895,185.0877418799066,,74.55528060099745,,160.4732520622527,,398.56466058879596,,452.03991178387247,,276.89263640684345,,548.8197623855672,,410.4242806010437,,0.1749044639418019,,0.08716713372572962,,0.1727711008858145,,0.14022334027687886,,0.0846600823643142,,0.13423738593762363,,0.22145727939455073,,54.5983270820259,,106.40373889103414,,157.68001536842488,,51.541070487623514,,50.408650191326856,,51.31241406651969,,57.108037272237326,,61.83241163664335,,98.04173433949789,,145.28833609155902,,41.849428021463524,,41.010510751573605,,63.067439650272526,,70.15560771393962,
1822,80.61832045804196,,0.544,,117.90476953618811,,206.87709813725763,,405.9441881314877,,44.070707543591446,,44.8,,150.8,,112.58244076862734,,94.43839326383832,,182.92948979387353,,1.2142857142857144,,78.18618669508494,,183.75609617703972,,429.8507991314259,,21.304099190358404,,185.57299894689922,,164.83298610329268,,384.6400889411293,,407.292072268253,,414750,274276,296167,985193,1072300.164205679,870428.8013655618,939901.0005032679,2882629.9660745086,184.14377550815925,,78.18618669508494,,164.83298610329268,,407.292072268253,,443.9874032746456,,285.06390167234804,,556.5541944352095,,413.41348575177955,,0.1717278255240838,,0.08982490764600559,,0.17537271054614606,,0.1412918331737503,,0.07568992635393659,,0.1354559607301765,,0.22010520046950238,,50.122743168643446,,110.10583570998782,,160.48885958129202,,55.252601955700065,,52.39141632412958,,45.52233116931581,,51.01785814337059,,56.724729457730696,,101.51552651704525,,147.9677346387657,,45.62402352390444,,42.944843550640385,,55.87788528901159,,62.49262808971355,
1823,90.64001743521773,,0.544,,132.41741138521965,,220.94322287130146,,444.54465169173886,,48.46950548993337,,37.3,,144.7,,115.79291134865181,,97.12595097568,,187.00421330694772,,1.4584450402144775,,91.51168720471297,,190.80893665938032,,457.6991496361784,,21.659318574183253,,199.2839042971182,,172.10371686490848,,422.8853331175556,,435.3989112790717,,420409,279583,300193,1000185,1087316.7362224634,884721.4005247831,949940.3446838191,2921978.4814310656,188.4626583471622,,91.51168720471297,,172.10371686490848,,435.3989112790717,,448.2840718137866,,327.31491973658257,,573.310226637225,,435.3183773792565,,0.17332820517590472,,0.10343559808820237,,0.18117318400893057,,0.1490082538410177,,0.08386150456214592,,0.1496713104336288,,0.23258641882911169,,51.298472351402445,,112.01909177932853,,157.0107457544954,,53.050804736564324,,54.100289452488276,,45.794401236940594,,48.461948793707855,,57.94514317736004,,103.41724200992317,,144.95402554984454,,43.51927115426284,,44.73374476554974,,56.030447197383225,,59.16214982762519,
1824,80.4745819525573,,0.816,,117.04919222281039,,214.29924274415697,,412.6390169195247,,40.30981741956645,,33.6,,137.7,,110.15191802876838,,89.2248628615731,,199.64015494025733,,2.4285714285714284,,85.00304446100974,,194.54880730101172,,462.47088948705783,,22.245455921417623,,192.05378682273934,,174.35355666941783,,390.3935609981071,,437.5389868671233,,427259,285737,305070,1018066,1105425.2402403038,898143.3216013219,958911.8074345123,2962480.369276138,202.06872636882875,,85.00304446100974,,174.35355666941783,,437.5389868671233,,472.942000914735,,297.48700539660507,,571.519836986324,,429.774677542638,,0.18279727928494005,,0.09464307356809791,,0.18182439231391473,,0.14769346369509714,,0.07353783774186835,,0.13032351230327083,,0.22348170194868758,,49.6160630403552,,106.82557224936708,,164.17108199306213,,57.27752293141885,,53.8718798407272,,46.44586684219627,,49.15071357812947,,55.80378942529618,,98.89529065655593,,151.98371072804017,,48.176472622107546,,44.59801496995174,,56.42714537246457,,59.89612014237726,
1825,94.93605740207529,,0.884,,121.05230119084527,,224.76222538443656,,441.6345839773571,,47.839222294811066,,35.5,,147.8,,115.54931783317963,,96.50332677863841,,198.44816208973498,,2.4901408450704228,,81.9027748246585,,194.51627201203328,,457.6366418852988,,22.796119097020735,,201.9661062874158,,174.78779630616035,,418.8384648803364,,434.01453489896556,,433255,291377,309336,1033968,1121336.1722581014,912412.3043111977,968648.769691529,3002397.2462608283,200.9383029348054,,81.9027748246585,,174.78779630616035,,434.01453489896556,,463.78761453371663,,281.08867489423835,,565.041884249361,,419.75625444788,,0.1791954169552597,,0.08976509242330845,,0.18044496805774335,,0.1445559995232094,,0.08545167789345165,,0.1326728066016499,,0.23203686663021644,,54.597578604545596,,102.56007297162377,,161.17904058834006,,53.379447151134634,,51.52680464168907,,53.234730653566906,,51.45983697488223,,61.25509090216119,,95.10503513766227,,149.4630207883137,,44.49952850601032,,42.3349719969837,,64.4078316289941,,62.58168429291936,
1826,96.89522653726883,,1.02,,120.93844780522286,,217.27639819510128,,436.1300725375929,,50.97485319821157,,37.3,,132.2,,109.5858672056727,,93.10193228321418,,190.08436603142263,,2.7345844504021453,,91.48142799184787,,198.27045561204812,,468.4436314499834,,23.127721945748796,,194.1486762493525,,177.1657981087751,,413.0023505918441,,443.6023404278005,,436088,294932,311344,1042364,1129068.9722743193,930686.0521212195,982475.6832477619,3042230.7076433008,192.81895048182477,,91.48142799184787,,177.1657981087751,,443.6023404278005,,442.1560567633706,,310.17803423110365,,569.0355301813271,,425.57335098660405,,0.17077694562221782,,0.09829461587325115,,0.18032588605462435,,0.14581482571762028,,0.08672209487790201,,0.129945482184438,,0.22115193475003112,,56.66866441805958,,103.49261837496762,,157.38408496290694,,50.39902242881815,,50.81351850239189,,54.75623798862777,,52.312346883598444,,63.88065823127529,,95.71958504703474,,145.56341835970508,,41.17077904347358,,41.68438566868072,,66.73729122403276,,63.54013418765554,
1827,114.28191263903409,,0.884,,137.2514081902127,,222.90904859972474,,475.3263694289715,,58.74987614672504,,31.7,,128.2,,108.61420879837169,,95.20223165044914,,194.52281457346464,,2.7886435331230284,,107.06038080359805,,205.23009932662376,,499.2807008707648,,23.439365350289364,,199.46968324943538,,183.6497134732392,,451.88700407868214,,474.66009592911706,,438476,298216,313034,1049726,1135654.5842904414,938011.3771894366,984620.0520666833,3058286.0135465614,197.31145810658768,,107.06038080359805,,183.6497134732392,,474.66009592911706,,449.9937467651312,,359.002806031863,,586.6765701912226,,452.17523042119285,,0.17374249251137236,,0.11413548215628584,,0.18651835607833175,,0.1552046125923567,,0.1014092790467534,,0.14632168812435842,,0.226390929305011,,61.01325978486116,,106.9133581274003,,148.02377982983447,,43.527225960509384,,48.52159295815689,,57.06794815307964,,53.90312167364499,,68.63188738628234,,99.02775876053525,,137.10600262264782,,34.30880865906423,,39.36172065411961,,69.30570604172217,,65.48155618899924,
1828,100.87936948113412,,0.816,,138.9499251871625,,227.00359097025213,,467.6488856385488,,52.17625769468814,,32.7,,130.2,,102.42449501059161,,90.62915879486631,,193.34343614951183,,2.495412844036697,,106.72037264759027,,221.6301783540919,,516.0026771262923,,23.927939695514212,,203.07565127473794,,198.26863803794012,,443.72094594303456,,489.60064491757055,,443142,303085,316349,1062576,1148146.8363083182,954157.88498383,995914.9834427623,3098219.7047349107,195.83884899354854,,106.72037264759027,,198.26863803794012,,489.60064491757055,,441.9324934074146,,352.11367321903185,,626.740207928396,,460.76764854238246,,0.17056951497879566,,0.11184770814884461,,0.19908189085834266,,0.15802644472544325,,0.0885734875237032,,0.14562571600979565,,0.22793470802650959,,54.95514237870815,,109.78523765792885,,153.72392370597393,,49.48437404007843,,46.39479854314736,,50.05695078052164,,54.497450139017516,,61.8452040346681,,101.68112796631472,,142.37635488419656,,40.266339512747955,,37.12069043036388,,60.82269667106407,,66.30420779296917,
1829,110.57926760640174,,0.612,,140.58275446120302,,227.32345022426045,,479.0974722918652,,57.556535849239246,,32.7,,124.2,,103.50407027304199,,91.94248516078271,,192.1228683672826,,1.8715596330275228,,113.19062355974478,,219.62754665066316,,521.0838835322456,,24.15227867740018,,203.17117154686028,,196.2929293610369,,454.945193614465,,494.814984409969,,446237,306919,318543,1071699,1156576.0323253712,967079.1569705022,1003705.5245809306,3127360.7138768043,193.9944280003101,,113.19062355974478,,196.2929293610369,,494.814984409969,,434.73407180558786,,368.7964041318549,,616.2211361136076,,461.7107829810133,,0.1677316688037117,,0.11704380426761415,,0.19556824641669035,,0.15822127016380405,,0.09613831213746016,,0.1453684049003768,,0.22648420742644915,,58.697397808669514,,107.90014245222035,,150.24767605240027,,45.817895210243854,,45.58827443934173,,54.39974079242901,,56.687904521383714,,66.08690116900247,,99.92839684984862,,139.1472620620511,,36.563147549301945,,36.38948287370909,,66.13425537918313,,68.95296511858656,
1830,108.97407630466087,,1.224,,135.60718646763866,,213.04045101998713,,458.8457137922867,,65.80905483757657,,32.7,,123.1,,105.20709067573343,,95.46402590366522,,165.59131045662326,,3.7431192660550456,,110.16018397046194,,202.4962858032211,,480.64777223549913,,24.409003720410425,,188.6314472995767,,179.29537456840404,,434.4367100718763,,455.0789744717823,,449981,311235,321200,1082416,1166693.7723431366,983761.5234302436,1015259.2135389473,3165714.509312328,169.3344297226783,,110.16018397046194,,179.29537456840404,,455.0789744717823,,376.3146215566397,,353.9453595208185,,558.2047776102244,,420.42890577354945,,0.14514042479424094,,0.11197854494893056,,0.17660058847771876,,0.14375237347938769,,0.09445329950064266,,0.13784558883213352,,0.2098384808322791,,61.01653253615334,,108.55803230249114,,146.32086080069536,,42.74547507608699,,48.2161903552814,,56.20637298042954,,58.46805737226144,,68.82755847960837,,100.44726205075733,,135.38869060730534,,33.29437738723168,,39.11574221146641,,68.52108964884368,,71.11617345809384,
1831,127.9781003186784,,0.816,,136.33432738224906,,249.02410953177636,,514.1525372327038,,68.1075368977897,,31.7,,122,,112.51428454248376,,99.02790427862645,,187.90592957536788,,2.5741324921135647,,111.74944867397463,,221.32666136071683,,519.1996548630134,,24.190685968998235,,224.83342356277814,,199.82655933601416,,489.96185126370557,,494.77150388353294,,451847,314284,322517,1088648,1171947.600359668,992212.5063219228,1018204.5567112153,3182364.6633928064,190.48006206748144,,111.74944867397463,,199.82655933601416,,494.77150388353294,,421.5587622967098,,355.5683670628305,,619.5845779788791,,454.4825360295825,,0.1625329170084256,,0.11262652704129249,,0.19625384508339935,,0.15547291282327258,,0.10989749053554254,,0.13740436299037684,,0.2445717885373842,,63.33295890980967,,96.38471334345009,,154.89360023517014,,46.366401909789985,,49.062954081111386,,65.70850990045872,,59.58731039431676,,71.3798206072218,,89.24588480690248,,143.42125347882038,,37.51474126019966,,40.03999456858467,,79.98107785211977,,72.43283200270471,
1832,123.68786664899736,,0.816,,132.0115443298021,,278.8095095814476,,535.324920560247,,62.36885816892213,,34.4,,124.4,,114.15533255155222,,98.11027676669993,,198.31670849897003,,2.372093023255814,,106.11860476672193,,244.23695621537266,,545.6359294890342,,23.998953708448234,,254.8105558729994,,223.21388775940684,,511.3259668517988,,521.1747267492678,,453078,316913,323380,1093371,1175557.452375808,998673.085328979,1019052.2393643848,3193282.777069172,200.68880152222584,,106.11860476672193,,223.21388775940684,,521.1747267492678,,442.9453681755147,,334.8509047174522,,690.2526060962547,,476.66777950875576,,0.17071798670208135,,0.10625960219180709,,0.2190406724375901,,0.16320970084196784,,0.10591049071857302,,0.13218694512660806,,0.2735968764028721,,58.75969962162976,,89.07207292252318,,168.4899343457717,,56.66680554020776,,50.84526504180572,,65.96871240746832,,58.49690473315752,,66.14218088802579,,82.55209447411622,,156.15665518583256,,47.94010534785082,,41.886446998433584,,80.12174773925855,,71.06818836892795,
1833,101.72741518785465,,0.884,,129.69078105654322,,238.42189263754355,,470.7240888819414,,51.01310317815518,,37.3,,119.5,,101.65830477434325,,87.44657203561096,,199.4142854485597,,2.3699731903485257,,108.52785025652152,,234.5326268884596,,538.2990755661044,,24.243757525405695,,214.17813511213785,,210.6843465347581,,446.4803313565357,,510.5749956381539,,456652,321210,325914,1103776,1185251.0163940634,1009769.5089619335,1024557.2047689038,3219577.730124901,201.78425863890823,,108.52785025652152,,210.6843465347581,,510.5749956381539,,441.8775317723523,,337.871953726601,,646.441535296913,,462.57120614885076,,0.1702460118978042,,0.10747784449155201,,0.2056345370996434,,0.15858445996219092,,0.08657357282850806,,0.12843602416740466,,0.23270725297502673,,55.550622263906014,,99.81565552816663,,162.4616019248648,,53.718192669228344,,51.70133488170818,,55.653215890798194,,57.6174446752167,,62.428359665732145,,92.61544890427713,,150.74242725113817,,44.88760129833922,,42.812405864005655,,67.40598939411835,,69.92154348052686,
1834,94.76038816840548,,1.02,,138.41551135002177,,236.26335180141615,,470.4592513198434,,47.2942286230823,,32.7,,122.7,,99.45239604685635,,85.8746076312562,,200.36353467906437,,3.1192660550458715,,112.8080777098792,,237.56426309739408,,547.8444260729385,,23.785950921263503,,212.47740088015266,,213.64734217167106,,446.6733003985799,,520.1459578325946,,460115,325467,328370,1113952,1194663.1204124691,1023974.5074224713,1033107.8388970831,3251745.4667320233,203.48280073411024,,112.8080777098792,,213.64734217167106,,520.1459578325946,,442.24335380091986,,346.60373466397266,,650.6299058125622,,466.9374962589004,,0.1703265106767972,,0.1101668810035491,,0.20680062054291928,,0.15995900145140723,,0.08017355397673644,,0.13517476299135475,,0.2286918585901393,,51.91426205383889,,106.06065006207635,,161.37109882554472,,54.729450013715535,,52.5126443589467,,48.947712486632824,,54.60130399871629,,58.3656982548574,,98.40613315850455,,149.72476436516638,,45.795409698546536,,43.58954134312153,,59.3110372102994,,66.20140484661415,
1835,107.38547884596396,,0.7900886026263131,,148.52489080698842,,228.4966088998803,,485.197067155459,,50.09901501091295,,37.3,,127.6,,99.79703060244566,,87.91730318661395,,214.3464872963519,,2.1182000070410543,,116.39881724685614,,228.96133033268896,,551.8789243632461,,23.994999630002802,,204.5016092698775,,204.91752914426488,,461.20206752545624,,524.586231388951,,464297,330272,331338,1125907,1205949.2524317866,1039620.4401121531,1042975.9634055585,3288545.655949498,216.46468730339296,,116.39881724685614,,204.91752914426488,,524.586231388951,,466.22030145228797,,352.4331982331416,,618.4546570096544,,465.92323468008544,,0.17949734357966865,,0.1119628017647471,,0.19647387507873298,,0.1595192179983549,,0.08970159169671123,,0.14286453505181732,,0.21908137571434133,,56.87803422169569,,109.78392638144567,,150.67345855626738,,47.02582427559925,,50.49996617159538,,51.80907269072543,,51.54853112375972,,63.960636882811315,,101.86783174122844,,139.80897778012846,,37.92417171509207,,41.580373058480816,,62.787865206838255,,62.354633234520136,
1836,116.6747532076503,,0.612,,165.71922714248214,,262.5832575249931,,545.5892378751255,,51.73338081453297,,37.3,,132.9,,111.64488590684438,,94.60982544978934,,225.5308881241219,,1.640750670241287,,124.6946780605584,,235.19506101165305,,576.6729145533375,,24.625034575033872,,237.9582229499592,,213.13848907374916,,520.9642033000916,,550.6449259612831,,469119,335580,334764,1139463,1218906.1444520126,1057118.8265179938,1054548.3248121752,3330573.295782182,227.1716387943632,,124.6946780605584,,213.13848907374916,,550.6449259612831,,484.25162654755655,,371.57958776017165,,636.682824538329,,483.24950082739247,,0.18637336420721173,,0.1179571065546962,,0.20211353435292884,,0.16533037319989818,,0.09622295673993773,,0.15676499461119128,,0.2490006871631621,,54.68374959026742,,108.0112952767807,,155.47276172760888,,50.42294929598262,,49.062615495295816,,50.62780651795668,,50.79849171108564,,61.516243943278305,,100.22133986521055,,144.25980591156932,,41.40041865577901,,40.12535227260126,,61.38038468255621,,61.404399958388844,
1837,116.0323453029494,,1.224,,166.3553014087675,,245.64207269911077,,529.2537194108277,,50.6397775612224,,39.2,,132.2,,98.97930529265682,,88.82604798677399,,229.13280999836303,,3.1224489795918364,,125.83608276003595,,248.17518366370544,,595.8316635787202,,24.888195194571054,,220.75387750453973,,223.03033634336614,,504.36552421625663,,567.8126356486732,,473025,340278,337534,1150837,1229491.2124716598,1062078.5623077287,1053513.9663744844,3345083.741153873,232.25525897795487,,125.83608276003595,,223.03033634336614,,567.8126356486732,,490.99996612854466,,369.8037568107134,,660.7640603416726,,493.3910151035057,,0.1889035534552944,,0.11848095538866169,,0.2117013570412291,,0.16974541733081056,,0.095369811604613,,0.15663182302381073,,0.23316451469974564,,56.561469323771576,,111.55041681085562,,149.23106484549297,,46.60341460345116,,47.50791473369973,,50.704848032685476,,53.24388903406911,,63.25174717110775,,103.88231141658837,,138.97274787950377,,37.89426392464722,,38.62298553848336,,60.88788967878842,,64.3286967674741,
1838,126.10956118293191,,1.2919999999999998,,177.56944730374258,,263.6361009114504,,568.6071093981249,,56.23952694825694,,33.6,,124.7,,107.66535256587079,,93.37872111058256,,224.23652549381993,,3.8452380952380945,,142.39731139033086,,244.86624027925333,,608.925783771186,,25.134128022383578,,238.50197288906682,,221.5215639991044,,543.4729813757413,,582.0094502388187,,477831,345669,340947,1164447,1242423.7564925083,1084970.0441506125,1070148.8465642536,3397542.6472073747,228.08176358905803,,142.39731139033086,,221.5215639991044,,582.0094502388187,,477.3272633819447,,411.9470111301009,,649.7243383842779,,499.81617904363077,,0.18357807664025727,,0.13124538521412268,,0.2070007034164512,,0.17130305949719393,,0.10254276008259837,,0.163662995362011,,0.24635460922829788,,57.127102391612695,,110.0650861591586,,149.88109961244166,,46.531439287730535,,46.188789997827854,,51.903018827427786,,55.12059516246438,,64.10500843318154,,102.31456310938431,,139.32682706508774,,37.61249736894147,,37.381685348833955,,62.654823013461915,,66.50387355495126,
1839,145.43961022942298,,0.884,,174.00632732182981,,289.62851437264584,,609.9584519238986,,63.69282346862316,,33.1,,131.8,,111.56852385803951,,99.08686788164309,,228.345365001868,,2.6706948640483383,,132.02301010760985,,259.59697624140927,,615.5795061081953,,25.5792402,,264.0492741726458,,236.67004370213212,,584.3792117238986,,589.7645411720206,,482633,351107,344357,1178097,1255354.9205136872,1103704.1581444477,1082485.5465318195,3441544.6251899544,231.01605986591633,,132.02301010760985,,236.67004370213212,,589.7645411720206,,478.657820467967,,376.0193049629026,,687.2810591976702,,500.6077947503648,,0.1840244986424917,,0.11961811426856225,,0.21863575403884178,,0.17136623388675917,,0.11655955446412543,,0.15765667460596508,,0.2675587820092268,,61.120047948350134,,99.91066379728436,,154.58322167015862,,46.955946205735074,,45.37742261973345,,61.174699101550175,,55.27365344207391,,68.64462323996484,,92.84766984008228,,143.6552554346782,,38.28357602795707,,36.559051956650244,,73.9325212557257,,66.67890098967516,
1840,150.19365710363766,,0.816,,180.5364703762405,,269.5380159245928,,601.084143404471,,64.25518742335234,,33.6,,126.9,,104.83923540372497,,95.58675565354979,,233.7455746787731,,2.4285714285714284,,142.266722124697,,257.0965105636549,,628.8362224397232,,26.142197488749165,,243.39581843584364,,232.16100107803314,,574.9419459157218,,601.4870386432771,,487761,356834,347998,1192593,1269143.3525355584,1117698.6440233774,1090021.950606857,3476863.947165793,236.1741461073445,,142.266722124697,,232.16100107803314,,601.4870386432771,,484.20055335983096,,398.6916104538721,,667.133147541173,,504.35231352462836,,0.18608941664115713,,0.1272854028099916,,0.21298745493040777,,0.1729970018336744,,0.11898550057559927,,0.16152517616587933,,0.24727760369828392,,64.21935072026427,,104.94626347420812,,145.07902428398322,,40.43020059623987,,44.245347348366415,,61.192603332701765,,57.34762268003531,,71.95446429428158,,97.67961192608338,,135.0335145010387,,31.717670766845018,,35.37916953267434,,73.66374914422401,,69.29204577891616,
1841,132.77722975923595,,1.224,,191.822830170555,,277.05061847511257,,602.8746784049035,,60.07249046610007,,33.1,,125.8,,104.0891827956445,,93.75740714171067,,221.02834213967606,,3.697885196374622,,152.48237692412957,,266.1665804592189,,643.0155192897793,,26.46142603620513,,250.58919243890745,,240.74470152281094,,576.4132523686984,,614.7922280929465,,493289,362909,351926,1208124,1283982.576558239,1144270.0178942438,1109640.0759348758,3537892.6703873584,224.72622733605067,,152.48237692412957,,240.74470152281094,,614.7922280929465,,455.5670759657131,,420.16697553416856,,684.0776229173489,,508.88172744929034,,0.17502280127385944,,0.1332573383376216,,0.21695746823129353,,0.17377356674464461,,0.10436374465331999,,0.16763773162872794,,0.24967611073500248,,56.935731876178565,,110.78478275279878,,149.24113317713469,,46.366112405510606,,43.51280602084242,,51.39309791600435,,59.52779975365429,,64.05607881946908,,102.89220443361316,,138.60883059210485,,37.287251694860466,,34.782668001915575,,62.25552185617575,,71.78203652393688,
1842,143.38169410388892,,1.496,,175.49777967747823,,262.6083077361869,,582.983781517554,,63.66535563263784,,32.7,,120.2,,100.52144253890174,,92.12370219680247,,225.21148696825117,,4.574923547400611,,146.0048083839253,,261.2460596499673,,632.8271309289487,,26.81869124853163,,235.78961648765525,,234.56648704220973,,556.1650902690224,,603.7155227228009,,496981,367681,354542,1219204,1294051.5365791644,1159260.595558809,1117834.6720951344,3571146.8042331077,229.78641051565177,,146.0048083839253,,234.56648704220973,,603.7155227228009,,462.3645783554135,,397.0964188628874,,661.6042303654002,,495.1718684672958,,0.17757129760310317,,0.12594649463914998,,0.20984005318296903,,0.16905368382144872,,0.11195666479163131,,0.15138768655625828,,0.2349258922555923,,63.90493434437122,,104.63406351502698,,145.79063895767334,,40.94303824661599,,44.06213297989549,,61.07469422249241,,58.91394878133464,,71.8875910549937,,97.20632641364064,,135.44128902666156,,31.994851804767652,,35.50841299099473,,73.9536136249934,,70.75838809740533,
1843,135.390731900448,,0.476,,160.95152127024383,,254.1687511553305,,550.9870043260223,,58.52063888614114,,32.8,,117.3,,96.22598385383819,,87.63835770086442,,231.35552597753892,,1.4512195121951221,,137.21357312041246,,264.13733689789905,,628.7053052804841,,27.172503486310028,,226.99624766902048,,235.89911848946633,,523.8145008397123,,597.7000420610867,,501837,373363,357989,1233189,1307159.4246017463,1162995.6081502992,1115106.8390979217,3585261.871849967,232.80674548973403,,137.21357312041246,,235.89911848946633,,597.7000420610867,,463.9090889865316,,367.50715287913494,,658.9563324277179,,484.67837619463575,,0.17810126378476254,,0.11798288158512094,,0.2115484456003333,,0.16671028879479816,,0.10394044471036322,,0.13839392009934687,,0.2279321964888523,,63.738608221343405,,101.48828968165849,,149.27982637905808,,42.86873265011052,,45.25471691864455,,62.80390419552276,,58.32818134374357,,71.14230567611324,,94.72407583841789,,139.33029750949962,,34.629989715147666,,36.78894466569473,,75.10477673856553,,69.95709276682135,
1844,118.38719504064143,,0.952,,153.66396367017322,,256.8151789449322,,529.8183376557469,,51.68170784156759,,29.3,,114.4,,91.96764215970373,,82.60584685457209,,229.06981983560271,,3.2491467576791804,,134.32164656483673,,279.2451485262254,,641.3811586345627,,27.521013656272018,,229.29416528866017,,249.32047827265816,,502.2973239994748,,608.0650984472942,,506567,379003,361346,1246916,1319948.1246245122,1169564.9783637903,1115077.2597363137,3604590.362724616,232.31896659328189,,134.32164656483673,,249.32047827265816,,608.0650984472942,,458.61449046874725,,354.40787161272266,,689.977136242433,,487.6552217208651,,0.17600613407392057,,0.11484752796954587,,0.22359031725892775,,0.16869187265641847,,0.0904120342415654,,0.1313855719971605,,0.23031155617473736,,58.48204395412539,,100.64813154619088,,157.52376569794484,,49.702581001000446,,44.38170613801585,,58.1054442399519,,62.33458640191857,,64.88156152347237,,94.28502681462047,,147.56490999492195,,41.91230097335285,,36.11869017012134,,68.81427912306792,,74.67650028641773,
1845,132.6193540829071,,0.544,,171.95990967182772,,269.29542718651527,,574.4186909412501,,64.07195041265295,,28,,114.6,,96.5736584863218,,89.19193990289669,,206.9850429537063,,1.942857142857143,,150.05227720054773,,278.84977270966374,,644.0253363326552,,27.684708918008575,,241.6107182685067,,250.1828366611245,,546.7339820232415,,612.9858624203836,,511717,385009,365001,1261727,1333840.5246481413,1199811.0460687065,1137459.725944391,3671111.2966612387,208.92790009656346,,150.05227720054773,,250.1828366611245,,612.9858624203836,,408.2879796773675,,389.7370638103206,,685.4305513166388,,485.83081951989897,,0.15663634162837967,,0.1250632569955145,,0.21994874275957937,,0.16697555941109035,,0.09983453915379784,,0.14332249251685963,,0.23675161506305567,,60.05431380793712,,103.0731752882956,,152.76064053679974,,46.39312028998517,,43.89994943200443,,58.263766144746434,,69.73215573523615,,67.03510601777374,,96.23561707234846,,142.62696831942355,,38.12032914034501,,36.177172884773704,,69.6572724913041,,83.45591156114142,
1846,160.96154842400398,,0.476,,171.01409007179456,,282.6483804420571,,615.1000189378556,,78.7873524787891,,27.1,,108.3,,102.79397588233084,,95.04455382798845,,204.29871465390028,,1.7564575645756455,,157.90774706536894,,274.9658995247029,,647.1701893104396,,27.691544351598168,,254.95683609045892,,248.02702094363025,,587.4084745862574,,618.034859366428,,512694,387915,365681,1266290,1336861.4046667044,1215813.531158677,1146127.1358097424,3698802.071635124,206.05517221847592,,157.90774706536894,,248.02702094363025,,618.034859366428,,401.906736217853,,407.0679067975431,,678.2606177067725,,488.0673932246389,,0.1541335335878351,,0.1298782609491786,,0.21640445740637523,,0.16709054645176358,,0.12075862752897133,,0.1406581566079604,,0.246611716633308,,67.87960215111634,,95.03603088580809,,150.299395740187,,42.001058502367144,,43.99471065845198,,71.42512320687935,,71.32436330567364,,76.03946503948231,,88.56982892872847,,140.07310327169327,,33.93597921699352,,36.395475419298656,,85.85255945415763,,85.2606970642046,
1847,209.94877305055266,,1.156,,163.79855027443207,,305.3478313965279,,680.2511547215126,,94.62268117359665,,27.8,,106.1,,113.21550944364431,,104.6399821022011,,221.8799662476024,,4.158273381294963,,154.38129149333844,,269.70494846249136,,650.0872238845725,,27.786669378318145,,277.56116201820976,,245.16178338301998,,652.4644853431945,,623.5326805636656,,510907,388738,364388,1264033,1332674.5206816578,1218619.5786704258,1142286.96714126,3693581.0664933436,226.03823962889737,,154.38129149333844,,245.16178338301998,,623.5326805636656,,442.42541133493444,,397.13455204620703,,672.8042179847305,,493.2882927610795,,0.16961248686084257,,0.12668538582137015,,0.21462363699777925,,0.16881521464902965,,0.15840685011564068,,0.13441319435647375,,0.26731271578866517,,80.04933613247442,,81.63090147033742,,147.56935038692234,,38.53425471655887,,43.80823488435739,,98.06254088908022,,73.59501808642713,,89.67362293784072,,76.09088937627334,,137.5543196677798,,32.28726537802948,,36.25456015003742,,117.85066999861189,,87.9840457341098,
1848,142.75016865335016,,1.632,,156.11606765552258,,261.3588929506801,,561.8571292595528,,62.63338824428511,,28,,104,,93.29123493606858,,84.92457617026336,,227.91385338533908,,5.828571428571428,,150.11160351492555,,280.1537498456167,,661.5954469211576,,27.780909026156454,,233.57798392452366,,250.37505836919408,,534.0762202333964,,628.8829974996155,,510871,390898,364345,1266114,1333053.516698898,1212623.0735963008,1130251.7632462794,3675928.3535414785,233.7424248139105,,150.11160351492555,,250.37505836919408,,628.8829974996155,,457.5370784677746,,384.01732297153103,,687.1922446285638,,496.7032964643117,,0.17534361665594467,,0.12379081907928449,,0.22152149327338666,,0.1710814077466266,,0.1083093565597354,,0.12874245184245586,,0.2312395356942527,,66.99954910828615,,94.67901360410144,,151.98077725146413,,43.34253878234825,,44.47534843661501,,70.7649420477103,,76.87503845790704,,74.54693162668342,,88.61057862215212,,142.23959565114504,,35.721502387772425,,37.12850581735362,,84.12870425388141,,91.70256820166944,
1849,135.75394573898492,,1.088,,151.59339363154416,,270.1404266524736,,558.5757660230026,,55.913810961978456,,28,,104.1,,91.39648444234028,,81.73071268475894,,242.79143811409668,,3.885714285714286,,145.62285651445166,,295.56982229759427,,683.4343512670303,,27.772503156785056,,242.36792349568853,,265.18298266558855,,530.8032628662176,,649.4538533067279,,511866,393862,365037,1270765,1336123.824,1220108.434322786,1130814.1494733861,3687046.4077961724,246.67715239981095,,145.62285651445166,,265.18298266558855,,649.4538533067279,,481.9174401109098,,369.7306582367724,,726.4550789799076,,511.07313571488663,,0.1846214759207908,,0.11935238903194598,,0.23450624736972278,,0.1761447460855044,,0.10241711380410572,,0.12424583698225575,,0.23889020735925215,,64.00215814712452,,92.144168302524,,158.95343458853557,,48.770202130527544,,45.809548726588915,,69.45871814371934,,79.28036193645471,,71.14060480887687,,86.3031934761323,,148.87745227621053,,41.20772462704669,,38.70634135974888,,82.43102247259398,,94.2211663987006,
1850,139.54961609386746,,1.7472118959107765,,145.71993888639764,,273.9861133097024,,561.0028801858782,,55.877384656941196,,27.5,,96.4,,90.48919236552649,,79.68186775530928,,249.74256928922375,,6.353497803311916,,151.16176233028798,,302.78324532166164,,704.0533762444318,,28.03981099850946,,245.9463023111929,,271.7963282484668,,532.9630691873688,,668.8636752642597,,516960,398065,367985,1283010,1350401.94,1229033.6354029006,1136161.0348152595,3715596.61021816,256.0960670925357,,151.16176233028798,,271.7963282484668,,668.8636752642597,,495.38855441917303,,379.74140487178727,,738.6070852031111,,521.3238207529635,,0.18964432700128947,,0.12299237219877572,,0.239223419849688,,0.1800151484218809,,0.10463316424869637,,0.11856464679961982,,0.2411507743303771,,65.79734909558871,,88.12475278363232,,160.8952068555182,,49.72868805127326,,48.25123912836169,,74.66386800214599,,76.33240483433183,,72.9458855360536,,82.65833510980194,,150.91480549712765,,42.490057476926,,41.02178117746961,,88.24988482910226,,90.29674393744082,
1851,152.3377241494857,,1.3977695167286213,,141.95320566342815,,279.3361172678266,,575.024816597469,,59.876221859928236,,27.5,,92.4,,88.83847327689023,,79.62324736582161,,254.42106969584316,,5.082798242649532,,153.62901045825558,,314.43146979484504,,722.1820707155674,,28.732548719758398,,250.60356854806818,,282.08900862916823,,546.2922678777106,,686.0964428740535,,522167,402361,371002,1295530,1364995.5120000013,1240790.2515456358,1144086.1935026853,3749871.957048322,259.5038679384927,,153.62901045825558,,282.08900862916823,,686.0964428740535,,496.97485275494756,,381.81884043994216,,760.3436332665815,,529.5874606331413,,0.19011334884044107,,0.12381545572821996,,0.2465627242345584,,0.18296529874425582,,0.1126271055946257,,0.11440548109287524,,0.2441565319590328,,69.82117378548546,,83.66652784448371,,160.1892694322945,,48.67205995223669,,48.41619642619653,,83.4517405996177,,80.24650176692549,,77.30975701222057,,78.53047361432348,,150.35569803773043,,41.825156928969825,,41.40545354348215,,98.44555043931345,,94.84449653622248,
1852,158.5948030223524,,1.3977695167286213,,148.06467206315483,,297.81453813805507,,605.8717827402909,,63.685970296916445,,29.1,,100.5,,91.52193518264816,,84.0041577970676,,249.02628048682064,,4.803331672606945,,147.32803190363666,,325.40236124128455,,721.2402321846032,,29.493435639773235,,268.32110249828185,,293.17682363555775,,576.3783471005177,,686.1307371152975,,526860,406266,373641,1306767,1378264.968000002,1252916.4533496536,1152301.5870046176,3783483.0083542736,253.8296121594276,,147.32803190363666,,293.17682363555775,,686.1307371152975,,481.77810454281513,,362.6393345828513,,784.6484289346131,,525.0597368278335,,0.18416604793181338,,0.11758807341842893,,0.2544271629423547,,0.18134896749906332,,0.11608259387978641,,0.11817601378552108,,0.2584519031273899,,68.84859712353523,,82.6288050734922,,162.8136473178984,,50.7427067254227,,46.56396869278612,,83.3227553784658,,86.73032861230922,,76.19934435761651,,77.57351441146075,,152.85258942524956,,43.864464466633144,,39.909347246027416,,98.22855769231307,,102.61100948367343,
1853,175.3863339636708,,1.257992565055759,,150.89221139238353,,289.64592875326605,,617.1824666743762,,73.94255875128209,,31.5,,102.9,,88.6937184766683,,86.90128730681471,,237.1926762145349,,3.993627190653203,,146.639661217088,,326.5687060233697,,710.2109598162159,,30.259097782847707,,259.3868309704183,,292.45231277415934,,586.9233688915285,,675.3908797913775,,530123,409074,375257,1314454,1387809.3960000025,1266900.391423236,1162169.2901145255,3816879.077537764,241.1863034051881,,146.639661217088,,292.45231277415934,,675.3908797913775,,454.9629112586855,,358.4673218466292,,779.3387272566783,,513.8185739412543,,0.1737892134902275,,0.11574679604633555,,0.2516434698987268,,0.17694846131386127,,0.1272828437664838,,0.11910345313167928,,0.24922868915657118,,74.62546270958616,,82.60929895044674,,154.8043326923974,,44.16732527152247,,45.20938747790997,,90.33542671067855,,92.72251684338339,,82.77455781311494,,77.4553378543057,,145.14615233803693,,37.63986421783515,,38.80217364688066,,106.86746724778962,,109.98186381563437,
1854,219.37679996475586,,1.9568773234200696,,167.76504849341103,,317.8145059713401,,706.913231752927,,87.00831147578896,,33.5,,97.7,,95.24417550732271,,93.10450692669244,,252.1331539985119,,5.841424846030058,,171.71448156950976,,333.6839279446599,,759.268541435409,,31.064565739781816,,286.7499402315583,,301.0682161971279,,675.8486660131451,,725.903276138165,,533524,411991,376963,1322478,1397728.5120000031,1284716.2661447437,1175488.0515222934,3857932.82966704,257.97457884454195,,171.71448156950976,,301.0682161971279,,725.903276138165,,483.52947354672324,,416.7918269319227,,798.6678167277105,,548.8962962999498,,0.18456701471690476,,0.1336594593643632,,0.256121885549781,,0.1881586093350449,,0.1583524092038951,,0.13058529179898284,,0.2703681296970739,,81.17691343452623,,79.68062885660319,,148.84820651760793,,39.50906346347549,,44.39304944017606,,101.87785237063807,,98.84200552935363,,90.39197513377853,,74.54172947840772,,139.24843343730973,,33.727193139772965,,38.21913645470672,,121.26358720984882,,117.66874338110446,
1855,216.4856371283537,,1.118215613382897,,160.72184925585364,,323.7695846592848,,702.095286656875,,88.74363210626333,,31.8,,98.2,,97.37502113912035,,94.79936938847075,,243.9449817302154,,3.5164012999462173,,163.66787093264116,,332.4975757352731,,740.6117690296176,,31.909044564604258,,291.8605400946806,,299.7283458123182,,670.1862420922707,,706.9522154160838,,534415,412973,376892,1324280,1401080.8440000038,1294622.8698210302,1181513.083549258,3877216.7973702922,247.4613830301616,,163.66787093264116,,299.7283458123182,,706.9522154160838,,463.05096793720537,,396.3161536774588,,795.2632207961915,,533.8389278823843,,0.1766217731759674,,0.12642127274892553,,0.25368178311825046,,0.18233497180131158,,0.15531141809097204,,0.12414568983944489,,0.27402962283471544,,80.4585595122769,,76.90198927019622,,153.0180892758822,,42.9557819768925,,43.499458455651094,,104.62480915751688,,100.16027202141056,,89.85204428634181,,71.82178978546497,,142.90960670383035,,36.954189481192195,,37.29584580206662,,125.10415648890685,,119.53627527276986,
1856,242.96384079372038,,1.6773234200743454,,165.87847308513926,,353.85728792594034,,764.3769252248743,,89.14460128714211,,31.7,,104.1,,102.45039077940815,,98.43458975096813,,272.5502579916352,,5.291241072789734,,159.3453151634383,,345.39379033492503,,776.5328500466031,,32.739954580586556,,321.1173333453538,,313.4369043420928,,731.6369706442878,,743.27223031586,,538145,416152,378817,1333114,1411885.74,1310387.912917772,1192826.7027619034,3915100.3556796755,277.8414990644249,,159.3453151634383,,313.4369043420928,,743.27223031586,,516.2948630284122,,382.9017165925871,,827.4098161964558,,557.5458890356415,,0.19678752408422576,,0.1216016368837167,,0.26276818218132814,,0.1898475550537517,,0.1732726362218197,,0.12658730399594909,,0.29665439841899044,,82.83271028826688,,72.62893723716952,,154.4564093818336,,44.590369763567146,,45.18808549691808,,114.04918402946882,,98.84544019498932,,92.72081468275346,,67.73878559781346,,144.05676301111578,,38.90997096810017,,38.80158891711757,,136.87994826666394,,118.17538817593893,
1857,213.43938020362992,,0.7687732342007417,,184.36126630281603,,355.9929196256099,,754.5623393662565,,80.93703169050933,,32,,112.2,,104.27010133052505,,98.22274319567323,,263.71041258319065,,2.402416356877318,,164.31485410233157,,341.4141878477229,,768.2155016410654,,33.79287965406667,,322.2000399715432,,309.00520461776824,,720.7694597121899,,733.8111686377134,,541196,418809,380258,1340263,1420922.880000005,1315467.395109671,1194379.7786810051,3930770.053790681,266.11282894006797,,164.31485410233157,,309.00520461776824,,733.8111686377134,,491.71248298226146,,392.3384027142004,,812.6198649805349,,547.5128154979384,,0.1872816833944338,,0.12490986451901576,,0.25871603834335954,,0.18668381986121388,,0.15075283567664835,,0.1401488679903357,,0.298056720299422,,73.5995351287197,,81.85539874542374,,157.55815339402517,,46.274751802797844,,47.57004148784735,,89.91408783875042,,97.35046511051934,,82.21418430220635,,76.43123136613636,,147.11752505332697,,39.24801120343263,,40.94278858186269,,107.56621715064006,,116.46099763779571,
1858,181.9303802976274,,1.8171003717472076,,169.88279990898212,,346.5562288597354,,700.1865094380921,,71.92488150179706,,34.9,,105.6,,103.32604288830467,,93.38833916263398,,252.94498440443286,,5.206591323057902,,160.87386355017247,,335.4006590907215,,749.7579630565341,,34.809948374245046,,311.7462804854904,,301.71123539734094,,665.376561063847,,712.4835574012154,,542450,420079,380432,1342961,1425250.9320000056,1318539.084542852,1194095.5415786228,3937885.55812148,258.15157572749075,,160.87386355017247,,301.71123539734094,,712.4835574012154,,475.89930081572635,,382.9609753169582,,793.0753338240236,,530.5318303370057,,0.18112710536188567,,0.12200917321002186,,0.25266925877511565,,0.18093048842716924,,0.12892289809733934,,0.12884168690978307,,0.29022487463740115,,68.3687409887171,,81.62333613753357,,165.3941493600735,,52.61046047785737,,48.121583733243774,,83.76126757857242,,95.94769011835834,,76.30019574434097,,76.25213268030333,,154.5104282468908,,45.16857979308986,,41.39837251768956,,100.06303176363494,,114.70712158889592,
1859,181.45283904496972,,2.4460966542750873,,150.96420370724388,,325.53083304633367,,660.3939724528224,,71.30692843991199,,36.8,,112,,96.70425668365444,,91.08959519961242,,254.46733299958936,,6.647001777921433,,134.78946759575348,,336.62513338087314,,724.9938601721136,,35.78435137112073,,289.7464816752129,,299.62122828062405,,624.6096210817017,,685.709075458005,,543304,421040,380323,1344667,1428532.7759999998,1321528.8606974424,1193729.3864882991,3943791.023185741,261.1143347775108,,134.78946759575348,,299.62122828062405,,685.709075458005,,480.60447701012845,,320.13458957760184,,787.8072803396693,,509.94712851434963,,0.1827849799209023,,0.10199509946730771,,0.25099593900594735,,0.17387054015455883,,0.1287327380854192,,0.11423451140338461,,0.2727006947562688,,72.8689296922212,,77.18922861101841,,164.01050214715977,,51.418843418121895,,50.05190468042283,,94.40297694828821,,90.10160615114262,,81.28197192546747,,72.12777796001126,,153.2560085759382,,44.433191463498574,,42.99851683028295,,112.69163451913275,,107.54588473597285,
1860,212.16490160459537,,1.9568773234200696,,170.56480185549884,,345.55331926491425,,730.2399000484286,,81.1984757018044,,36.6,,115.3,,97.27416377084074,,95.62816105731372,,261.2917296425068,,5.346659353606747,,147.93131123633898,,355.23648404623816,,763.6243256949876,,36.881680037223,,308.67163922769123,,317.32129813509613,,693.3582200112056,,725.0565234603317,,543775,422811,383359,1349945,1430830.0320000038,1325947.0369855403,1202224.4694479087,3959001.538433453,266.6383889961136,,147.93131123633898,,317.32129813509613,,725.0565234603317,,490.34690634198626,,349.8757393642525,,827.7392682448987,,537.1007881508741,,0.1863522452232907,,0.11156653102272605,,0.263945133541341,,0.1831412583252572,,0.1496486473859635,,0.12863621026920313,,0.2874282865192396,,76.66550695310781,,78.54192523002243,,156.7651313994005,,45.713493203874606,,50.82507209576338,,97.61093419671184,,92.36049372102559,,85.44778270832931,,73.44990506433946,,146.60175422187544,,39.23210916032652,,43.899963672555806,,116.33477624440786,,110.03800251334398,
1861,189.48619540701804,,1.7472118959107765,,175.89232607718816,,372.697333450481,,739.823066830598,,83.0030377246907,,37,,113.4,,102.43738339108205,,98.79641983258432,,228.28826582891685,,4.722194313272369,,155.10787132027173,,363.82941570033023,,748.8359072973158,,37.931583458572014,,334.765749991909,,326.80037200272034,,701.891483372026,,710.4422250942065,,545895,425877,387589,1359361,1437472.1040000077,1336352.386862006,1216209.105613729,3990033.5964757428,233.01046014218923,,155.10787132027173,,326.80037200272034,,710.4422250942065,,426.8411693497637,,364.20814300906534,,843.1621434115011,,522.6295480701642,,0.162097378790029,,0.11606809165394817,,0.268704099068399,,0.17805419626584482,,0.1330345171713522,,0.13162121593557724,,0.3064418213366432,,67.84525509505754,,79.98849752204316,,167.27629811653168,,54.24197449946242,,50.47568899835476,,84.81876419339018,,91.73428764344855,,75.62596292727436,,74.82254536967822,,156.47297790093947,,46.91069253106718,,43.68031701724466,,101.07376400204866,,108.97068994557216,
1862,234.86490411448497,,2.376208178438656,,183.48287170193333,,402.7471900380516,,823.4711740329085,,84.06412024942277,,38.3,,119.1,,114.41123593711704,,104.99023347400235,,279.3878094692815,,6.20419889931764,,154.05782678583824,,352.01716574359045,,784.3312151856641,,39.126107674641084,,363.6210823634105,,317.8193814489206,,784.3450663582674,,747.0647891763062,,547722,428729,391651,1368102,1443351.1320000116,1339848.8992978209,1223974.028486272,4007174.059784105,285.5920083685991,,154.05782678583824,,317.8193814489206,,747.0647891763062,,521.4178148195601,,359.3361465770644,,811.4861993175572,,546.0592771418405,,0.19786731172813243,,0.11498149296280785,,0.2596618670430271,,0.18643182902231004,,0.16436825872314603,,0.13694295811870413,,0.32904880386730256,,75.55114922761415,,74.64899692383193,,161.94260614831876,,50.140588879500605,,50.78112619833902,,101.20852568816528,,89.81111516123399,,83.9748027823278,,69.96337364512935,,151.77767324297014,,43.7552454147969,,44.07579881978596,,120.02680603749573,,106.2686708391459,
1863,210.93825491691942,,2.306319702602225,,207.70645496076895,,409.98762244569025,,830.9386520259809,,73.03715151256873,,33.5,,139.7,,110.27342825924276,,102.89497095893792,,288.8095312433149,,6.8845364256782835,,148.6803543026263,,371.7918531396764,,807.5600238592632,,40.355225333158906,,369.63239711253135,,335.1962507627489,,790.583426692822,,768.3402010078008,,551254,432934,396979,1381167,1453734.3960000155,1341307.6995519965,1229912.6177672625,4024954.7133192746,295.69406766899317,,148.6803543026263,,335.1962507627489,,768.3402010078008,,536.4025796982755,,343.4249892653991,,844.367714067366,,556.2978271329976,,0.20340308964457493,,0.11084731292624823,,0.2725366387176771,,0.19089412322211466,,0.1466874383699451,,0.1548536961579688,,0.33334695207043774,,67.58101719742402,,83.81597221101765,,162.66757141472596,,50.86354499081429,,51.59561986975986,,80.63023719068721,,87.20963858926322,,74.68032803592311,,78.8378674763315,,153.00621229571667,,44.07034651653413,,44.90853513604244,,94.72646892477586,,102.76394639576256,
1864,222.6443732766353,,2.4460966542750873,,209.19164717154075,,437.9769082481746,,872.2590253506257,,74.21704960092796,,35.1,,137.8,,110.29592484794343,,102.99800040313308,,299.99087066087236,,6.96893633696606,,151.8081619532226,,397.0925570024277,,846.8698634309533,,41.77341582821741,,396.2034924199572,,359.2186138936436,,830.4856095224084,,806.3123616690582,,553669,436282,401553,1391504,1461184.3800000194,1346861.9862007909,1239648.83067577,4047695.1968765804,306.9598069978384,,151.8081619532226,,359.2186138936436,,806.3123616690582,,554.4103191579056,,347.95880176863267,,894.5733536884137,,579.4538583209666,,0.2100760254485025,,0.11271248539833016,,0.28977449500583374,,0.19920283579930925,,0.1540465891997199,,0.15531780487889896,,0.35330724105908295,,68.11758580457114,,80.33954944258944,,165.32090427728616,,52.94602941804316,,50.46943216008636,,84.78711453721543,,89.90024093337257,,75.0806073036599,,75.70018379478857,,155.77412277939507,,46.41060047620507,,44.08444717732165,,99.18153898700136,,105.47639286959259,
1865,223.57746794080884,,3.1061119998999787,,211.8343436154696,,427.9352293732498,,866.4531529294281,,76.26864140767182,,37.1,,128.5,,107.63429887233451,,101.25596573937015,,293.1446841248169,,8.372269541509377,,164.851629272739,,397.58258645863947,,855.7057814841774,,43.30549813257177,,384.62973124067804,,357.3486660575445,,823.1476547968564,,812.9374390795047,,555999,439581,406109,1401689,1468420.1160000234,1355915.4381092624,1252668.9339509995,4077004.4880602853,301.51695366632623,,164.851629272739,,357.3486660575445,,812.9374390795047,,542.2976546114763,,375.0199150389552,,879.9328900801128,,579.969907076038,,0.2053342571250375,,0.12157957984652353,,0.2852698397576154,,0.19939576752005872,,0.1543724288919406,,0.15622976010278272,,0.34161877713652095,,69.42565282058408,,82.05997469793965,,161.2776390567879,,49.785961560978805,,49.76845840436882,,84.603551336858,,88.15764783700841,,76.45980423530848,,77.37973003942032,,152.07925931669408,,43.39579074160891,,43.445336853134556,,98.81115402749118,,103.12863496610255,
1866,255.37516334219129,,1.3497981118569824,,207.22959068408585,,447.7268641944228,,911.6814163325569,,92.59791568517561,,49,,114.1,,102.99133358579523,,102.18747818601622,,275.78932144697876,,2.7546900241979233,,181.62102601585087,,434.72285347334713,,892.1654908373258,,44.9647031571319,,402.76216103729087,,391.0641284218118,,866.716713175425,,848.163325449429,,556331,441312,409241,1406884,1470385.0440000275,1360616.5791762194,1261737.930259443,4092739.55343569,278.5440114711767,,181.62102601585087,,391.0641284218118,,848.163325449429,,500.6803709862954,,411.5478981216257,,955.5839430111153,,602.8665657221412,,0.18943610220179274,,0.1334843546635399,,0.30994085145827377,,0.20723608584803058,,0.1745970978837319,,0.15230564867109903,,0.3548493339677596,,74.90588787317472,,76.22319549691942,,159.75359663985847,,48.61103595109494,,48.76838391905308,,98.27177591393695,,92.93565298459559,,82.44682923048698,,71.92054140090411,,150.7358106174469,,42.79025273746322,,42.71990979684873,,114.63599637119881,,108.5802054821603,
1867,238.82623720465955,,2.5138753291639344,,207.6672805805427,,428.3709577577686,,877.3783508721349,,91.23020192182508,,44.3,,112.5,,101.58534286012834,,100.78019639498248,,261.7841813057797,,5.674662142582245,,184.59313829381574,,421.6857921595909,,870.5860697407975,,46.793412810505934,,381.5775449472627,,375.6226382704169,,830.5849380616289,,824.1549111557209,,559554,445350,414538,1419442,1479998.6520000317,1379050.8607946965,1283639.801801082,4142689.31459581,267.45884344836196,,184.59313829381574,,375.6226382704169,,824.1549111557209,,477.98575910164516,,414.4900377092528,,906.1235357685349,,580.6189412147315,,0.18071559936012443,,0.13385520689747546,,0.2926230845626466,,0.19894200326633263,,0.16306779212783928,,0.1505871077596599,,0.3337158579507421,,73.70909965797779,,79.68933805421928,,157.30845362194376,,46.63572010091291,,46.59565913539459,,92.49556020634448,,97.44986479746662,,81.3329461017274,,75.10798398147001,,148.26476293162284,,40.55969379386145,,40.882064156103986,,108.28801652004552,,113.65339534366544,
1868,253.2645164148428,,2.5081406282167786,,195.41649929186647,,428.35419123087337,,879.5433475657994,,91.30741169638458,,46,,100.7,,104.51279127015603,,99.56704193428745,,277.3756387455139,,5.4524796265582145,,194.05809264336293,,409.85814848597516,,883.3679604002729,,48.13439422984099,,380.21979700103236,,363.8021646730292,,831.4089533359585,,835.0242582125461,,561845,448667,419194,1429706,1487158.776000036,1386016.7130374261,1294969.0750712908,4168144.5641087526,282.82811837207214,,194.05809264336293,,363.8021646730292,,835.0242582125461,,503.39171545901826,,432.5214304670567,,867.8610969456366,,584.0531257563066,,0.19018017641181933,,0.1400113655325907,,0.2809350212884436,,0.20033476415448992,,0.17198745767483095,,0.14099144509131883,,0.33078333643395424,,78.28339239820569,,74.8978142656084,,155.97382062940397,,45.86317256423559,,44.55033426646409,,104.52026292862311,,100.07436559921263,,86.2233421862798,,70.6839543987626,,147.19850683055188,,40.44321123510501,,39.11909963911271,,121.98432150506456,,116.39507108269939,
1869,273.5694157816843,,1.8684728603371918,,205.56173792420813,,434.95454560330495,,915.9541721695346,,89.76314532691273,,46.9,,109.5,,101.32868236883296,,99.45823843431096,,304.76808136051676,,3.9839506616997693,,187.72761454265583,,429.25116110765674,,920.9434900402881,,49.603783461465994,,385.35076214183897,,380.2978121625773,,866.3503887080685,,871.0695085156427,,564906,452616,424474,1441996,1496368.3200000399,1390887.7395113541,1304407.4498942648,4191663.509405659,308.75203202221655,,187.72761454265583,,380.2978121625773,,871.0695085156427,,546.5547047158582,,414.7613308912098,,895.927223251783,,604.0720699056327,,0.2063342479892974,,0.13496963788652575,,0.2915483288549174,,0.20780997963244258,,0.1840709168729355,,0.14779175348574572,,0.33344990910513606,,81.15550307275552,,75.5932225281153,,151.10387767777664,,42.08240549975071,,43.20757121290317,,107.3581736015705,,99.50390628490705,,89.05904071327399,,71.50609131728868,,142.93407946201629,,37.221372272481325,,37.866576716763944,,124.54748829452711,,115.57312916248807,
1870,268.44892552851945,,2.7548887967490177,,223.09356948150497,,437.110174735395,,931.4075585421684,,90.81646050072048,,47.3,,104.7,,97.65808481142206,,97.11923456303752,,295.595010032779,,5.824289210885873,,213.0788629240735,,447.5924093529538,,959.0351105347896,,51.325780905467646,,385.78439382992735,,395.0357971640318,,880.0817776367007,,906.186896546701,,567749,456413,429644,1453806,1505012.820000044,1393026.4998208054,1311324.343279026,4209363.663099876,301.41929924366485,,213.0788629240735,,395.0357971640318,,906.186896546701,,530.9023868710731,,466.8553764333476,,919.4491187216203,,623.3203718699064,,0.20027689813542984,,0.15296109797730575,,0.30124949573972437,,0.21527883287693023,,0.18020033498801727,,0.16015026958223913,,0.33333490449996617,,78.90832840942285,,80.74441164168532,,148.3266990886922,,39.55933721632629,,41.927416251818386,,97.72605534558807,,96.76123121667024,,86.18843855782082,,76.59864600598615,,140.71096792617638,,34.58096815665256,,36.59253705067502,,112.51953272266095,,112.14423570377997,
1871,271.30490098750806,,3.510498112301809,,232.3022050487442,,464.97423200525094,,972.091836153805,,93.88258345679961,,47.2,,108.3,,103.42648902074741,,101.47311851914995,,288.983207532151,,7.437496000639425,,214.4988042924693,,449.5697730897322,,957.9796603672454,,52.75421207195328,,412.22001993329764,,398.5632924758821,,919.3376240818518,,905.991298482026,,568121,458237,432981,1459339,1507114.212000048,1408069.2449089126,1330462.6857497448,4245646.142658706,296.42070353279047,,214.4988042924693,,398.5632924758821,,905.991298482026,,521.7562870106728,,468.0957764049374,,920.5098895237484,,620.8230565221829,,0.19668098221926994,,0.15233540897794776,,0.299567433754283,,0.21339303089321446,,0.18234543667072867,,0.1649792479231174,,0.349483106129525,,76.78588188172654,,80.47191455130815,,151.1267683598676,,41.897220683290314,,40.61899502933121,,95.41947934240905,,89.25956138677032,,84.20999854168582,,76.19001868470846,,143.08534063466925,,36.5276381257194,,35.08828355932072,,110.52628677014222,,103.20447616158917,
1872,283.6418324996112,,2.6403385371471826,,294.0778823867919,,513.4414442041874,,1093.8014976277377,,94.50377076942075,,47.8,,127.2,,115.46844015604835,,111.88831366677022,,300.1381110936487,,5.523720789010842,,231.19330376320116,,444.6595481070876,,977.58332553419,,54.56967773924618,,458.87176646494123,,397.4001604635906,,1039.2318198884916,,928.8117640092146,,570916,462028,438205,1471149,1515650.3880000524,1419034.7534635793,1345866.7529706159,4280551.894434247,305.66183188265956,,231.19330376320116,,397.4001604635906,,928.8117640092146,,535.3884492336168,,500.38807986356056,,906.8818485950426,,631.3512526665991,,0.20167040783461268,,0.16292293278857664,,0.295274520740217,,0.21698411487941416,,0.18888404166512077,,0.2072379705070695,,0.3814950054089027,,70.98495524029205,,90.10280098449441,,148.23755174123855,,40.23494529548901,,39.0185901649096,,78.7821848651605,,82.40587605075875,,77.80053756098269,,85.36044319235039,,140.43540240839604,,34.18949546341678,,33.26902246632149,,91.14354922650499,,95.02384765081533,
1873,284.8019315940266,,3.6295011432231945,,349.48991508944,,543.0793771277326,,1181.0007249544224,,99.13435495866703,,49.4,,133.8,,118.99668312016004,,117.06075502399707,,287.28883313234,,7.347168306119826,,261.2032250294768,,456.38194518358455,,1008.8784449684448,,56.99127102313378,,486.08810610459886,,408.4887858712487,,1124.0094539312886,,960.19323786257,,574820,466741,444338,1485899,1527144.720000057,1430113.1847314693,1361469.4922391896,4318727.396970715,294.63600143845986,,261.2032250294768,,408.4887858712487,,960.19323786257,,512.5708942598724,,559.6320551001022,,919.3199453372179,,646.2035695983172,,0.19293260002133186,,0.1826451415301948,,0.3000352106306936,,0.2223324487987082,,0.18886974427494926,,0.24437919936740066,,0.3988920649514795,,66.33306170197801,,98.98696807946273,,144.61750515169194,,39.3210664517997,,38.007931380680745,,67.01191377912345,,77.28075259462992,,72.56851232044345,,93.89664293893736,,137.18066637870555,,32.921943778333535,,32.04244414129221,,77.28552379411055,,89.05284598539205,
1874,297.31507541601314,,2.725650557620811,,334.4378344915018,,514.2254544000218,,1148.7040148651577,,100.07619193611526,,53.3,,140.6,,114.80699470179673,,116.72068421877458,,297.0887177699642,,5.113790914860809,,237.86474714900555,,447.90428992213157,,984.1477734247107,,59.591010194476375,,454.63444420554544,,395.99890702341537,,1089.1130046706812,,933.093403247457,,579673,472253,451275,1503201,1541178.3360000616,1436893.8275068249,1373065.4162242324,4351137.579731119,302.20250868482503,,237.86474714900555,,395.99890702341537,,933.093403247457,,521.3327318761181,,503.68075406404097,,877.5112891771433,,620.7376147617364,,0.1960853599001102,,0.16554093461569674,,0.28840498227124933,,0.21444814974228374,,0.19468267815933146,,0.23275055406966963,,0.37450907169017555,,71.43996736966042,,97.742803031424,,139.0481365795308,,34.08038117764266,,35.745142885245556,,73.08974692151267,,73.19694295856473,,77.77807384807637,,92.98664860052807,,132.28206899818733,,28.125066807485137,,29.666014326432155,,83.64434574065794,,84.10508316386004,
1875,284.5923715378511,,2.306319702602225,,325.2591542328676,,503.7240071576451,,1115.881852630966,,92.50111035671318,,56.2,,118.6,,107.2773520537942,,106.16959577630097,,307.66373553828055,,4.103771712815347,,274.2488652890958,,469.55298347134146,,1051.0371113987528,,60.807277451414095,,442.91672970623097,,412.87067701310383,,1055.0745751795519,,993.7633909830371,,583032,476575,457117,1516724,1551256.872000066,1453797.2770415104,1394440.434117157,4399494.583158733,311.7675072510959,,274.2488652890958,,412.87067701310383,,993.7633909830371,,534.7348125850655,,575.4579348247303,,903.2056935382054,,655.2038412941558,,0.20097735770164735,,0.1886431276355081,,0.2960834087362785,,0.22588126254028446,,0.18494595989802076,,0.22373074937571263,,0.361237378688435,,70.73910755564836,,98.11189703442676,,139.28941455783374,,34.50604329518205,,33.62913187277589,,72.10043806494387,,71.25565085030165,,77.1195485030018,,93.29219404201679,,132.44688446263177,,28.44807653150619,,27.510512163898152,,82.66452439554463,,81.64602691373724,
1876,295.0247733772005,,3.2148698884758287,,326.12784786648115,,494.4890971876271,,1118.8565883197846,,98.42994656078406,,61.3,,109.1,,105.66125020273243,,104.84072187379546,,299.73070562931986,,5.244485951836589,,298.92561674287913,,467.99474380517927,,1067.196570495418,,65.15737903907144,,429.3317181485557,,406.328448059053,,1053.6992092807131,,1005.0476479445924,,587930,482183,464233,1534346,1565447.280000071,1468536.7973887026,1413868.2679857016,4447852.345374475,304.9751915811564,,298.92561674287913,,406.328448059053,,1005.0476479445924,,518.7270450243335,,619.9422558300046,,875.2683416712147,,655.033250612699,,0.19481664791748374,,0.20355337181500494,,0.287387769610204,,0.22596245781175434,,0.19051401288049943,,0.2220767286501704,,0.3497419868486842,,73.86630947581374,,98.48784644475107,,134.6677539244634,,30.583278206114365,,31.71110507066545,,75.00043116208322,,72.06561722874362,,80.41936366220473,,93.74254907660308,,128.17925243579862,,24.645489051419144,,25.68803018068753,,85.7874726624821,,82.34232408743665,
1877,294.1142652068695,,3.2148698884758287,,354.19760187917916,,500.61294192575554,,1152.1396789002802,,100.8357814393614,,62.2,,113.4,,102.31168860026604,,105.2375749834605,,291.6764872633412,,5.1686011068743225,,312.3435642673537,,489.3018078136322,,1094.7987722839055,,69.35363363005946,,431.2593082956961,,421.515189706853,,1082.7860452702207,,1028.8968036752985,,593421,488311,471900,1553632,1581237.9840000758,1485243.1053319054,1435327.5298040106,4501808.619135992,296.84508837021554,,312.3435642673537,,421.515189706853,,1028.8968036752985,,500.2268008213655,,639.6406475941637,,893.229899781422,,662.2525821271051,,0.18772954569386394,,0.21029793920339707,,0.2936717794052271,,0.22855187563987764,,0.18803566452608758,,0.23847786305665233,,0.34877958621340777,,71.89191699263078,,104.07696436968604,,131.1275697774746,,29.65489023314068,,31.94845014850427,,69.07572432384507,,70.29522753734241,,78.17800930905531,,99.14993863017936,,124.91996259594968,,23.411984650746767,,25.969662514261728,,78.84826797589102,,80.15023285665265,
1878,277.9651447756842,,4.193308550185864,,327.82152045369617,,484.9903528629336,,1094.9703266425,,97.06953502339941,,69.5,,104.6,,96.53647715115964,,99.05746189256134,,286.35672840987485,,6.033537482281819,,313.4048952712201,,502.39077204311224,,1105.3890395759536,,73.88365210414092,,411.10670075879267,,425.8563321251818,,1021.086674538359,,1030.8023797801718,,598194,493881,479077,1571152,1595136.6000000807,1496843.0936362965,1451975.473383256,4543955.167019634,292.39026589215666,,313.4048952712201,,425.8563321251818,,1030.8023797801718,,488.78836279226584,,634.5757283054422,,888.909991765795,,656.0806209584889,,0.18330108273620072,,0.20937725310263638,,0.2932944391497823,,0.2268513534776515,,0.1768867025719652,,0.2190086067453576,,0.3340210366865598,,72.5782692325363,,102.1340927483221,,132.0397910024445,,29.730932441247493,,30.933941588739582,,71.06174567133328,,70.97878324333496,,78.71665218746828,,97.46139236341132,,125.99888570198794,,23.8095338622804,,25.109710253603346,,80.76700966260756,,80.63433612670556,
1879,239.357565054782,,3.704089219330846,,313.43984390243685,,481.0070574438887,,1037.5085556204385,,93.68503716433395,,73.5,,101.2,,96.71206824300134,,97.29173889713567,,255.49177574101,,5.039577169157614,,309.7231659114989,,497.35991193497944,,1066.389158402619,,77.86809926567688,,403.13895817821185,,416.8445215805685,,959.6404563547617,,986.3534841014276,,603657,500056,486890,1590603,1610896.2480000858,1509883.6521897393,1470129.8482863163,4590909.748476142,260.53135291016764,,309.7231659114989,,416.8445215805685,,986.3534841014276,,431.58839027820045,,619.3769616032982,,856.1369540975754,,620.1129283054462,,0.16173068453888023,,0.20513048502930448,,0.28354265581810406,,0.2148492429912889,,0.1508859770304089,,0.20759205084965612,,0.327186784218131,,66.73896341598036,,103.89360316084894,,137.2388792930601,,35.267106566836766,,31.348916340726884,,64.23779846450655,,68.79299598380065,,72.18369111787129,,99.31181659139233,,131.18654079654354,,29.53322847535614,,25.620757646693544,,72.68388958673793,,77.85444881799575,
1880,288.4622382593921,,3.7739776951672774,,321.6307369147229,,506.5979829268695,,1120.4649357961518,,97.35723217403725,,75.6,,98.6,,98.38458947952016,,98.35948180688091,,296.2925627792424,,4.992033988316505,,326.19750194190965,,514.9159900009782,,1139.15294714146,,82.4,,424.1979829268695,,431.1630359703549,,1038.0649357961518,,1055.3786139645279,,607244,504706,493265,1605215,1621668.4320000906,1518583.8744040057,1484159.6390926437,4624411.94549674,301.2845967675589,,326.19750194190965,,431.1630359703549,,1055.3786139645279,,496.15080061319486,,646.3119161292111,,874.10020165703,,657.4686966945412,,0.1857868050104228,,0.21480374409344458,,0.290509878192046,,0.2282189879282397,,0.18020713124083498,,0.21179649167613634,,0.3413365850836527,,74.41825654370723,,98.5434507052784,,132.98326334062787,,29.433500496358615,,31.54905453413621,,75.51821659490668,,67.63962693933824,,80.27937190024345,,94.35192273113833,,127.32684412255372,,24.14831522821427,,25.998684878314513,,85.0850407458092,,76.22236695925555,
1881,264.593689762183,,4.402973977695157,,350.11000216711057,,515.0596563526859,,1134.1663222596746,,94.00435440495067,,61.7,,101.3,,97.62085783839267,,97.80405733286433,,281.4696100378179,,7.1361004500731875,,345.6169814087962,,527.6123031057011,,1159.6311576315043,,84.56612797430866,,430.4935283783773,,440.98519303225305,,1049.600194285366,,1073.166311202385,,611776,510170,500479,1622425,1634981.220000096,1529773.0739997374,1500714.072372571,4665468.366372405,288.6057104878911,,345.6169814087962,,440.98519303225305,,1073.166311202385,,471.75062520904885,,677.4545375243473,,881.1262671006237,,661.4581944942818,,0.17651928166359865,,0.22592696085645414,,0.2938502417952758,,0.2300232746057212,,0.164525843140793,,0.22886401134758805,,0.34320971984916254,,67.96654371234506,,106.0792226811253,,132.96014961388326,,32.65815196605085,,31.875895458502793,,64.07149486441172,,66.74428223368662,,73.1316667816303,,101.72995498255068,,127.50875895228668,,27.20072601687014,,26.507721883428957,,71.88803611893299,,74.88128700468829,
1882,280.4689299290653,,4.752416356877312,,376.95308911972194,,528.7454712448585,,1190.919906650523,,94.56322266973197,,70.9,,106.5,,98.52399623691291,,99.99524631394078,,296.5940901872822,,6.702984988543458,,353.9465625537295,,536.6666918112273,,1190.9765219354147,,87.88284853054043,,440.86262271431815,,447.4672562552279,,1103.0370581199825,,1103.0894955315523,,617031,516270,508367,1641668,1650246.492000101,1541696.638220488,1518096.5287199237,4710039.658940513,303.2970751758256,,353.9465625537295,,447.4672562552279,,1103.0894955315523,,491.54268614676675,,685.5842147591949,,880.2051593734997,,671.932141901744,,0.1837889531328312,,0.22958249617919274,,0.29475547028128535,,0.23419961941035627,,0.17283560223797473,,0.24450535843084029,,0.348295026858867,,68.79712206118256,,108.66899404560246,,129.0687661109854,,30.655581200187324,,31.676833827041882,,63.30887910153301,,67.00665985729856,,73.80192125233015,,104.4053712026287,,124.00475917562805,,25.301620808851627,,26.526011131901527,,70.6878586821901,,74.8428477656805,
1883,275.3273917779217,,6.010408921933071,,354.7066283472559,,534.25534780177,,1170.2997768488808,,95.7715274730791,,73.6,,92.5,,89.05266053844659,,91.52590077740558,,287.4835549170027,,8.16631647001776,,383.46662524027664,,599.9319330511373,,1278.654202699511,,90.77461814649638,,443.4807296552736,,497.9982933399393,,1079.5251587023845,,1179.4750442585976,,621031,521352,515299,1657682,1662174.4920001063,1552068.8311202717,1534049.0045256275,4748292.327646006,295.6498713870205,,383.46662524027664,,497.9982933399393,,1179.4750442585976,,476.0629845966151,,735.5234567821292,,966.4258873778899,,711.5206923032268,,0.17786933490434143,,0.2470680536529384,,0.3246299771850736,,0.2483998378514596,,0.1692588847042882,,0.22853794962896798,,0.3482648508787223,,69.56379430808752,,104.47363696690184,,132.15509379425512,,31.365137063080436,,32.75716313466119,,66.58502214307514,,64.03613579960447,,74.44853481630268,,100.52243655938253,,127.15697871359566,,26.354718887852602,,27.75833822911228,,74.06160988977123,,71.18098931991138,
1884,262.6850271556763,,5.94052044609664,,345.177262408638,,544.4239496612673,,1158.2267596716783,,85.39493223422222,,77.6,,89,,90.73798319171465,,88.99789938810419,,307.6119627745365,,7.65530985321732,,387.8396206838629,,599.9956473696222,,1301.4090980067463,,91.922405860397,,452.5015438008703,,498.6903255771157,,1066.3043538112813,,1198.1230581199625,,625215,526617,522460,1674292,1674612.0960001117,1559902.0721777158,1547588.5446728258,4782102.712850653,315.2672726277538,,387.8396206838629,,498.6903255771157,,1198.1230581199625,,504.2541727689736,,736.4737953462629,,954.5043172245065,,715.5998225637836,,0.18826286599791334,,0.24863074907158483,,0.3222370230729146,,0.2505431459889641,,0.16041060986206743,,0.22128136667371054,,0.35178856262234964,,67.46335645371511,,102.91941879651614,,135.99315167941194,,34.27179840953218,,32.986012593327,,65.54968658256625,,63.7348763735661,,71.94006193912482,,99.23904184498282,,131.1300649377656,,29.62467471771901,,28.227760465884966,,72.491693391699,,70.50040792098665,
1885,241.3586660786861,,4.8921933085501745,,343.04239924075625,,520.5323303884104,,1109.8255890164028,,78.58757734538734,,77.2,,87.3,,83.30418269118962,,83.41945521821829,,307.1206343693868,,6.337037964443231,,392.94661997795674,,624.857376391333,,1330.4157718522524,,93.21438689135346,,427.31794349705694,,512.960969896474,,1016.6112021250493,,1218.6739885386207,,629880,532317,530100,1692297,1688356.5000001169,1570554.3332899066,1564013.2704328054,4822924.103722829,313.45767233383003,,392.94661997795674,,512.960969896474,,1218.6739885386207,,497.6466506855751,,738.1816097888227,,967.668307671145,,720.1300885947447,,0.18565846273213527,,0.25019613244123484,,0.32797737691479023,,0.2526836338971046,,0.14585240699296578,,0.218421223621198,,0.3328183591718278,,65.07911368459894,,107.27515700310445,,134.18841373688602,,34.835147034455154,,34.12253610522402,,60.665596306436164,,62.9433083774047,,69.19411155434426,,103.6216187629351,,129.61827359753207,,30.30995071426802,,29.633900673391672,,66.77574851696355,,69.29574735793223,
1886,241.50363370442048,,4.6825278810408815,,333.6499437561154,,514.5153395128835,,1094.3514448544602,,76.3371678766037,,58.7,,86.1,,80.50644969131129,,81.03627843926954,,316.3644138525056,,7.97704920109179,,387.5144526784152,,639.0982852749162,,1350.44632593116,,94.45408876991553,,420.061250742968,,521.7734136253972,,999.8973560845446,,1233.8885439240535,,634177,537738,537510,1709425,1701133.2120001223,1578926.8912618551,1578257.428937809,4858317.532199787,324.3414630535974,,387.5144526784152,,521.7734136253972,,1233.8885439240535,,511.4368118894211,,720.6380294463385,,970.7231746858611,,721.814963466694,,0.19066200152088622,,0.24542900296588105,,0.3306009552424908,,0.2539744542727251,,0.14471892021672178,,0.21131437155362356,,0.32600216547636346,,66.36632675693302,,106.07546872761502,,133.60438241822158,,33.80239925937989,,35.66617961582677,,62.56519773421998,,60.04590467721084,,70.31626426967699,,102.67377045028852,,129.3198687321933,,29.547837200733575,,31.428909447608454,,68.48512912430928,,65.77330292920155,
1887,240.66548619617717,,4.962081784386605,,352.0924200157414,,543.3073756642256,,1141.0273636605307,,74.3560336806388,,80.3,,85.1,,84.42764802907965,,82.35192603101683,,323.66638493634827,,6.179429370344465,,413.7396239902955,,643.518312244222,,1385.550306656795,,95.472729401053,,447.83464626317254,,530.4360084849499,,1045.5546342594778,,1269.6177061671667,,639353,543937,545750,1729040,1716287.5200001278,1590874.4644106177,1596177.018574016,4903339.002984761,329.8458143066927,,413.7396239902955,,530.4360084849499,,1269.6177061671667,,515.9056332052759,,760.6388680863694,,971.9395483004121,,734.2905347286163,,0.19218563933079705,,0.2600705670032717,,0.33231653025478836,,0.25892921239880107,,0.14311562900634825,,0.22132005251978418,,0.3403804022624023,,63.53231931533101,,107.04499913826268,,135.7007519056637,,36.338198759672444,,35.96281139231001,,59.351039120725915,,58.33419604374093,,67.11695617326974,,103.79249539948718,,131.57755879546778,,32.33232184638515,,31.922836956951848,,64.66455586691806,,63.59133643922799,
1888,229.48333657658088,,5.381412639405192,,384.81484474718854,,558.6785623324319,,1178.3581562956065,,74.51289613601368,,79.7,,85.2,,87.32856934577707,,83.90611539096122,,307.97801250093494,,6.752086122214795,,451.66061590045604,,639.7431751347565,,1404.3769644262961,,96.69541217787899,,461.98315015455285,,529.0171974824558,,1081.6627441177275,,1289.1345750875382,,644145,549843,553749,1747737,1730431.7640001336,1600470.57151265,1611840.0679913335,4942742.403504116,314.73009862314973,,451.66061590045604,,529.0171974824558,,1289.1345750875382,,488.60132209851776,,821.4356023454988,,955.3375220225332,,737.6021535777627,,0.1818795199965628,,0.2822048864501012,,0.32820700265983227,,0.2608136273040685,,0.13572609686328432,,0.24043856325548627,,0.34660917880559583,,58.91398603157326,,113.0830010997939,,134.80232721680449,,39.08335461609418,,36.77754420631702,,52.09800364210588,,58.0307516163007,,62.021100188253,,109.87027966927474,,130.97255332221968,,35.329762758936525,,32.97035340718411,,56.449387746117864,,62.97135701805146,
1889,256.5389728446355,,6.080297397769502,,394.65856926898175,,579.9326049515709,,1237.2104444629576,,78.070016740069,,89.5,,85.3,,88.18082194963354,,85.13293643845958,,328.6011500404461,,6.793628377396091,,462.6712418159223,,657.6629613214678,,1453.2688477829088,,98.88057363642189,,481.05203131514895,,545.5290852130099,,1138.3298708265359,,1337.120412438029,,648808,555672,561723,1766203,1744249.2240000002,1614196.101451265,1631773.9182386526,4990219.243689918,335.3947784178422,,462.6712418159223,,545.5290852130099,,1337.120412438029,,516.9399551451928,,832.6337152419454,,971.1709956918445,,757.0593031707166,,0.1922860413540549,,0.28662641509290687,,0.33431658584288293,,0.2679482297553969,,0.15056292795140436,,0.24449233207424959,,0.35540009462680583,,62.803360078130254,,110.19845596107427,,132.87471072686427,,35.75495729194838,,37.99261483437316,,56.991143415216705,,57.22849456813808,,66.00389216737771,,107.18073659664739,,129.23601557359726,,32.09431226443598,,34.399830510130315,,61.58186094183114,,61.83908977781802,
1890,249.99585098661984,,6.918959107806676,,375.7876996786328,,608.240876501393,,1240.9433862744522,,83.92237488243306,,95.7,,86.7,,92.77086675699618,,89.00809988100599,,297.88939044782666,,7.2298423279066615,,433.4344863652051,,655.6378071734717,,1394.1915263144103,,100.23662374299914,,508.0042527583939,,547.5902840156265,,1140.706762531453,,1281.576355473774,,652438,564463,571151,1788052,1755031.0680000011,1634605.6277947796,1653973.137159772,5043609.832954553,305.11923277573334,,433.4344863652051,,547.5902840156265,,1281.576355473774,,467.6601190852362,,767.8705005734744,,958.7487092128465,,716.7444545649533,,0.17385403503052582,,0.26516150378727416,,0.33107568177071905,,0.25409902786295124,,0.14638761374589315,,0.22989502378356666,,0.36774531752424566,,61.724278353016814,,104.35498730093859,,139.4191835137551,,38.908811104490184,,38.47478821863993,,59.148374169234984,,57.509855782548584,,64.72496108229058,,101.64757855287515,,135.80206154521446,,35.54753296542935,,35.12331795784394,,63.67585141108096,,61.83639221169828,
1891,247.96254674656586,,7.2684014869888305,,380.94990500349354,,623.364285056256,,1259.5451382933043,,88.17996719489865,,105,,87.1,,92.73303959065532,,90.11508267093926,,281.20054320105356,,6.922287130465553,,437.3707290510833,,672.2137954368015,,1397.707354819404,,101.45204012294323,,521.9122449333128,,562.8115364676406,,1158.093098170361,,1285.1268221094672,,656534,573783,581131,1811448,1767079.14,1656970.1652024635,1678189.714707952,5102239.019910416,288.12283033151914,,437.3707290510833,,562.8115364676406,,1285.1268221094672,,438.8543934229136,,762.2580819771295,,968.4761894781739,,709.4472610361805,,0.1630503262754373,,0.2639581196066022,,0.33536824325346565,,0.25187507231521883,,0.14443662564742557,,0.22990752217735053,,0.37145042636895037,,60.80769067208639,,103.8490650457102,,140.47719967299923,,39.87775239966058,,39.048991284250526,,58.553912493406926,,59.29748468257956,,63.634796584728406,,101.29091801664782,,137.01678016092845,,36.69522271546457,,35.96388634339949,,62.823792923142044,,63.44361838258635,
1892,240.5746278211404,,7.408178438661692,,360.33312083137866,,600.819077479819,,1209.1350045709999,,79.57800552160961,,123.5,,83.5,,86.10617899159577,,84.10709822490736,,302.31296480006876,,5.9985250515479285,,431.53667165434575,,697.7653456652174,,1437.61350717118,,102.66298142466202,,498.15609605515704,,578.5369898991553,,1106.4720231463377,,1315.5512988779687,,659329,582086,590099,1831514,1775636.9520000024,1668063.1604570695,1691025.7297419219,5134725.842198994,308.31148985161667,,431.53667165434575,,578.5369898991553,,1315.5512988779687,,467.61402858302404,,741.3623960279851,,980.4066604063985,,718.2862368936129,,0.17363430599050536,,0.258705234840208,,0.34212193210534386,,0.25620672637793096,,0.13965850732070242,,0.21601887109157367,,0.3552986018559953,,62.25714451457287,,102.46766375113748,,139.73666561391664,,38.749065681006336,,39.8593532039734,,60.75784519277846,,58.71468224523723,,64.81032792708092,,100.24633760214454,,136.70741035486105,,35.94975908495327,,37.07084754574288,,64.65106803631942,,62.47409117407651,
1893,227.74320109738295,,6.709293680297382,,342.56827331939866,,609.0489325293161,,1186.069700626395,,75.36182453580662,,151.3,,79.4,,88.68096733695836,,83.240740308487,,302.199691289554,,4.4344307206195515,,431.44618805969606,,686.7865234432226,,1424.8668335130922,,103.1597304610739,,505.8892020682422,,570.4597246284318,,1082.909970165321,,1300.9374570097502,,664522,592637,601365,1858524,1790665.968000003,1687209.6743672665,1712057.8799937759,5189933.522361046,306.63412201017354,,431.44618805969606,,570.4597246284318,,1300.9374570097502,,461.43562140933415,,728.01088703489,,948.6081242314265,,699.9842116699866,,0.17124026897805714,,0.2557158097267881,,0.3332011909728809,,0.2506655338463598,,0.13093033484047312,,0.20303835292306974,,0.35574085411851275,,60.55099950906055,,99.20514539667639,,144.3753609734354,,41.95436994414714,,40.14562051118281,,61.036148142260735,,59.091458146815185,,62.74942078322447,,97.30777102361911,,141.61407163792208,,39.53260468671425,,37.63631007254512,,64.4855186005582,,62.500746208307746,
1894,226.07922348653992,,7.757620817843848,,389.5581857236939,,606.0756598817126,,1229.47068990979,,76.17138648610249,,125,,81.5,,83.36385436890029,,81.52883431555274,,296.8033456077213,,6.206096654275078,,477.9855039554526,,727.0245173642248,,1508.0194635816738,,104.3231652192791,,501.7524946624335,,601.8825526493616,,1125.1475246905109,,1380.060851030558,,669365,603026,612487,1884878,1804768.2240000044,1705791.5349890438,1732554.0522147212,5243113.811203769,303.0094422619964,,477.9855039554526,,601.8825526493616,,1380.060851030558,,452.681933268092,,792.644933975405,,982.6862490948569,,732.1751598939337,,0.16789382605064954,,0.28021331689779,,0.3473961183952536,,0.263213979464182,,0.12956613552632185,,0.2283738532716989,,0.349816306802646,,58.522614197304414,,108.22063387574099,,137.23549133984687,,39.80676689056277,,39.85809821379313,,54.07713122850502,,59.13845987592963,,60.37697099580053,,106.42072065492283,,134.95300632398855,,37.629118276152965,,37.63424758005745,,56.73422489928196,,62.162306712183714,
1895,230.5685436057125,,7.617843866170986,,355.161070704356,,616.0750417661914,,1209.422499942431,,73.11041463779652,,143.7,,77.4,,83.56892215861066,,79.7381885637075,,315.3703131735673,,5.301213546395955,,458.86443243456847,,737.2059203981405,,1516.7418795526721,,104.9763526802784,,511.09868908591295,,611.5894232976548,,1104.4461472621526,,1385.0905910406357,,674315,613664,623883,1911862,1819174.98,1730874.9527357079,1759698.2357407503,5309748.168476458,320.67152671996325,,458.86443243456847,,611.5894232976548,,1385.0905910406357,,475.5515252070075,,747.7453988413341,,980.2950606085674,,724.472054489621,,0.1762730524800661,,0.2651054784225269,,0.34755358099237077,,0.26085805712289817,,0.13093099349458043,,0.20519164029903583,,0.3501026649076867,,61.145727113253,,100.18592371949515,,141.81220569918798,,40.34014764053723,,39.940081073684034,,61.03225367712478,,58.145061754599126,,62.946537015682615,,98.64817211462251,,139.63553318065112,,38.374845599440576,,37.95951099481623,,63.80912658223712,,60.790464527742856,
1896,244.51771284165739,,6.359851301115226,,392.3095597739647,,636.3874441593027,,1279.5745680760401,,73.3337191001133,,128.1,,83,,82.6289196001637,,80.92255300410496,,333.43149078236183,,4.964755114063409,,472.662120209596,,770.1751968181876,,1581.2335629242086,,106.92690195467186,,529.4605422046309,,640.7690488592349,,1172.6476661213683,,1449.0987031290072,,680268,625378,636394,1942040,1836305.4120000058,1755406.5372358123,1786327.9294405105,5378039.878676329,338.3962458964252,,472.662120209596,,640.7690488592349,,1449.0987031290072,,497.44548603848074,,755.802283114526,,1006.8747487550714,,746.1734583886054,,0.18428102628519843,,0.26926077246692004,,0.35870740097532255,,0.2694473703838855,,0.13662082707120607,,0.22348644114754362,,0.3562545452438979,,61.07625637756778,,103.89075899722882,,137.783797688815,,38.44014091271218,,39.22980567907972,,58.78892113897919,,57.79350698570546,,62.65754646294946,,102.49617404777591,,135.93424713792905,,36.68491025302614,,37.461518885707086,,61.131595442521856,,60.11659030961399,
1897,235.87006779471824,,7.757620817843848,,405.5270531540063,,639.0172858670562,,1288.1720276336246,,73.06089301928854,,172.9,,83.8,,78.82727729719717,,79.42341165306132,,322.84038429758454,,4.486767390308761,,483.9224977971436,,810.6550267590904,,1621.904676244127,,106.08675580466074,,532.9305300623955,,676.0737505281623,,1182.0852718289639,,1488.3335369583071,,686350,637385,649228,1972963,1853803.6320000063,1783296.5365351618,1816431.2681058543,5453531.436641023,327.3271516878933,,483.9224977971436,,676.0737505281623,,1488.3335369583071,,476.9099609352274,,759.2310735225077,,1041.350266051622,,754.3646469590698,,0.1765705633744773,,0.2713640092283115,,0.37219891685368384,,0.2729118836573558,,0.1314204397958377,,0.22740303973332504,,0.351798219446758,,59.24492327665754,,106.1911019577581,,137.0072322631194,,39.15897998046089,,38.98558087294727,,55.79085458612592,,58.42578625461139,,60.63060905368339,,104.91202754388542,,135.35697680788383,,37.576076158747206,,37.44422816887665,,57.79185711411515,,60.48813751817428,
1898,256.4926378833635,,7.967286245353141,,418.51796318608,,678.6738119095619,,1361.6516992243585,,76.5215402287293,,154.4,,86.7,,82.39033299126993,,82.68471067849488,,335.1901139426696,,5.160159485332345,,482.71968072212223,,823.7299052808465,,1646.7998594309706,,108.05166301719774,,570.6221488923642,,692.5838604789075,,1253.6000362071607,,1516.1207264563898,,691972,649141,661828,2002941,1870078.4760000075,1808714.5663199306,1844064.6084570026,5522857.65077694,340.35027342800197,,482.71968072212223,,692.5838604789075,,1516.1207264563898,,491.8555569127103,,743.6283961760577,,1046.4710778010412,,756.9472722643302,,0.18199785613061117,,0.2668854941021896,,0.3755746177778544,,0.27451743686406727,,0.14141648466773518,,0.23138972338659838,,0.3680314717809337,,61.06333335874709,,103.01114712085008,,137.7566739937043,,38.40299297112551,,38.518201153892335,,59.27837429779237,,57.65433422092774,,62.30241637964622,,101.94100727559751,,136.32557736085946,,37.04264414116854,,37.19438605734557,,61.11614750991387,,59.388774933513574,
1899,256.0239996173369,,7.967286245353141,,437.06502035698423,,692.7676840296938,,1393.823990249368,,76.91662075441701,,150.2,,84.6,,84.91626481448088,,83.43186955128613,,332.85913643396054,,5.304451561486779,,516.6253195709035,,815.8244896230472,,1670.613397189398,,110.33157215834635,,582.4361118713474,,685.8946435571714,,1283.4924180910218,,1538.3718775498019,,697638,661112,674672,2033422,1886490.648,1829991.819274123,1867526.5926095902,5584009.059883713,338.1635879954473,,516.6253195709035,,685.8946435571714,,1538.3718775498019,,484.7264455139303,,781.4490125287447,,1016.6342216027513,,756.5433429705205,,0.1792553747106873,,0.2823101798213644,,0.36727436507275424,,0.2754959494248812,,0.13993776547080453,,0.2388344121288742,,0.3709546556237543,,59.95061925384609,,104.73822754673566,,136.76967592416432,,38.58564285990049,,37.775257397402804,,57.23852757303468,,58.110139633942005,,60.881836089929976,,103.90817291489876,,135.68577078604244,,37.54266469200079,,36.62872006658267,,58.59196094208341,,59.61448032169138,
1900,265.34099201862443,,10.343494423791798,,464.9506401954786,,725.980604595386,,1466.615731233281,,77.70366212086765,,202.7,,93.2,,89.70664960429693,,88.6312972598461,,341.4781038323366,,5.102858620518894,,498.87407746295986,,809.2829325337012,,1654.7379724495163,,112.70148169374201,,613.279122901644,,683.6495684621668,,1353.914249539539,,1527.5803146265378,,698855,673888,688525,2061268,1890993.972000001,1859708.7735176624,1900102.0693145576,5650804.814832222,346.5809624528555,,498.87407746295986,,683.6495684621668,,1527.5803146265378,,495.9268552888016,,740.2922703223085,,992.9190203146825,,741.0876774036844,,0.1832797817363192,,0.2682538710183817,,0.35979623384589354,,0.2703296901384645,,0.14578813604087792,,0.25001260778913176,,0.3820745297421186,,60.057680215530866,,105.04186625991537,,135.6068940456967,,38.00324904526258,,36.61910618474912,,57.174993508706585,,59.647710779507065,,60.84730265342772,,104.3472618996413,,134.71017406878488,,37.12563504178517,,35.669405281178896,,58.312313658933576,,60.92263228873378,
1901,284.6675948693038,,9.784386617100349,,473.10457370546453,,733.2353342800365,,1500.791889471905,,79.5856422306001,,226.3,,89.3,,86.66226260923001,,86.35728289805151,,357.68712407255185,,4.323635270481815,,529.7923557731965,,846.0837649557776,,1737.8868800720081,,115.81263404565487,,617.4227002343816,,712.4470117038263,,1384.9792554262501,,1603.7781747502152,,701040,687858,703633,2092531,1898123.2440000018,1898790.4680513905,1942336.402871529,5739250.114922922,362.01075934303367,,529.7923557731965,,712.4470117038263,,1603.7781747502152,,516.3910181202695,,770.2059956752652,,1012.5264331033741,,766.4298281603546,,0.19072036575462395,,0.2790157021995635,,0.36679898016149637,,0.2794403698455567,,0.15512795726893477,,0.2491610220642102,,0.37750172070915694,,63.46003607663366,,103.91709226023183,,132.57603475234708,,34.72542213026454,,35.93179562647115,,61.06794820405044,,59.469911982188044,,64.28386151599665,,103.25045800604616,,131.7255516977529,,33.85658029921167,,35.168974521880635,,62.26012238341093,,60.488954616795546,
1902,289.61108362892736,,14.956133828996245,,479.0353350402198,,748.9922122276873,,1532.5947647258308,,81.88590777855535,,226,,87,,83.05273902353869,,84.54591356153128,,353.6763424692374,,6.617758331414268,,550.6153276324366,,901.8272257287132,,1812.7366541618012,,118.97374978533472,,630.0184624423526,,758.5763815252302,,1413.621014940496,,1672.0157786356917,,702996,701884,718831,2123711,1904640.4560000026,1927208.1200572501,1973740.5898252036,5805589.165882456,360.2941008006517,,550.6153276324366,,758.5763815252302,,1672.0157786356917,,512.5123056185976,,784.4819480604153,,1055.2916909888836,,787.3085267419586,,0.18916646428760472,,0.2857062098804772,,0.38433438793109603,,0.28800105051552394,,0.15990798499447773,,0.24856440259601514,,0.37947854752990556,,65.08677084865023,,102.53322811182817,,131.67062655956667,,33.37822391719248,,35.08489328798801,,63.47871031395125,,59.90597599796045,,65.67248614800143,,102.08272142843138,,131.09209705879414,,32.77950223172831,,34.480750600773355,,64.33261694932712,,60.72101597913502,
1903,277.88063080613705,,13.13903345724904,,506.3566533899132,,764.3839222573324,,1561.7602399106318,,83.92764324829729,,178.4,,91.1,,83.21582625260282,,86.14985319372737,,331.095477069499,,7.364929067964708,,555.8250860482033,,918.5559486449538,,1812.8414408306205,,122.6214226180958,,641.7624996392366,,771.2024605646014,,1439.138817292536,,1670.5064070815165,,704706,715939,734096,2154741,1910498.3160000034,1959512.9822683653,2009208.3853949544,5879219.683663323,338.4604061374637,,555.8250860482033,,771.2024605646014,,1670.5064070815165,,480.28597193363424,,776.3581618660295,,1050.5471499158168,,775.2701633660456,,0.17715818082797152,,0.2836547096538094,,0.38383398465311724,,0.2841374360824411,,0.15232657460420684,,0.25840944049462033,,0.3804403404911511,,61.83106887140395,,105.89437418562002,,130.89222992609928,,34.96644017973565,,34.29402836930939,,58.38938031119725,,60.41975329577724,,62.22897923376771,,105.56631860285502,,130.48673221105966,,34.540490344677224,,33.84059146907987,,58.9477591502227,,61.04074905541743,
1904,293.36566080956106,,12.44014869888473,,532.0416281425134,,804.3066192307018,,1642.154056881661,,85.4872587144318,,102.7,,92.1,,88.86435084805873,,89.34194463612043,,343.16887126950957,,12.11309513036488,,577.6782064522405,,905.0948007327644,,1838.0549735848795,,126.54376785130502,,677.7628513793968,,762.6937516690392,,1515.610289030356,,1696.415155505361,,705558,729385,748769,2183712,1914035.34,1989776.1770512434,2042656.0983766906,5946467.615427934,355.2819663998744,,577.6782064522405,,762.6937516690392,,1696.415155505361,,503.5474991423447,,792.0072478214394,,1018.5968592036252,,776.8493077408382,,0.18561933469832087,,0.29032320977343945,,0.3733833376431578,,0.28528115601000875,,0.15977020022443567,,0.2673876762013377,,0.39375527768472063,,62.4483297048925,,105.0985203731043,,130.41805564565146,,34.3511311674848,,34.497980305099446,,59.41884765189675,,60.201903065096346,,62.68552862311789,,104.90903689450602,,130.1829232501807,,34.10154508646439,,34.22591481382422,,59.75226775378077,,60.573964886840734,
1905,301.16074014758107,,14.536802973977661,,555.849445021171,,839.4216561086575,,1710.9686442513873,,85.1587739298028,,105.7,,90.6,,88.38464742618773,,88.62108630059346,,353.646167329547,,13.752888338673284,,613.5203587430144,,949.7369515556194,,1930.656365966854,,130.58727651074165,,708.8343795979159,,801.9881283000892,,1580.3813677406456,,1783.3017329308707,,706600,743281,763939,2213820,1918091.8680000051,2023307.0515775357,2079540.8004174607,6020939.719995001,367.3990556682203,,613.5203587430144,,801.9881283000892,,1783.3017329308707,,519.9533762641103,,825.4218239710344,,1049.8065006500378,,805.5314943992153,,0.19154403488051247,,0.303226521285864,,0.38565635650865465,,0.296183289629804,,0.16458937571678287,,0.2747232282849928,,0.4036572189110916,,62.58611225572835,,104.75736135323473,,129.97699656138607,,34.04892445186949,,34.868387444532885,,59.743879997790536,,59.557823311748095,,62.70528936690094,,104.66410392771843,,129.86128803342137,,33.92483938331776,,34.789364625205415,,59.910979040345616,,59.657620607834,
1906,310.26716562085994,,16.63345724907059,,583.3834522756301,,912.643243722156,,1822.9273188677166,,88.7875126610595,,142.4,,93.1,,92.84497362376317,,92.50031420811791,,349.44910193090385,,11.680798629965302,,626.6202494904728,,982.975392314151,,1970.7255423654929,,135.18107762280738,,777.4621660993486,,837.3766890708248,,1687.7462412449092,,1824.5843332462875,,707325,757102,779068,2243495,1921291.764000006,2054700.0414623576,2114313.5956608173,6090305.401123181,361.12990056086915,,626.6202494904728,,837.3766890708248,,1824.5843332462875,,510.55724109973374,,827.656312478996,,1074.8441587522846,,813.2776463715263,,0.1879620301962987,,0.3049692105152725,,0.3960513193451359,,0.29958831504735306,,0.17014626773257197,,0.28392633498971864,,0.4316498960207056,,61.43483502245818,,102.42775859332637,,132.65445947107978,,35.745181809214806,,34.62766409688087,,59.978697050645934,,60.217338063357815,,61.39801754725192,,102.45604755330446,,132.69109657752855,,35.78319702293341,,34.777784050548576,,59.92620154052748,,60.00305874392059,
1907,307.6719463013057,,13.418587360594763,,580.3654968549488,,910.1496319831772,,1811.6056625000265,,90.71542404384195,,125.1,,96,,92.80362598780128,,93.61520764448304,,339.16166908133573,,10.7262888573899,,604.5473925572384,,980.726369573979,,1935.161720069943,,140.04803606999104,,770.1015959131862,,829.8184340495633,,1671.5576264300355,,1785.5620560903005,,707146,770194,793479,2270819,1922037.876000007,2075775.7979589703,2138531.985952482,6136345.659911459,349.8879579387256,,604.5473925572384,,829.8184340495633,,1785.5620560903005,,494.78885256895404,,784.9287225779977,,1045.7976002510002,,786.3075199257627,,0.1820400952071167,,0.2912392528863986,,0.38803180850249,,0.2909813356433484,,0.16705733933304615,,0.27958968277094265,,0.4255955197124653,,61.68500138364653,,102.36762332001081,,131.8480624392422,,35.23025961435969,,34.12477364130552,,60.25831154721002,,61.64546700625063,,61.327325062795325,,102.6383362021235,,132.1967368328278,,35.59675128863433,,34.5208812289617,,59.75089555429341,,61.0663010949843,
1908,305.50519820780875,,11.391821561338263,,569.3404705040631,,891.9313999047815,,1778.1688901779917,,91.90199687899775,,98.8,,89.5,,89.74173956315539,,90.08054194949366,,332.4249837683619,,11.530183766536704,,636.1346039151542,,993.8869073036949,,1973.976678753748,,143.2815764737998,,748.6498234309818,,834.2270019226921,,1634.887313704192,,1814.917271058205,,707149,783715,808366,2299230,1923279.1560000076,2096552.0639297324,2162497.0884959735,6182328.308425713,343.95516753489864,,636.1346039151542,,834.2270019226921,,1814.917271058205,,486.39702175199096,,811.6912447958176,,1031.9916992088881,,789.358729252056,,0.17883788032635303,,0.30341941650750004,,0.3857702312574676,,0.29356533340112456,,0.16476912297444238,,0.2715603777742125,,0.4124543818577457,,63.02339827051839,,102.16649406902528,,130.24626596998766,,33.76282344147556,,33.24413905713694,,61.686954069245836,,63.81382978230893,,62.307463320599425,,102.69058894074104,,130.9144047827855,,34.48258747139299,,33.91443993615839,,60.674949830655635,,62.79940386027397,
1909,334.4625936874943,,13.628252788104056,,589.7737153396084,,942.4636763676215,,1880.3282381828283,,94.14083342689199,,105,,90.7,,88.92982251308352,,90.47484095670893,,355.2789809824997,,12.97928836962291,,650.2466541781791,,1059.7836020969955,,2078.288525627297,,146.7574479436466,,795.7062284239748,,894.7574682350333,,1733.5707902391816,,1916.080505815615,,706414,796640,822672,2325726,1922512.7639999997,2119496.484371112,2188755.789052209,6230765.037423321,368.2582693521226,,650.2466541781791,,894.7574682350333,,1916.080505815615,,521.3065841731939,,816.2365110692147,,1087.6235829529062,,823.8633896751445,,0.19155049383699316,,0.30679298549113543,,0.40879730516783136,,0.3075193004883383,,0.1810603565259858,,0.27826123784045975,,0.43059334489561035,,66.1074298255681,,99.32081432006059,,129.76064889441727,,31.83667888960807,,32.26350579937455,,66.5594923663608,,66.15943287726336,,65.07634677842393,,100.01209075328626,,130.66378766905237,,32.81703097853002,,33.220191596202795,,65.06847950909936,,64.66434303354069,
1910,368.2032715458414,,14.536802973977661,,622.2227151907879,,995.5277998278442,,2000.4905895384513,,98.23845964613784,,112.7,,90.8,,91.69920319941343,,92.67466031962344,,374.8056238586564,,12.898671671674943,,685.2673074788413,,1085.644983918696,,2158.616586927869,,151.33117358436564,,844.1966262434786,,920.6150073165288,,1849.1594159540857,,1995.3236511216373,,702434,806054,833381,2341869,1912907.628000001,2132608.7866349854,2204908.9058731184,6250425.320508105,387.70429553033136,,685.2673074788413,,920.6150073165288,,1995.3236511216373,,551.9440908759134,,850.1506195352189,,1104.6748213800515,,852.0218898331365,,0.2026780017264541,,0.32132818347809367,,0.41752972418240375,,0.3192300601648393,,0.20008288373024297,,0.29176599059810904,,0.45150518335524015,,69.00596871616712,,97.76197544414096,,128.28865790817915,,29.645751531026587,,32.13406155599316,,70.58569387808208,,67.25546710255068,,67.63089822748101,,98.62110965466006,,129.41606121943357,,30.892632919301217,,33.33479157663322,,68.57649286679396,,65.36985183438226,
1911,400.96669181692056,,14.676579925650524,,676.8234420551889,,1109.4762335972223,,2201.942947394982,,103.88020258901147,,108.2,,94.7,,99.20227578229917,,98.6244389496827,,385.989516600476,,13.564306770471832,,714.7026843243812,,1118.3979650144156,,2232.6544727097444,,156.51333181805748,,952.9629017791648,,960.6260484088649,,2045.4296155769248,,2073.9581764520703,,701865,819536,848324,2369725,1912584.3720000016,2156754.1680440186,2232514.889952087,6301853.429996107,399.55382337094784,,714.7026843243812,,960.6260484088649,,2073.9581764520703,,569.2744664158319,,872.082110272619,,1132.3810812954307,,875.189389676891,,0.20890781563436694,,0.3313788353415132,,0.43028875316011056,,0.32910289004505644,,0.21732022797401104,,0.313815757068413,,0.49696252356060805,,68.60891941735619,,95.67991196505652,,130.14504887394762,,30.842015520402835,,32.75052634790128,,71.7067125254181,,66.77713336764096,,66.95513811064461,,96.6848670816084,,131.5120017700533,,32.311955323155416,,34.16385660646678,,69.25089740686107,,64.59283293185347,
1912,383.2668278030761,,16.074349442379145,,721.7629736288677,,1188.8619080877568,,2309.96605896208,,103.08232993458935,,103.9,,95.2,,103.04354436344234,,100.4691703682703,,371.8065240146174,,15.470981176495807,,758.1543840639367,,1153.7471031611174,,2299.1789924161676,,162.4118194770502,,1026.4500886107066,,996.1323583652558,,2147.5542394850295,,2137.525602742769,,702844,835082,865441,2403367,1916480.916000002,2191849.673646889,2271533.3026105673,6379863.8922574585,387.2775051911132,,758.1543840639367,,996.1323583652558,,2137.525602742769,,551.0148840868147,,907.8801651381981,,1151.011285997839,,889.3879306584341,,0.2020774128027439,,0.34589707185643276,,0.4385286173090429,,0.33504250856148354,,0.2083721126109324,,0.329294012407324,,0.5233741925427433,,63.58594125809712,,96.72559918026165,,132.73220922944802,,34.583038397452746,,,blank,65.73848267364654,,,blank,61.90231161373001,,97.8252814791694,,134.24125401409205,,36.16975119078649,,,blank,63.27843955850133,,,blank
1913,364.8549993526096,,18.8,,782.252692727084,,1248.4818529960794,,2414.3895450757727,,100,,100,,100,,100,,100,,364.8549993526096,,18.8,,782.252692727084,,1248.4818529960794,,2414.3895450757727,,169,,1079.4818529960794,,1079.4818529960794,,2245.3895450757727,,2245.3895450757727,,704363,851575,883580,2439518,1921855.0560000034,2225346.2691381723,2308982.128978782,6456183.454116957,383.6549993526096,,782.252692727084,,1079.4818529960794,,2245.3895450757727,,544.683635217366,,918.5951827227008,,1221.7137701125866,,920.4234381856468,,0.1996274371237541,,0.3515195381391289,,0.46751416541864416,,0.3477889934561789,,0.1996274371237541,,0.3515195381391289,,0.540706589854924,,59.177505984751434,,99.80136800225884,,132.73388306156656,,36.84514740101617,,,blank,59.29528539469724,,,blank,57.3990094223344,,101.07264598740674,,134.42465811602818,,38.627912620560785,,,blank,56.789855318011654,,,blank
